0.0769231,0.115385,0.0769231,0.0769231,0.115385,0,0,0,0.307692,0.230769,0.192308,0.269231,0.269231,0.769231,0.0384615,1.07692,0.230769,0.538462,0.0384615,0.115385,0.153846,0.153846,0.192308,0.230769,0.115385,0.0384615,0.0769231,0.153846,0.0769231,0.0769231,0.0769231,0.269231,0.0384615,0.153846,0.0384615,0.0384615,0.0769231,0.115385,0,0.153846,0.192308,0.0384615,0.384615,0.192308,0.423077,0.192308,0.153846,0.192308,0,0.0769231,0.115385,1.03846,1.07692,0.0769231,0.384615,0.230769,0.153846,0.0769231,0.576923,0.0769231,0.730769,0.0769231,0.269231,0.230769,0.0384615,0.192308,0.230769,0.230769,0.153846,0.230769,0.0384615,0.230769,0.0769231,0.807692,0.0384615,
0.148148,0.111111,0.0740741,0.0740741,0.111111,0,0.037037,0,0.333333,0.222222,0.185185,0.259259,0.333333,0.740741,0.037037,1.03704,0.222222,0.518519,0.037037,0.148148,0.148148,0.148148,0.185185,0.222222,0.185185,0.0740741,0.0740741,0.148148,0.0740741,0.0740741,0.0740741,0.296296,0.037037,0.185185,0.037037,0.0740741,0.0740741,0.111111,0,0.185185,0.185185,0.037037,0.407407,0.185185,0.407407,0.185185,0.148148,0.185185,0,0.0740741,0.111111,1,1.18519,0.0740741,0.407407,0.222222,0.148148,0.0740741,0.555556,0.111111,0.777778,0.111111,0.37037,0.259259,0.0740741,0.296296,0.222222,0.259259,0.148148,0.222222,0.037037,0.259259,0.111111,0.777778,0.0740741,
0.214286,0.107143,0.0714286,0.0714286,0.107143,0,0.0357143,0,0.321429,0.214286,0.178571,0.25,0.321429,0.75,0.0357143,1,0.214286,0.535714,0.0357143,0.178571,0.142857,0.142857,0.178571,0.214286,0.178571,0.107143,0.0714286,0.142857,0.0714286,0.0714286,0.0714286,0.321429,0.0357143,0.285714,0.0357143,0.0714286,0.0714286,0.107143,0,0.214286,0.178571,0.0357143,0.464286,0.178571,0.392857,0.178571,0.142857,0.178571,0.0357143,0.0714286,0.107143,0.964286,1.17857,0.0714286,0.392857,0.214286,0.142857,0.0714286,0.535714,0.142857,0.75,0.142857,0.357143,0.285714,0.107143,0.321429,0.214286,0.25,0.142857,0.214286,0.0714286,0.25,0.107143,0.75,0.0714286,
0.206897,0.103448,0.0689655,0.0689655,0.103448,0,0.0344828,0,0.310345,0.206897,0.172414,0.241379,0.37931,0.758621,0.0689655,1,0.206897,0.517241,0.0344828,0.206897,0.137931,0.137931,0.172414,0.206897,0.172414,0.172414,0.0689655,0.137931,0.0689655,0.0689655,0.0689655,0.344828,0.0689655,0.310345,0.0344828,0.0689655,0.0689655,0.103448,0,0.206897,0.172414,0.0344828,0.551724,0.172414,0.37931,0.172414,0.137931,0.172414,0.0344828,0.0689655,0.103448,0.931034,1.13793,0.0689655,0.37931,0.206897,0.137931,0.0689655,0.517241,0.172414,0.724138,0.172414,0.344828,0.344828,0.206897,0.37931,0.206897,0.241379,0.137931,0.206897,0.0689655,0.275862,0.103448,0.724138,0.0689655,
0.2,0.1,0.0666667,0.0666667,0.1,0,0.0333333,0,0.3,0.2,0.166667,0.233333,0.4,0.733333,0.0666667,1,0.233333,0.5,0.0333333,0.233333,0.133333,0.133333,0.166667,0.2,0.2,0.166667,0.0666667,0.133333,0.0666667,0.0666667,0.0666667,0.333333,0.0666667,0.3,0.0333333,0.0666667,0.0666667,0.1,0,0.266667,0.166667,0.0333333,0.6,0.166667,0.366667,0.166667,0.133333,0.166667,0.0333333,0.0666667,0.1,0.9,1.1,0.0666667,0.366667,0.2,0.133333,0.0666667,0.5,0.166667,0.7,0.266667,0.333333,0.333333,0.233333,0.4,0.2,0.266667,0.133333,0.2,0.0666667,0.266667,0.1,0.7,0.1,
0.290323,0.0967742,0.0645161,0.0967742,0.0967742,0,0.0322581,0,0.290323,0.193548,0.16129,0.225806,0.451613,0.741935,0.0645161,0.967742,0.225806,0.516129,0.0322581,0.290323,0.129032,0.129032,0.16129,0.193548,0.258065,0.16129,0.0645161,0.129032,0.0645161,0.0645161,0.0645161,0.322581,0.0645161,0.322581,0.0322581,0.0645161,0.0645161,0.0967742,0,0.322581,0.193548,0.0322581,0.645161,0.16129,0.387097,0.16129,0.129032,0.16129,0.0322581,0.0645161,0.0967742,0.870968,1.06452,0.0645161,0.387097,0.193548,0.129032,0.0645161,0.483871,0.225806,0.677419,0.290323,0.322581,0.322581,0.258065,0.419355,0.193548,0.258065,0.129032,0.193548,0.0645161,0.290323,0.0967742,0.677419,0.0967742,
0.28125,0.09375,0.0625,0.125,0.09375,0,0.03125,0,0.28125,0.21875,0.15625,0.21875,0.4375,0.75,0.09375,0.96875,0.21875,0.53125,0.03125,0.28125,0.125,0.125,0.15625,0.1875,0.25,0.15625,0.0625,0.125,0.0625,0.0625,0.0625,0.3125,0.0625,0.375,0.03125,0.0625,0.0625,0.09375,0,0.34375,0.21875,0.03125,0.6875,0.15625,0.40625,0.15625,0.125,0.1875,0.09375,0.0625,0.09375,0.84375,1.0625,0.0625,0.40625,0.1875,0.125,0.0625,0.46875,0.21875,0.65625,0.28125,0.3125,0.3125,0.28125,0.5,0.1875,0.25,0.125,0.1875,0.0625,0.3125,0.09375,0.65625,0.125,
0.272727,0.0909091,0.0606061,0.181818,0.121212,0,0.030303,0,0.272727,0.212121,0.151515,0.212121,0.454545,0.727273,0.121212,0.969697,0.212121,0.545455,0.030303,0.333333,0.121212,0.121212,0.151515,0.181818,0.242424,0.212121,0.0606061,0.121212,0.0606061,0.0606061,0.0606061,0.30303,0.0606061,0.363636,0.030303,0.0606061,0.0606061,0.0909091,0,0.333333,0.272727,0.030303,0.727273,0.151515,0.393939,0.151515,0.121212,0.181818,0.0909091,0.0606061,0.0909091,0.818182,1.0303,0.0606061,0.424242,0.181818,0.121212,0.0606061,0.454545,0.212121,0.636364,0.272727,0.30303,0.30303,0.272727,0.515152,0.181818,0.242424,0.121212,0.181818,0.0606061,0.30303,0.0909091,0.636364,0.151515,
0.264706,0.0882353,0.0588235,0.205882,0.147059,0,0.0294118,0,0.264706,0.205882,0.147059,0.205882,0.441176,0.735294,0.117647,0.970588,0.205882,0.588235,0.0294118,0.352941,0.117647,0.117647,0.147059,0.176471,0.235294,0.205882,0.0588235,0.117647,0.0588235,0.0588235,0.0588235,0.294118,0.0588235,0.352941,0.0294118,0.0588235,0.0588235,0.0882353,0,0.323529,0.264706,0.0294118,0.735294,0.147059,0.382353,0.147059,0.117647,0.176471,0.0882353,0.0588235,0.0882353,0.794118,1,0.0588235,0.411765,0.176471,0.117647,0.0588235,0.441176,0.205882,0.617647,0.264706,0.294118,0.294118,0.294118,0.5,0.176471,0.235294,0.117647,0.176471,0.0588235,0.294118,0.0882353,0.617647,0.176471,
0.257143,0.0857143,0.0571429,0.228571,0.142857,0,0.0285714,0,0.257143,0.2,0.142857,0.2,0.428571,0.742857,0.142857,0.971429,0.2,0.628571,0.0285714,0.371429,0.114286,0.114286,0.142857,0.171429,0.228571,0.2,0.0571429,0.114286,0.0571429,0.0571429,0.0571429,0.285714,0.0571429,0.428571,0.0285714,0.0571429,0.0571429,0.0857143,0,0.314286,0.257143,0.0285714,0.714286,0.142857,0.371429,0.142857,0.114286,0.171429,0.0857143,0.0571429,0.0857143,0.771429,0.971429,0.0571429,0.428571,0.171429,0.114286,0.0571429,0.428571,0.2,0.6,0.257143,0.285714,0.285714,0.285714,0.485714,0.171429,0.228571,0.114286,0.171429,0.0571429,0.285714,0.0857143,0.6,0.2,
0.25,0.0833333,0.0555556,0.222222,0.138889,0,0.0277778,0,0.25,0.194444,0.138889,0.194444,0.416667,0.777778,0.166667,0.972222,0.194444,0.611111,0.0277778,0.388889,0.111111,0.111111,0.138889,0.166667,0.25,0.222222,0.0555556,0.111111,0.0555556,0.0555556,0.0555556,0.277778,0.0555556,0.472222,0.0277778,0.0555556,0.0555556,0.0833333,0,0.361111,0.25,0.0277778,0.722222,0.138889,0.361111,0.138889,0.111111,0.166667,0.0833333,0.0555556,0.0833333,0.75,0.944444,0.0555556,0.416667,0.166667,0.111111,0.0555556,0.416667,0.194444,0.583333,0.25,0.277778,0.277778,0.277778,0.472222,0.166667,0.222222,0.111111,0.166667,0.0555556,0.277778,0.0833333,0.583333,0.222222,
0.243243,0.0810811,0.0540541,0.243243,0.135135,0,0.027027,0,0.243243,0.189189,0.135135,0.189189,0.405405,0.756757,0.162162,0.945946,0.189189,0.621622,0.027027,0.378378,0.108108,0.108108,0.135135,0.162162,0.243243,0.216216,0.0540541,0.108108,0.0540541,0.0540541,0.0540541,0.27027,0.0540541,0.513514,0.027027,0.0540541,0.0540541,0.0810811,0,0.378378,0.243243,0.027027,0.702703,0.135135,0.351351,0.135135,0.108108,0.162162,0.0810811,0.0540541,0.0810811,0.72973,0.918919,0.0540541,0.405405,0.162162,0.108108,0.0540541,0.405405,0.189189,0.567568,0.243243,0.27027,0.27027,0.297297,0.459459,0.162162,0.216216,0.108108,0.162162,0.0540541,0.27027,0.0810811,0.567568,0.243243,
0.236842,0.0789474,0.0526316,0.236842,0.131579,0,0.0263158,0,0.236842,0.184211,0.131579,0.184211,0.394737,0.736842,0.157895,0.921053,0.184211,0.631579,0.0263158,0.368421,0.105263,0.105263,0.131579,0.157895,0.236842,0.210526,0.0526316,0.105263,0.0526316,0.0526316,0.0526316,0.263158,0.0526316,0.526316,0.0263158,0.0526316,0.0526316,0.0789474,0,0.368421,0.236842,0.0526316,0.684211,0.131579,0.342105,0.131579,0.105263,0.157895,0.0789474,0.0526316,0.0789474,0.710526,0.894737,0.0526316,0.394737,0.157895,0.105263,0.0526316,0.394737,0.184211,0.552632,0.236842,0.263158,0.263158,0.315789,0.447368,0.157895,0.210526,0.105263,0.157895,0.0526316,0.263158,0.0789474,0.552632,0.236842,
0.230769,0.0769231,0.0512821,0.230769,0.128205,0,0.025641,0,0.230769,0.179487,0.128205,0.179487,0.384615,0.717949,0.179487,0.897436,0.179487,0.615385,0.025641,0.410256,0.102564,0.102564,0.128205,0.153846,0.230769,0.205128,0.0512821,0.102564,0.0512821,0.0512821,0.0512821,0.25641,0.0512821,0.538462,0.025641,0.0512821,0.0512821,0.0769231,0,0.384615,0.230769,0.0512821,0.717949,0.128205,0.333333,0.128205,0.102564,0.153846,0.0769231,0.0512821,0.0769231,0.692308,0.871795,0.0512821,0.384615,0.179487,0.102564,0.0512821,0.384615,0.179487,0.538462,0.230769,0.25641,0.25641,0.307692,0.435897,0.153846,0.205128,0.102564,0.153846,0.0512821,0.25641,0.0769231,0.538462,0.230769,
0.225,0.075,0.05,0.225,0.125,0.025,0.025,0,0.225,0.175,0.125,0.175,0.375,0.7,0.175,0.875,0.175,0.6,0.025,0.4,0.1,0.1,0.125,0.15,0.225,0.2,0.05,0.1,0.05,0.05,0.05,0.25,0.05,0.525,0.025,0.05,0.05,0.075,0,0.4,0.225,0.05,0.75,0.125,0.325,0.125,0.1,0.15,0.075,0.05,0.075,0.675,0.85,0.05,0.375,0.175,0.1,0.05,0.375,0.175,0.525,0.225,0.25,0.25,0.325,0.425,0.15,0.2,0.1,0.15,0.05,0.25,0.075,0.525,0.225,
0.219512,0.0731707,0.0487805,0.219512,0.121951,0.0243902,0.0243902,0,0.219512,0.170732,0.121951,0.170732,0.365854,0.682927,0.170732,0.853659,0.170732,0.585366,0.0243902,0.414634,0.097561,0.097561,0.121951,0.146341,0.219512,0.195122,0.0487805,0.097561,0.0731707,0.0487805,0.0487805,0.243902,0.0487805,0.536585,0.0487805,0.0487805,0.0487805,0.0731707,0,0.390244,0.219512,0.0487805,0.731707,0.121951,0.317073,0.121951,0.097561,0.146341,0.0731707,0.0487805,0.0731707,0.658537,0.829268,0.0487805,0.365854,0.170732,0.097561,0.0487805,0.365854,0.170732,0.512195,0.219512,0.243902,0.243902,0.317073,0.414634,0.146341,0.195122,0.097561,0.146341,0.0487805,0.243902,0.0731707,0.512195,0.219512,
0.214286,0.0714286,0.047619,0.214286,0.119048,0.0238095,0.0238095,0,0.214286,0.166667,0.119048,0.166667,0.357143,0.666667,0.166667,0.833333,0.166667,0.571429,0.0238095,0.428571,0.0952381,0.0952381,0.119048,0.142857,0.214286,0.190476,0.047619,0.0952381,0.0714286,0.047619,0.047619,0.238095,0.047619,0.547619,0.047619,0.047619,0.047619,0.0714286,0,0.380952,0.214286,0.047619,0.714286,0.119048,0.309524,0.119048,0.0952381,0.142857,0.0714286,0.047619,0.0714286,0.642857,0.809524,0.047619,0.357143,0.166667,0.0952381,0.047619,0.357143,0.166667,0.5,0.214286,0.238095,0.238095,0.333333,0.404762,0.142857,0.190476,0.0952381,0.142857,0.047619,0.238095,0.0714286,0.5,0.214286,
0.209302,0.0697674,0.0465116,0.209302,0.116279,0.0232558,0.0232558,0,0.209302,0.162791,0.116279,0.162791,0.348837,0.651163,0.162791,0.813953,0.162791,0.55814,0.0232558,0.418605,0.0930233,0.0930233,0.116279,0.139535,0.209302,0.186047,0.0465116,0.0930233,0.0697674,0.0465116,0.0465116,0.232558,0.0465116,0.604651,0.0465116,0.0465116,0.0465116,0.0697674,0,0.395349,0.209302,0.0465116,0.697674,0.116279,0.302326,0.116279,0.0930233,0.139535,0.0697674,0.0465116,0.0697674,0.627907,0.790698,0.0465116,0.348837,0.162791,0.0930233,0.0465116,0.348837,0.162791,0.488372,0.209302,0.232558,0.232558,0.325581,0.395349,0.139535,0.186047,0.0930233,0.139535,0.0465116,0.232558,0.0697674,0.488372,0.209302,
0.204545,0.0681818,0.0454545,0.204545,0.113636,0.0227273,0.0227273,0,0.204545,0.159091,0.113636,0.159091,0.340909,0.636364,0.159091,0.795455,0.159091,0.590909,0.0227273,0.454545,0.0909091,0.0909091,0.113636,0.136364,0.204545,0.181818,0.0454545,0.0909091,0.0681818,0.0454545,0.0454545,0.227273,0.0454545,0.636364,0.0454545,0.0454545,0.0454545,0.0681818,0,0.386364,0.204545,0.0454545,0.681818,0.113636,0.295455,0.113636,0.0909091,0.136364,0.0681818,0.0454545,0.0681818,0.613636,0.772727,0.0454545,0.340909,0.159091,0.0909091,0.0454545,0.340909,0.159091,0.477273,0.204545,0.227273,0.227273,0.318182,0.386364,0.136364,0.181818,0.0909091,0.136364,0.0454545,0.227273,0.0681818,0.477273,0.204545,
0.2,0.0666667,0.0444444,0.2,0.111111,0.0222222,0.0222222,0,0.2,0.155556,0.111111,0.155556,0.333333,0.622222,0.155556,0.777778,0.155556,0.6,0.0222222,0.466667,0.0888889,0.0888889,0.111111,0.133333,0.2,0.177778,0.0444444,0.0888889,0.0666667,0.0444444,0.0444444,0.222222,0.0444444,0.622222,0.0444444,0.0444444,0.0444444,0.0666667,0,0.377778,0.2,0.0444444,0.711111,0.111111,0.288889,0.111111,0.0888889,0.133333,0.0666667,0.0444444,0.0666667,0.6,0.755556,0.0444444,0.333333,0.155556,0.0888889,0.0444444,0.333333,0.155556,0.511111,0.2,0.222222,0.222222,0.311111,0.377778,0.133333,0.177778,0.0888889,0.133333,0.0444444,0.222222,0.0666667,0.466667,0.222222,
0.195652,0.0652174,0.0434783,0.195652,0.108696,0.0217391,0.0434783,0,0.217391,0.152174,0.108696,0.152174,0.326087,0.630435,0.152174,0.76087,0.152174,0.586957,0.0217391,0.456522,0.0869565,0.0869565,0.108696,0.130435,0.195652,0.173913,0.0434783,0.0869565,0.130435,0.108696,0.0652174,0.217391,0.0869565,0.608696,0.0652174,0.0869565,0.0434783,0.0652174,0.0434783,0.369565,0.23913,0.0434783,0.717391,0.152174,0.304348,0.108696,0.0869565,0.130435,0.0652174,0.0652174,0.0652174,0.586957,0.73913,0.0434783,0.347826,0.152174,0.0869565,0.0434783,0.326087,0.195652,0.5,0.195652,0.217391,0.23913,0.304348,0.369565,0.130435,0.195652,0.0869565,0.130435,0.0434783,0.217391,0.0869565,0.456522,0.217391,
0.191489,0.0851064,0.0425532,0.191489,0.148936,0.0212766,0.0425532,0.0425532,0.234043,0.148936,0.106383,0.148936,0.319149,0.617021,0.148936,0.744681,0.148936,0.574468,0.0212766,0.446809,0.0851064,0.0851064,0.106383,0.12766,0.212766,0.170213,0.0425532,0.0851064,0.191489,0.106383,0.0638298,0.234043,0.0851064,0.595745,0.0638298,0.0851064,0.0425532,0.0638298,0.0425532,0.361702,0.234043,0.0638298,0.702128,0.170213,0.340426,0.12766,0.12766,0.12766,0.0638298,0.0638298,0.0638298,0.574468,0.765957,0.0425532,0.340426,0.148936,0.106383,0.0638298,0.319149,0.212766,0.489362,0.191489,0.212766,0.234043,0.297872,0.382979,0.12766,0.191489,0.0851064,0.148936,0.0425532,0.212766,0.106383,0.446809,0.212766,
0.1875,0.0833333,0.0416667,0.1875,0.145833,0.0208333,0.0416667,0.0833333,0.3125,0.145833,0.104167,0.145833,0.333333,0.645833,0.145833,0.729167,0.145833,0.604167,0.0208333,0.4375,0.0833333,0.0833333,0.104167,0.125,0.229167,0.166667,0.0416667,0.0833333,0.229167,0.104167,0.0625,0.229167,0.0833333,0.583333,0.0625,0.0833333,0.0416667,0.0625,0.0416667,0.354167,0.229167,0.0625,0.6875,0.166667,0.375,0.125,0.125,0.125,0.0625,0.0833333,0.0625,0.5625,0.75,0.0625,0.333333,0.166667,0.104167,0.0625,0.3125,0.208333,0.479167,0.1875,0.208333,0.229167,0.291667,0.416667,0.125,0.208333,0.0833333,0.145833,0.0625,0.208333,0.145833,0.4375,0.229167,
0.183673,0.0816327,0.0408163,0.183673,0.142857,0.0204082,0.0408163,0.122449,0.306122,0.142857,0.102041,0.142857,0.326531,0.632653,0.142857,0.714286,0.142857,0.591837,0.0204082,0.428571,0.122449,0.0816327,0.122449,0.122449,0.244898,0.163265,0.0408163,0.0816327,0.265306,0.102041,0.0612245,0.244898,0.0816327,0.571429,0.0612245,0.0816327,0.0408163,0.0612245,0.0408163,0.346939,0.22449,0.0612245,0.673469,0.163265,0.367347,0.122449,0.122449,0.122449,0.0612245,0.0816327,0.0612245,0.55102,0.734694,0.0612245,0.326531,0.163265,0.102041,0.0612245,0.306122,0.204082,0.489796,0.183673,0.204082,0.22449,0.285714,0.408163,0.122449,0.204082,0.0816327,0.142857,0.0612245,0.204082,0.142857,0.428571,0.22449,
0.18,0.08,0.04,0.18,0.14,0.02,0.04,0.12,0.3,0.14,0.1,0.14,0.32,0.62,0.14,0.7,0.14,0.58,0.02,0.42,0.12,0.08,0.12,0.12,0.24,0.16,0.04,0.08,0.26,0.1,0.06,0.26,0.08,0.56,0.06,0.08,0.04,0.06,0.04,0.34,0.22,0.06,0.66,0.16,0.36,0.12,0.12,0.12,0.06,0.08,0.08,0.54,0.72,0.06,0.32,0.16,0.1,0.06,0.32,0.2,0.48,0.18,0.2,0.22,0.28,0.4,0.12,0.2,0.08,0.14,0.06,0.2,0.14,0.42,0.22,
0.176471,0.0784314,0.0392157,0.176471,0.137255,0.0196078,0.0392157,0.117647,0.313725,0.137255,0.0980392,0.137255,0.313725,0.607843,0.137255,0.686275,0.137255,0.568627,0.0392157,0.411765,0.117647,0.0784314,0.117647,0.117647,0.235294,0.156863,0.0392157,0.0784314,0.254902,0.0980392,0.0588235,0.254902,0.0784314,0.54902,0.0588235,0.0784314,0.0392157,0.0784314,0.0392157,0.333333,0.215686,0.0588235,0.647059,0.156863,0.352941,0.117647,0.117647,0.137255,0.0588235,0.0784314,0.0784314,0.529412,0.705882,0.0588235,0.313725,0.156863,0.0980392,0.0588235,0.313725,0.196078,0.470588,0.176471,0.196078,0.215686,0.27451,0.411765,0.117647,0.215686,0.0784314,0.137255,0.0588235,0.196078,0.137255,0.411765,0.215686,
0.173077,0.0769231,0.0384615,0.173077,0.134615,0.0192308,0.0384615,0.115385,0.307692,0.134615,0.0961538,0.134615,0.307692,0.596154,0.134615,0.673077,0.134615,0.557692,0.0384615,0.403846,0.115385,0.0769231,0.115385,0.115385,0.230769,0.173077,0.0384615,0.0769231,0.25,0.0961538,0.0576923,0.25,0.0769231,0.538462,0.0576923,0.0769231,0.0384615,0.0769231,0.0384615,0.326923,0.211538,0.0576923,0.634615,0.153846,0.346154,0.115385,0.115385,0.134615,0.0576923,0.0769231,0.0769231,0.519231,0.692308,0.0576923,0.307692,0.153846,0.0961538,0.0576923,0.307692,0.211538,0.461538,0.173077,0.192308,0.211538,0.269231,0.403846,0.115385,0.230769,0.0769231,0.134615,0.0769231,0.192308,0.134615,0.403846,0.211538,
0.169811,0.0754717,0.0377358,0.169811,0.132075,0.0188679,0.0377358,0.113208,0.301887,0.132075,0.0943396,0.132075,0.301887,0.584906,0.132075,0.660377,0.132075,0.54717,0.0377358,0.396226,0.113208,0.0754717,0.113208,0.132075,0.226415,0.169811,0.0377358,0.0754717,0.245283,0.0943396,0.0566038,0.245283,0.0754717,0.528302,0.0566038,0.0754717,0.0377358,0.0754717,0.0377358,0.320755,0.207547,0.0566038,0.622642,0.150943,0.339623,0.113208,0.113208,0.132075,0.0566038,0.0754717,0.0754717,0.509434,0.679245,0.0566038,0.301887,0.150943,0.0943396,0.0566038,0.301887,0.207547,0.45283,0.169811,0.188679,0.207547,0.264151,0.396226,0.113208,0.226415,0.0754717,0.132075,0.0754717,0.188679,0.132075,0.396226,0.207547,
0.166667,0.0740741,0.037037,0.166667,0.12963,0.0185185,0.037037,0.111111,0.296296,0.12963,0.0925926,0.12963,0.296296,0.574074,0.12963,0.648148,0.12963,0.537037,0.037037,0.388889,0.111111,0.0740741,0.111111,0.12963,0.222222,0.166667,0.037037,0.0740741,0.240741,0.0925926,0.0740741,0.259259,0.0740741,0.518519,0.0555556,0.0740741,0.037037,0.0740741,0.037037,0.314815,0.203704,0.0555556,0.611111,0.148148,0.333333,0.111111,0.111111,0.12963,0.0555556,0.0740741,0.0740741,0.5,0.666667,0.0555556,0.296296,0.148148,0.0925926,0.0555556,0.296296,0.203704,0.444444,0.166667,0.185185,0.203704,0.259259,0.388889,0.111111,0.240741,0.0740741,0.12963,0.0740741,0.185185,0.12963,0.388889,0.203704,
0.163636,0.0727273,0.0363636,0.163636,0.127273,0.0181818,0.0363636,0.109091,0.290909,0.127273,0.0909091,0.127273,0.290909,0.563636,0.127273,0.636364,0.127273,0.527273,0.0363636,0.381818,0.109091,0.0727273,0.109091,0.163636,0.218182,0.163636,0.0363636,0.0727273,0.236364,0.0909091,0.0909091,0.272727,0.0727273,0.509091,0.0545455,0.0727273,0.0363636,0.0727273,0.0363636,0.309091,0.2,0.0545455,0.6,0.145455,0.327273,0.109091,0.109091,0.127273,0.0545455,0.0727273,0.0727273,0.490909,0.654545,0.0545455,0.290909,0.145455,0.0909091,0.0545455,0.290909,0.2,0.436364,0.163636,0.181818,0.2,0.254545,0.381818,0.109091,0.236364,0.0727273,0.127273,0.0727273,0.181818,0.127273,0.381818,0.2,
0.160714,0.0714286,0.0357143,0.160714,0.125,0.0178571,0.0357143,0.107143,0.285714,0.125,0.0892857,0.125,0.285714,0.553571,0.125,0.625,0.125,0.517857,0.0357143,0.392857,0.107143,0.0714286,0.107143,0.160714,0.214286,0.160714,0.0357143,0.0714286,0.232143,0.0892857,0.0892857,0.267857,0.0714286,0.535714,0.0535714,0.0714286,0.0357143,0.0714286,0.0357143,0.303571,0.196429,0.0535714,0.589286,0.142857,0.321429,0.107143,0.107143,0.125,0.0535714,0.0714286,0.0714286,0.482143,0.642857,0.0535714,0.303571,0.142857,0.0892857,0.0535714,0.285714,0.196429,0.428571,0.160714,0.178571,0.196429,0.25,0.392857,0.107143,0.232143,0.0714286,0.125,0.0714286,0.178571,0.125,0.375,0.196429,
0.157895,0.0701754,0.0350877,0.157895,0.122807,0.0175439,0.0350877,0.105263,0.280702,0.122807,0.0877193,0.122807,0.280702,0.54386,0.122807,0.614035,0.122807,0.508772,0.0350877,0.385965,0.105263,0.0877193,0.105263,0.157895,0.210526,0.157895,0.0350877,0.0701754,0.22807,0.0877193,0.0877193,0.263158,0.0701754,0.526316,0.0526316,0.0701754,0.0350877,0.0701754,0.0350877,0.298246,0.192982,0.0526316,0.578947,0.140351,0.315789,0.105263,0.105263,0.122807,0.0526316,0.0701754,0.0701754,0.473684,0.631579,0.0526316,0.298246,0.140351,0.0877193,0.0526316,0.280702,0.192982,0.421053,0.157895,0.175439,0.192982,0.245614,0.385965,0.105263,0.22807,0.0701754,0.122807,0.0701754,0.175439,0.122807,0.368421,0.192982,
0.155172,0.0689655,0.0344828,0.155172,0.12069,0.0172414,0.0344828,0.103448,0.275862,0.12069,0.0862069,0.12069,0.275862,0.534483,0.12069,0.603448,0.12069,0.5,0.0344828,0.37931,0.103448,0.0862069,0.103448,0.155172,0.206897,0.155172,0.0344828,0.0689655,0.224138,0.0862069,0.0862069,0.258621,0.0862069,0.517241,0.0517241,0.0689655,0.0344828,0.0689655,0.0344828,0.293103,0.189655,0.0517241,0.568966,0.189655,0.310345,0.103448,0.103448,0.12069,0.0517241,0.0689655,0.0689655,0.482759,0.62069,0.0517241,0.293103,0.137931,0.103448,0.0517241,0.275862,0.189655,0.413793,0.155172,0.172414,0.206897,0.241379,0.37931,0.103448,0.224138,0.0689655,0.12069,0.0689655,0.172414,0.12069,0.362069,0.189655,
0.152542,0.0677966,0.0338983,0.152542,0.118644,0.0169492,0.0338983,0.101695,0.271186,0.118644,0.0847458,0.118644,0.271186,0.525424,0.118644,0.59322,0.118644,0.491525,0.0338983,0.372881,0.101695,0.0847458,0.101695,0.169492,0.20339,0.152542,0.0338983,0.0677966,0.220339,0.0847458,0.0847458,0.254237,0.101695,0.508475,0.0508475,0.0677966,0.0677966,0.0677966,0.0508475,0.288136,0.186441,0.0508475,0.559322,0.186441,0.322034,0.101695,0.101695,0.118644,0.0508475,0.0677966,0.0677966,0.474576,0.610169,0.0508475,0.288136,0.135593,0.101695,0.0508475,0.271186,0.186441,0.40678,0.152542,0.169492,0.20339,0.237288,0.372881,0.101695,0.220339,0.0677966,0.118644,0.0677966,0.169492,0.152542,0.355932,0.186441,
0.15,0.0666667,0.0333333,0.15,0.116667,0.0166667,0.0333333,0.116667,0.266667,0.116667,0.0833333,0.116667,0.266667,0.516667,0.116667,0.583333,0.116667,0.483333,0.0333333,0.366667,0.1,0.0833333,0.1,0.166667,0.2,0.15,0.0333333,0.0666667,0.25,0.0833333,0.0833333,0.25,0.1,0.5,0.05,0.0666667,0.0666667,0.0666667,0.05,0.283333,0.183333,0.05,0.55,0.183333,0.316667,0.1,0.1,0.116667,0.05,0.0666667,0.0666667,0.466667,0.6,0.05,0.283333,0.133333,0.1,0.05,0.266667,0.183333,0.4,0.15,0.166667,0.2,0.233333,0.366667,0.1,0.216667,0.0666667,0.116667,0.0666667,0.166667,0.15,0.35,0.183333,
0.147541,0.0655738,0.0327869,0.147541,0.114754,0.0163934,0.0327869,0.114754,0.262295,0.114754,0.0819672,0.114754,0.262295,0.508197,0.114754,0.57377,0.114754,0.47541,0.0327869,0.360656,0.0983607,0.0819672,0.0983607,0.163934,0.196721,0.147541,0.0327869,0.0655738,0.245902,0.0819672,0.0819672,0.245902,0.0983607,0.491803,0.0491803,0.0655738,0.0655738,0.0655738,0.0491803,0.278689,0.180328,0.0491803,0.540984,0.180328,0.311475,0.0983607,0.0983607,0.114754,0.0491803,0.0983607,0.0655738,0.459016,0.590164,0.0491803,0.278689,0.131148,0.0983607,0.0491803,0.262295,0.180328,0.393443,0.147541,0.196721,0.196721,0.229508,0.360656,0.0983607,0.213115,0.0655738,0.114754,0.0655738,0.163934,0.147541,0.344262,0.180328,
0.145161,0.0645161,0.0322581,0.145161,0.112903,0.016129,0.0322581,0.112903,0.258065,0.112903,0.0806452,0.112903,0.258065,0.5,0.112903,0.564516,0.112903,0.467742,0.0322581,0.354839,0.0967742,0.0806452,0.0967742,0.16129,0.193548,0.145161,0.0322581,0.0645161,0.241935,0.0806452,0.0806452,0.241935,0.0967742,0.483871,0.0483871,0.0645161,0.0645161,0.0645161,0.0483871,0.290323,0.177419,0.0483871,0.532258,0.177419,0.306452,0.0967742,0.0967742,0.112903,0.0483871,0.0967742,0.0645161,0.451613,0.580645,0.0483871,0.274194,0.129032,0.0967742,0.0483871,0.258065,0.177419,0.387097,0.145161,0.193548,0.193548,0.225806,0.354839,0.0967742,0.209677,0.0645161,0.112903,0.0645161,0.16129,0.145161,0.33871,0.193548,
0.142857,0.0634921,0.031746,0.142857,0.111111,0.015873,0.031746,0.111111,0.253968,0.111111,0.0793651,0.111111,0.253968,0.492063,0.111111,0.555556,0.142857,0.460317,0.047619,0.349206,0.0952381,0.0793651,0.126984,0.15873,0.190476,0.174603,0.031746,0.0952381,0.238095,0.0793651,0.0793651,0.238095,0.0952381,0.47619,0.047619,0.0634921,0.0634921,0.0634921,0.047619,0.301587,0.174603,0.047619,0.52381,0.174603,0.301587,0.0952381,0.0952381,0.111111,0.047619,0.0952381,0.0634921,0.444444,0.571429,0.047619,0.269841,0.126984,0.0952381,0.047619,0.253968,0.174603,0.380952,0.142857,0.190476,0.190476,0.222222,0.365079,0.0952381,0.206349,0.0634921,0.111111,0.0793651,0.15873,0.142857,0.333333,0.190476,
0.1875,0.0625,0.03125,0.140625,0.109375,0.015625,0.03125,0.109375,0.25,0.109375,0.078125,0.109375,0.25,0.484375,0.109375,0.546875,0.140625,0.453125,0.046875,0.34375,0.09375,0.078125,0.125,0.15625,0.1875,0.203125,0.03125,0.09375,0.234375,0.078125,0.078125,0.234375,0.09375,0.46875,0.046875,0.0625,0.0625,0.0625,0.046875,0.328125,0.171875,0.046875,0.515625,0.171875,0.296875,0.09375,0.09375,0.109375,0.046875,0.09375,0.0625,0.4375,0.5625,0.046875,0.265625,0.125,0.09375,0.046875,0.25,0.171875,0.375,0.140625,0.1875,0.1875,0.21875,0.375,0.09375,0.203125,0.0625,0.109375,0.078125,0.15625,0.15625,0.328125,0.1875,
0.184615,0.0615385,0.0307692,0.138462,0.107692,0.0153846,0.0307692,0.107692,0.246154,0.107692,0.0769231,0.107692,0.246154,0.476923,0.107692,0.538462,0.138462,0.446154,0.0461538,0.338462,0.0923077,0.0769231,0.123077,0.153846,0.184615,0.2,0.0307692,0.0923077,0.230769,0.0769231,0.0769231,0.230769,0.0923077,0.461538,0.0461538,0.0615385,0.0615385,0.0615385,0.0461538,0.323077,0.169231,0.0461538,0.507692,0.169231,0.292308,0.0923077,0.0923077,0.107692,0.0461538,0.0923077,0.0615385,0.430769,0.553846,0.0461538,0.261538,0.123077,0.0923077,0.0461538,0.246154,0.169231,0.369231,0.138462,0.184615,0.184615,0.215385,0.384615,0.0923077,0.2,0.0615385,0.107692,0.0769231,0.153846,0.153846,0.323077,0.184615,
0.181818,0.0606061,0.030303,0.136364,0.106061,0.0151515,0.030303,0.106061,0.242424,0.106061,0.0757576,0.106061,0.242424,0.469697,0.106061,0.530303,0.136364,0.439394,0.0454545,0.333333,0.0909091,0.0757576,0.121212,0.151515,0.181818,0.19697,0.030303,0.0909091,0.227273,0.0757576,0.0757576,0.272727,0.0909091,0.454545,0.0454545,0.0606061,0.0606061,0.0606061,0.0454545,0.318182,0.166667,0.0454545,0.5,0.166667,0.287879,0.0909091,0.0909091,0.106061,0.0454545,0.0909091,0.0606061,0.424242,0.545455,0.0454545,0.257576,0.121212,0.0909091,0.0454545,0.257576,0.166667,0.363636,0.136364,0.181818,0.181818,0.212121,0.378788,0.0909091,0.19697,0.0606061,0.106061,0.0757576,0.151515,0.151515,0.318182,0.181818,
0.179104,0.0597015,0.0746269,0.134328,0.104478,0.0149254,0.0298507,0.104478,0.238806,0.104478,0.0746269,0.104478,0.238806,0.462687,0.119403,0.522388,0.134328,0.432836,0.0447761,0.343284,0.0895522,0.0746269,0.119403,0.149254,0.179104,0.19403,0.0298507,0.104478,0.223881,0.0746269,0.0746269,0.268657,0.0895522,0.462687,0.0447761,0.0597015,0.0597015,0.0597015,0.0447761,0.313433,0.164179,0.0447761,0.492537,0.164179,0.283582,0.0895522,0.0895522,0.119403,0.0447761,0.0895522,0.0597015,0.41791,0.537313,0.0447761,0.253731,0.119403,0.0895522,0.0447761,0.253731,0.164179,0.358209,0.134328,0.179104,0.179104,0.223881,0.373134,0.0895522,0.19403,0.0597015,0.104478,0.0746269,0.149254,0.149254,0.313433,0.179104,
0.176471,0.0588235,0.0735294,0.132353,0.102941,0.0147059,0.0294118,0.102941,0.235294,0.117647,0.0735294,0.102941,0.235294,0.455882,0.117647,0.514706,0.132353,0.426471,0.0441176,0.338235,0.0882353,0.0882353,0.117647,0.147059,0.176471,0.191176,0.0294118,0.102941,0.220588,0.0735294,0.0882353,0.264706,0.0882353,0.455882,0.0441176,0.0588235,0.0588235,0.0588235,0.0441176,0.308824,0.161765,0.0441176,0.514706,0.161765,0.279412,0.0882353,0.0882353,0.117647,0.0441176,0.0882353,0.0588235,0.411765,0.529412,0.0441176,0.308824,0.117647,0.0882353,0.0441176,0.25,0.161765,0.352941,0.132353,0.176471,0.176471,0.220588,0.367647,0.0882353,0.191176,0.0588235,0.102941,0.0735294,0.147059,0.147059,0.308824,0.176471,
0.173913,0.057971,0.0724638,0.144928,0.101449,0.0144928,0.0289855,0.101449,0.231884,0.115942,0.0724638,0.101449,0.231884,0.449275,0.115942,0.507246,0.130435,0.42029,0.0434783,0.333333,0.0869565,0.101449,0.115942,0.144928,0.173913,0.188406,0.0289855,0.101449,0.217391,0.0724638,0.0869565,0.26087,0.0869565,0.449275,0.0434783,0.057971,0.057971,0.057971,0.0434783,0.304348,0.15942,0.0434783,0.507246,0.15942,0.275362,0.0869565,0.0869565,0.115942,0.0434783,0.0869565,0.057971,0.42029,0.521739,0.0434783,0.304348,0.115942,0.0869565,0.0434783,0.246377,0.15942,0.347826,0.15942,0.173913,0.173913,0.217391,0.362319,0.0869565,0.188406,0.057971,0.101449,0.0724638,0.188406,0.144928,0.304348,0.173913,
0.171429,0.0571429,0.0714286,0.142857,0.1,0.0142857,0.0285714,0.1,0.228571,0.114286,0.0714286,0.1,0.242857,0.442857,0.114286,0.5,0.128571,0.414286,0.0428571,0.328571,0.0857143,0.1,0.114286,0.142857,0.171429,0.185714,0.0428571,0.1,0.214286,0.0714286,0.0857143,0.257143,0.1,0.442857,0.0571429,0.0571429,0.0571429,0.0571429,0.0571429,0.3,0.157143,0.0428571,0.5,0.157143,0.285714,0.0857143,0.0857143,0.114286,0.0428571,0.0857143,0.0571429,0.414286,0.528571,0.0428571,0.3,0.114286,0.0857143,0.0428571,0.242857,0.157143,0.342857,0.157143,0.171429,0.171429,0.214286,0.357143,0.0857143,0.185714,0.0571429,0.128571,0.0714286,0.2,0.142857,0.314286,0.171429,
0.169014,0.056338,0.0704225,0.140845,0.0985915,0.0140845,0.028169,0.0985915,0.225352,0.112676,0.0704225,0.0985915,0.239437,0.43662,0.112676,0.492958,0.126761,0.408451,0.0422535,0.323944,0.0985915,0.0985915,0.112676,0.140845,0.169014,0.183099,0.0422535,0.0985915,0.211268,0.0704225,0.084507,0.253521,0.0985915,0.43662,0.056338,0.056338,0.0704225,0.056338,0.056338,0.295775,0.15493,0.0422535,0.492958,0.15493,0.28169,0.084507,0.084507,0.112676,0.0422535,0.084507,0.056338,0.408451,0.521127,0.0422535,0.295775,0.112676,0.084507,0.0422535,0.239437,0.15493,0.338028,0.15493,0.169014,0.169014,0.211268,0.352113,0.084507,0.183099,0.056338,0.126761,0.0704225,0.197183,0.140845,0.309859,0.169014,
0.166667,0.0555556,0.0694444,0.138889,0.0972222,0.0138889,0.0277778,0.0972222,0.222222,0.111111,0.0694444,0.0972222,0.236111,0.430556,0.111111,0.5,0.125,0.402778,0.0416667,0.319444,0.0972222,0.0972222,0.111111,0.138889,0.166667,0.180556,0.0555556,0.0972222,0.208333,0.0694444,0.0833333,0.25,0.0972222,0.430556,0.0555556,0.0555556,0.0694444,0.0555556,0.0555556,0.291667,0.152778,0.0555556,0.486111,0.152778,0.277778,0.0833333,0.0833333,0.111111,0.0416667,0.0833333,0.0555556,0.402778,0.513889,0.0416667,0.291667,0.111111,0.0833333,0.0416667,0.236111,0.152778,0.333333,0.152778,0.194444,0.166667,0.208333,0.347222,0.0833333,0.180556,0.0555556,0.125,0.0694444,0.194444,0.138889,0.319444,0.166667,
0.164384,0.0547945,0.0684932,0.136986,0.0958904,0.0136986,0.0547945,0.0958904,0.219178,0.109589,0.0684932,0.0958904,0.232877,0.424658,0.109589,0.493151,0.123288,0.39726,0.0410959,0.315068,0.0958904,0.0958904,0.109589,0.136986,0.164384,0.178082,0.0547945,0.0958904,0.205479,0.0684932,0.0821918,0.246575,0.0958904,0.424658,0.0547945,0.0547945,0.0684932,0.0547945,0.0547945,0.287671,0.150685,0.0547945,0.479452,0.150685,0.273973,0.0821918,0.0821918,0.109589,0.0410959,0.0821918,0.0547945,0.39726,0.506849,0.0410959,0.287671,0.109589,0.0821918,0.0547945,0.232877,0.150685,0.328767,0.150685,0.191781,0.164384,0.205479,0.342466,0.0821918,0.178082,0.0547945,0.123288,0.0684932,0.191781,0.136986,0.315068,0.164384,
0.162162,0.0540541,0.0675676,0.148649,0.0945946,0.0135135,0.0540541,0.0945946,0.216216,0.108108,0.0675676,0.0945946,0.22973,0.418919,0.108108,0.486486,0.121622,0.391892,0.0405405,0.310811,0.0945946,0.0945946,0.108108,0.135135,0.162162,0.175676,0.0540541,0.0945946,0.202703,0.0675676,0.0810811,0.243243,0.0945946,0.418919,0.0540541,0.0540541,0.0675676,0.0540541,0.0540541,0.283784,0.148649,0.0540541,0.472973,0.148649,0.27027,0.0810811,0.0810811,0.108108,0.0405405,0.0945946,0.0540541,0.391892,0.5,0.0405405,0.283784,0.108108,0.0810811,0.0540541,0.22973,0.148649,0.324324,0.148649,0.189189,0.162162,0.202703,0.337838,0.0810811,0.175676,0.0540541,0.121622,0.0810811,0.189189,0.135135,0.310811,0.162162,
0.16,0.0533333,0.0666667,0.146667,0.0933333,0.0133333,0.0533333,0.0933333,0.213333,0.12,0.0666667,0.0933333,0.226667,0.413333,0.106667,0.48,0.12,0.386667,0.04,0.306667,0.0933333,0.0933333,0.106667,0.133333,0.16,0.173333,0.0533333,0.0933333,0.2,0.0666667,0.08,0.24,0.0933333,0.413333,0.0533333,0.0533333,0.0666667,0.0533333,0.0533333,0.28,0.146667,0.0533333,0.466667,0.146667,0.266667,0.08,0.08,0.106667,0.04,0.0933333,0.0666667,0.386667,0.493333,0.04,0.28,0.106667,0.08,0.0533333,0.226667,0.146667,0.32,0.146667,0.186667,0.16,0.2,0.333333,0.08,0.173333,0.0533333,0.12,0.08,0.186667,0.133333,0.306667,0.16,
0.157895,0.0526316,0.0657895,0.144737,0.0921053,0.0131579,0.0526316,0.0921053,0.236842,0.118421,0.0657895,0.0921053,0.223684,0.407895,0.105263,0.473684,0.118421,0.381579,0.0394737,0.302632,0.0921053,0.0921053,0.105263,0.131579,0.157895,0.210526,0.0526316,0.0921053,0.210526,0.0657895,0.0789474,0.236842,0.0921053,0.407895,0.0526316,0.0526316,0.0657895,0.0526316,0.0526316,0.276316,0.144737,0.0526316,0.460526,0.144737,0.263158,0.0921053,0.0789474,0.105263,0.0394737,0.0921053,0.0657895,0.381579,0.486842,0.0394737,0.276316,0.105263,0.0789474,0.0526316,0.223684,0.144737,0.315789,0.144737,0.184211,0.157895,0.197368,0.328947,0.0789474,0.210526,0.0526316,0.118421,0.0789474,0.184211,0.131579,0.302632,0.157895,
0.155844,0.0519481,0.0649351,0.142857,0.0909091,0.012987,0.0519481,0.0909091,0.233766,0.116883,0.0649351,0.0909091,0.220779,0.402597,0.103896,0.467532,0.116883,0.376623,0.038961,0.298701,0.0909091,0.0909091,0.103896,0.12987,0.155844,0.207792,0.0519481,0.0909091,0.207792,0.0649351,0.0779221,0.233766,0.0909091,0.402597,0.0519481,0.0519481,0.0649351,0.0519481,0.0519481,0.272727,0.142857,0.0519481,0.454545,0.142857,0.25974,0.0909091,0.0779221,0.103896,0.038961,0.0909091,0.0649351,0.376623,0.480519,0.038961,0.272727,0.103896,0.0779221,0.0519481,0.220779,0.142857,0.311688,0.142857,0.181818,0.155844,0.194805,0.324675,0.0779221,0.207792,0.0519481,0.116883,0.0779221,0.181818,0.12987,0.298701,0.155844,
0.153846,0.0512821,0.0641026,0.141026,0.0897436,0.0128205,0.0512821,0.0897436,0.230769,0.115385,0.0641026,0.0897436,0.217949,0.397436,0.102564,0.461538,0.115385,0.371795,0.0384615,0.294872,0.0897436,0.0897436,0.102564,0.128205,0.153846,0.205128,0.0512821,0.0897436,0.205128,0.0641026,0.0769231,0.230769,0.0897436,0.397436,0.0512821,0.0512821,0.0641026,0.0512821,0.0512821,0.269231,0.141026,0.0512821,0.448718,0.141026,0.25641,0.0897436,0.0769231,0.115385,0.0384615,0.0897436,0.0641026,0.371795,0.474359,0.0384615,0.269231,0.102564,0.0769231,0.0512821,0.217949,0.141026,0.307692,0.141026,0.179487,0.153846,0.192308,0.320513,0.0769231,0.205128,0.0512821,0.115385,0.0769231,0.179487,0.128205,0.294872,0.153846,
0.151899,0.0506329,0.0632911,0.139241,0.0886076,0.0126582,0.0506329,0.0886076,0.227848,0.113924,0.0632911,0.0886076,0.21519,0.392405,0.101266,0.455696,0.113924,0.367089,0.0379747,0.291139,0.0886076,0.0886076,0.101266,0.126582,0.151899,0.202532,0.0506329,0.0886076,0.202532,0.0632911,0.0759494,0.227848,0.0886076,0.392405,0.0506329,0.0506329,0.0632911,0.0506329,0.0506329,0.265823,0.139241,0.0506329,0.468354,0.139241,0.253165,0.0886076,0.0759494,0.113924,0.0506329,0.0886076,0.0632911,0.367089,0.468354,0.0379747,0.265823,0.101266,0.0759494,0.0506329,0.21519,0.139241,0.303797,0.139241,0.177215,0.151899,0.189873,0.316456,0.0759494,0.202532,0.0506329,0.113924,0.0759494,0.177215,0.126582,0.291139,0.151899,
0.15,0.05,0.0625,0.1375,0.0875,0.0125,0.05,0.0875,0.225,0.1125,0.0625,0.0875,0.2125,0.3875,0.1,0.45,0.1125,0.3625,0.0375,0.2875,0.0875,0.0875,0.1,0.125,0.15,0.2,0.05,0.0875,0.2,0.0625,0.075,0.225,0.0875,0.3875,0.05,0.05,0.0625,0.05,0.05,0.2625,0.1375,0.05,0.4625,0.1625,0.25,0.0875,0.075,0.1125,0.05,0.0875,0.0625,0.3625,0.4625,0.0375,0.325,0.1,0.075,0.05,0.2125,0.1375,0.3,0.1375,0.175,0.15,0.1875,0.3125,0.075,0.2,0.05,0.1125,0.075,0.175,0.125,0.2875,0.15,
0.148148,0.0493827,0.0617284,0.135802,0.0864198,0.0123457,0.0493827,0.0864198,0.222222,0.111111,0.0617284,0.0864198,0.246914,0.382716,0.0987654,0.444444,0.111111,0.358025,0.037037,0.283951,0.0864198,0.0864198,0.0987654,0.123457,0.148148,0.197531,0.0493827,0.0864198,0.197531,0.0617284,0.0740741,0.222222,0.0864198,0.382716,0.0617284,0.0493827,0.0617284,0.0493827,0.0493827,0.259259,0.135802,0.0493827,0.45679,0.160494,0.246914,0.0864198,0.0740741,0.111111,0.0493827,0.0864198,0.0617284,0.358025,0.469136,0.0740741,0.320988,0.0987654,0.0740741,0.0493827,0.209877,0.135802,0.296296,0.135802,0.17284,0.148148,0.185185,0.308642,0.0740741,0.197531,0.0493827,0.111111,0.0740741,0.17284,0.123457,0.283951,0.148148,
0.146341,0.0487805,0.0609756,0.134146,0.0853659,0.0121951,0.0487805,0.0853659,0.219512,0.109756,0.0609756,0.0853659,0.243902,0.378049,0.097561,0.439024,0.109756,0.365854,0.0365854,0.280488,0.097561,0.0853659,0.097561,0.121951,0.146341,0.195122,0.0487805,0.0853659,0.195122,0.0609756,0.0731707,0.219512,0.0853659,0.378049,0.0609756,0.0487805,0.0609756,0.0487805,0.0487805,0.256098,0.134146,0.0487805,0.45122,0.158537,0.243902,0.0853659,0.0731707,0.109756,0.0487805,0.0853659,0.0609756,0.378049,0.463415,0.0731707,0.317073,0.097561,0.0731707,0.0487805,0.207317,0.134146,0.292683,0.134146,0.170732,0.146341,0.182927,0.304878,0.0731707,0.195122,0.0487805,0.109756,0.0731707,0.170732,0.121951,0.280488,0.146341,
0.144578,0.0481928,0.060241,0.13253,0.0843373,0.0120482,0.0481928,0.0963855,0.216867,0.108434,0.060241,0.0843373,0.240964,0.373494,0.0963855,0.445783,0.108434,0.361446,0.0361446,0.277108,0.0963855,0.0843373,0.0963855,0.120482,0.144578,0.192771,0.0481928,0.0843373,0.192771,0.060241,0.0722892,0.216867,0.0843373,0.373494,0.060241,0.0481928,0.060241,0.0481928,0.0481928,0.253012,0.13253,0.0722892,0.445783,0.156627,0.240964,0.0843373,0.0722892,0.108434,0.0481928,0.0843373,0.060241,0.373494,0.457831,0.0722892,0.313253,0.0963855,0.0722892,0.0481928,0.204819,0.13253,0.289157,0.13253,0.180723,0.144578,0.180723,0.301205,0.0722892,0.192771,0.0481928,0.108434,0.0722892,0.168675,0.120482,0.277108,0.144578,
0.142857,0.047619,0.0595238,0.130952,0.0833333,0.0119048,0.047619,0.0952381,0.214286,0.107143,0.0595238,0.0833333,0.238095,0.369048,0.0952381,0.440476,0.107143,0.357143,0.0357143,0.27381,0.0952381,0.0833333,0.0952381,0.119048,0.142857,0.190476,0.047619,0.0833333,0.190476,0.0595238,0.0714286,0.214286,0.0833333,0.369048,0.0595238,0.047619,0.0595238,0.047619,0.047619,0.25,0.130952,0.0833333,0.440476,0.154762,0.238095,0.0833333,0.0714286,0.107143,0.047619,0.0833333,0.0595238,0.369048,0.452381,0.0714286,0.309524,0.130952,0.0714286,0.0714286,0.202381,0.130952,0.285714,0.130952,0.178571,0.142857,0.178571,0.297619,0.0714286,0.190476,0.047619,0.107143,0.0714286,0.166667,0.119048,0.27381,0.142857,
0.141176,0.0470588,0.0588235,0.129412,0.0823529,0.0117647,0.0588235,0.0941176,0.211765,0.105882,0.0588235,0.0823529,0.235294,0.364706,0.0941176,0.435294,0.105882,0.352941,0.0352941,0.270588,0.0941176,0.0823529,0.0941176,0.117647,0.141176,0.188235,0.0470588,0.0823529,0.188235,0.0588235,0.0705882,0.211765,0.0823529,0.364706,0.0588235,0.0470588,0.0588235,0.0470588,0.0470588,0.247059,0.129412,0.0941176,0.435294,0.152941,0.235294,0.0823529,0.0705882,0.105882,0.0470588,0.0823529,0.0588235,0.364706,0.447059,0.0705882,0.305882,0.129412,0.0705882,0.0705882,0.2,0.129412,0.282353,0.129412,0.176471,0.141176,0.176471,0.294118,0.0705882,0.188235,0.0470588,0.105882,0.0823529,0.164706,0.117647,0.270588,0.141176,
0.139535,0.0465116,0.0581395,0.127907,0.0813953,0.0116279,0.0581395,0.0930233,0.209302,0.104651,0.0581395,0.0813953,0.232558,0.360465,0.0930233,0.430233,0.104651,0.348837,0.0348837,0.267442,0.0930233,0.0813953,0.0930233,0.116279,0.139535,0.186047,0.0465116,0.0813953,0.186047,0.0581395,0.0697674,0.209302,0.0813953,0.360465,0.0581395,0.0465116,0.0581395,0.0465116,0.0465116,0.244186,0.127907,0.0930233,0.430233,0.151163,0.232558,0.0813953,0.0697674,0.104651,0.0465116,0.0813953,0.0581395,0.360465,0.44186,0.0697674,0.302326,0.127907,0.0697674,0.0697674,0.197674,0.127907,0.27907,0.127907,0.174419,0.139535,0.174419,0.290698,0.0697674,0.186047,0.0465116,0.104651,0.0813953,0.174419,0.116279,0.267442,0.139535,
0.137931,0.045977,0.0574713,0.137931,0.0804598,0.0114943,0.0574713,0.091954,0.206897,0.103448,0.0574713,0.0804598,0.229885,0.356322,0.091954,0.425287,0.103448,0.344828,0.0344828,0.264368,0.091954,0.0804598,0.091954,0.114943,0.137931,0.183908,0.045977,0.0804598,0.183908,0.0574713,0.0689655,0.206897,0.0804598,0.356322,0.0574713,0.045977,0.0574713,0.045977,0.045977,0.241379,0.137931,0.091954,0.425287,0.149425,0.229885,0.0804598,0.0689655,0.103448,0.045977,0.0804598,0.0574713,0.356322,0.436782,0.0689655,0.298851,0.126437,0.0689655,0.0689655,0.195402,0.126437,0.275862,0.126437,0.172414,0.137931,0.172414,0.287356,0.0689655,0.183908,0.045977,0.103448,0.0804598,0.172414,0.137931,0.264368,0.137931,
0.136364,0.0454545,0.0568182,0.136364,0.0795455,0.0113636,0.0568182,0.0909091,0.227273,0.102273,0.0568182,0.0795455,0.227273,0.352273,0.0909091,0.420455,0.102273,0.340909,0.0340909,0.261364,0.0909091,0.0795455,0.0909091,0.113636,0.136364,0.181818,0.0454545,0.0795455,0.181818,0.0568182,0.0681818,0.215909,0.0795455,0.352273,0.0568182,0.0454545,0.0568182,0.0454545,0.0454545,0.25,0.136364,0.0909091,0.420455,0.147727,0.227273,0.0795455,0.0681818,0.102273,0.0454545,0.0795455,0.0568182,0.352273,0.431818,0.0681818,0.295455,0.125,0.0681818,0.0681818,0.193182,0.125,0.272727,0.125,0.170455,0.136364,0.170455,0.284091,0.0681818,0.181818,0.0454545,0.102273,0.0795455,0.170455,0.136364,0.272727,0.136364,
0.134831,0.0449438,0.0786517,0.134831,0.0786517,0.0224719,0.0561798,0.0898876,0.224719,0.101124,0.0561798,0.0786517,0.224719,0.348315,0.101124,0.41573,0.101124,0.337079,0.0337079,0.258427,0.0898876,0.0786517,0.0898876,0.11236,0.134831,0.179775,0.0449438,0.0786517,0.179775,0.0561798,0.0674157,0.213483,0.0786517,0.348315,0.0561798,0.0449438,0.0561798,0.0449438,0.0449438,0.247191,0.134831,0.0898876,0.41573,0.146067,0.224719,0.0786517,0.0674157,0.101124,0.0449438,0.0786517,0.0561798,0.348315,0.426966,0.0674157,0.292135,0.123596,0.0674157,0.0674157,0.191011,0.123596,0.269663,0.123596,0.168539,0.134831,0.168539,0.280899,0.0674157,0.191011,0.0449438,0.101124,0.0786517,0.168539,0.134831,0.269663,0.134831,
0.133333,0.0444444,0.0777778,0.133333,0.0777778,0.0222222,0.0555556,0.0888889,0.222222,0.1,0.0555556,0.0777778,0.222222,0.344444,0.1,0.411111,0.1,0.333333,0.0333333,0.255556,0.0888889,0.0777778,0.0888889,0.111111,0.133333,0.177778,0.0444444,0.0777778,0.177778,0.0555556,0.0666667,0.211111,0.0777778,0.344444,0.0555556,0.0444444,0.0555556,0.0444444,0.0444444,0.244444,0.144444,0.0888889,0.411111,0.144444,0.222222,0.0777778,0.0666667,0.1,0.0444444,0.0777778,0.0555556,0.344444,0.422222,0.0666667,0.288889,0.122222,0.0666667,0.0666667,0.188889,0.122222,0.266667,0.122222,0.166667,0.133333,0.166667,0.277778,0.0666667,0.188889,0.0444444,0.1,0.0777778,0.166667,0.133333,0.266667,0.133333,
0.131868,0.043956,0.0769231,0.131868,0.0769231,0.021978,0.0549451,0.0879121,0.21978,0.0989011,0.0549451,0.0769231,0.21978,0.340659,0.0989011,0.406593,0.0989011,0.32967,0.032967,0.252747,0.0879121,0.0769231,0.0879121,0.10989,0.131868,0.175824,0.043956,0.0769231,0.175824,0.0549451,0.0659341,0.208791,0.0769231,0.340659,0.0549451,0.043956,0.0549451,0.043956,0.043956,0.241758,0.142857,0.0879121,0.406593,0.142857,0.21978,0.0769231,0.0659341,0.0989011,0.043956,0.0769231,0.0549451,0.340659,0.417582,0.0659341,0.285714,0.120879,0.0659341,0.0659341,0.186813,0.120879,0.263736,0.120879,0.164835,0.131868,0.164835,0.274725,0.0659341,0.186813,0.043956,0.0989011,0.0769231,0.164835,0.131868,0.263736,0.131868,
0.130435,0.0652174,0.076087,0.130435,0.076087,0.0217391,0.0543478,0.0869565,0.217391,0.0978261,0.0543478,0.076087,0.217391,0.336957,0.0978261,0.402174,0.0978261,0.326087,0.0326087,0.25,0.0869565,0.076087,0.0869565,0.108696,0.130435,0.173913,0.0434783,0.076087,0.173913,0.0543478,0.0652174,0.206522,0.076087,0.336957,0.0652174,0.0434783,0.0543478,0.0434783,0.0434783,0.23913,0.141304,0.0869565,0.402174,0.141304,0.217391,0.076087,0.0652174,0.0978261,0.0434783,0.076087,0.0543478,0.336957,0.413043,0.076087,0.282609,0.119565,0.0652174,0.0652174,0.184783,0.119565,0.26087,0.119565,0.163043,0.130435,0.163043,0.271739,0.0652174,0.184783,0.0434783,0.0978261,0.076087,0.163043,0.130435,0.26087,0.130435,
0.129032,0.107527,0.0752688,0.129032,0.0752688,0.0215054,0.0537634,0.0860215,0.215054,0.0967742,0.0537634,0.0752688,0.215054,0.333333,0.0967742,0.397849,0.0967742,0.322581,0.0322581,0.247312,0.0860215,0.0752688,0.0860215,0.107527,0.139785,0.172043,0.0430108,0.0752688,0.172043,0.0537634,0.0645161,0.204301,0.0752688,0.333333,0.0645161,0.0430108,0.0537634,0.0430108,0.0430108,0.236559,0.139785,0.0860215,0.397849,0.139785,0.215054,0.0752688,0.0645161,0.0967742,0.0430108,0.0752688,0.0537634,0.344086,0.408602,0.0752688,0.27957,0.11828,0.0645161,0.0645161,0.182796,0.11828,0.258065,0.11828,0.16129,0.129032,0.16129,0.268817,0.0645161,0.182796,0.0430108,0.0967742,0.0752688,0.16129,0.129032,0.258065,0.129032,
0.12766,0.117021,0.0744681,0.12766,0.0744681,0.0212766,0.0531915,0.0851064,0.212766,0.0957447,0.0531915,0.0744681,0.212766,0.329787,0.0957447,0.393617,0.0957447,0.319149,0.0319149,0.244681,0.0851064,0.0744681,0.0851064,0.106383,0.138298,0.170213,0.0425532,0.0744681,0.170213,0.0531915,0.0638298,0.202128,0.0744681,0.329787,0.0638298,0.0425532,0.0531915,0.0425532,0.0425532,0.234043,0.138298,0.0851064,0.393617,0.138298,0.212766,0.0744681,0.0638298,0.0957447,0.0425532,0.0744681,0.0531915,0.382979,0.404255,0.0744681,0.276596,0.117021,0.0638298,0.0638298,0.180851,0.117021,0.265957,0.117021,0.159574,0.12766,0.159574,0.265957,0.0638298,0.180851,0.0425532,0.0957447,0.0744681,0.159574,0.12766,0.255319,0.12766,
0.126316,0.115789,0.0736842,0.126316,0.0736842,0.0210526,0.0526316,0.0842105,0.210526,0.0947368,0.0526316,0.0736842,0.210526,0.326316,0.0947368,0.389474,0.0947368,0.315789,0.0315789,0.242105,0.0842105,0.0736842,0.0842105,0.105263,0.136842,0.168421,0.0421053,0.0736842,0.168421,0.0526316,0.0631579,0.2,0.0736842,0.326316,0.0631579,0.0421053,0.0526316,0.0421053,0.0421053,0.231579,0.136842,0.0842105,0.389474,0.136842,0.210526,0.0736842,0.0631579,0.0947368,0.0421053,0.0736842,0.0526316,0.378947,0.4,0.0736842,0.273684,0.115789,0.0631579,0.0631579,0.178947,0.115789,0.263158,0.115789,0.157895,0.126316,0.157895,0.263158,0.0631579,0.178947,0.0421053,0.0947368,0.0736842,0.157895,0.126316,0.252632,0.126316,
0.125,0.114583,0.0729167,0.125,0.0729167,0.0208333,0.0520833,0.0833333,0.208333,0.09375,0.0520833,0.0729167,0.208333,0.322917,0.09375,0.385417,0.09375,0.3125,0.03125,0.239583,0.0833333,0.0729167,0.0833333,0.104167,0.135417,0.166667,0.0416667,0.0729167,0.166667,0.0520833,0.0625,0.197917,0.0729167,0.322917,0.0625,0.0416667,0.0520833,0.0416667,0.0416667,0.229167,0.135417,0.0833333,0.385417,0.135417,0.208333,0.0729167,0.0625,0.09375,0.0416667,0.0729167,0.0520833,0.375,0.395833,0.0729167,0.270833,0.114583,0.0625,0.0625,0.177083,0.114583,0.260417,0.114583,0.15625,0.125,0.15625,0.260417,0.0625,0.177083,0.0416667,0.09375,0.0833333,0.15625,0.125,0.25,0.125,
0.123711,0.113402,0.0721649,0.123711,0.0721649,0.0206186,0.0618557,0.0824742,0.206186,0.0927835,0.0515464,0.0721649,0.206186,0.319588,0.0927835,0.381443,0.0927835,0.309278,0.0309278,0.237113,0.0824742,0.0721649,0.0824742,0.103093,0.134021,0.164948,0.0412371,0.0721649,0.164948,0.0515464,0.0618557,0.195876,0.0721649,0.319588,0.0618557,0.0412371,0.0515464,0.0412371,0.0412371,0.226804,0.134021,0.0824742,0.381443,0.134021,0.206186,0.0721649,0.0618557,0.0927835,0.0412371,0.0721649,0.0824742,0.371134,0.391753,0.0721649,0.268041,0.113402,0.0618557,0.0618557,0.175258,0.123711,0.257732,0.113402,0.154639,0.123711,0.154639,0.257732,0.0618557,0.175258,0.0412371,0.0927835,0.0824742,0.154639,0.123711,0.247423,0.134021,
0.122449,0.112245,0.0714286,0.122449,0.0714286,0.0204082,0.0612245,0.0816327,0.204082,0.0918367,0.0510204,0.0714286,0.204082,0.316327,0.0918367,0.377551,0.0918367,0.306122,0.0306122,0.234694,0.0816327,0.0714286,0.0816327,0.102041,0.132653,0.163265,0.0408163,0.0816327,0.163265,0.0510204,0.0612245,0.193878,0.0714286,0.316327,0.0612245,0.0408163,0.0510204,0.0408163,0.0408163,0.22449,0.132653,0.0918367,0.377551,0.132653,0.204082,0.0918367,0.0612245,0.0918367,0.0408163,0.0816327,0.0816327,0.367347,0.387755,0.0714286,0.265306,0.112245,0.0612245,0.0612245,0.173469,0.132653,0.255102,0.122449,0.153061,0.122449,0.153061,0.255102,0.0612245,0.173469,0.0408163,0.0918367,0.0816327,0.153061,0.122449,0.244898,0.132653,
0.121212,0.111111,0.0707071,0.121212,0.0707071,0.020202,0.0606061,0.0808081,0.20202,0.0909091,0.0505051,0.0707071,0.20202,0.313131,0.0909091,0.373737,0.0909091,0.30303,0.030303,0.232323,0.0808081,0.0707071,0.0808081,0.10101,0.131313,0.161616,0.040404,0.0808081,0.161616,0.0505051,0.0606061,0.20202,0.0707071,0.313131,0.0606061,0.040404,0.0505051,0.040404,0.040404,0.222222,0.131313,0.0909091,0.373737,0.131313,0.20202,0.0909091,0.0606061,0.0909091,0.040404,0.0808081,0.0808081,0.363636,0.383838,0.0707071,0.262626,0.111111,0.0606061,0.0606061,0.171717,0.131313,0.252525,0.121212,0.151515,0.121212,0.151515,0.252525,0.0606061,0.171717,0.040404,0.0909091,0.0808081,0.151515,0.121212,0.252525,0.131313,
0.12,0.11,0.07,0.12,0.07,0.02,0.06,0.08,0.2,0.09,0.05,0.07,0.2,0.31,0.09,0.37,0.09,0.3,0.03,0.26,0.08,0.07,0.08,0.1,0.13,0.16,0.04,0.08,0.16,0.05,0.06,0.2,0.07,0.31,0.06,0.04,0.05,0.04,0.04,0.22,0.13,0.09,0.37,0.13,0.2,0.09,0.06,0.09,0.04,0.08,0.08,0.36,0.38,0.07,0.26,0.11,0.06,0.06,0.17,0.13,0.25,0.12,0.15,0.12,0.15,0.25,0.06,0.17,0.05,0.09,0.08,0.15,0.12,0.25,0.13,
0.118812,0.108911,0.0693069,0.118812,0.0693069,0.019802,0.0594059,0.0792079,0.19802,0.0891089,0.049505,0.0693069,0.19802,0.306931,0.0891089,0.366337,0.0891089,0.29703,0.029703,0.257426,0.0792079,0.0693069,0.0792079,0.0990099,0.128713,0.158416,0.039604,0.0792079,0.158416,0.049505,0.0693069,0.19802,0.0693069,0.306931,0.0594059,0.039604,0.049505,0.039604,0.039604,0.217822,0.148515,0.0891089,0.366337,0.128713,0.19802,0.0891089,0.0594059,0.0891089,0.049505,0.0792079,0.0792079,0.356436,0.376238,0.0693069,0.257426,0.108911,0.0594059,0.0594059,0.178218,0.128713,0.247525,0.118812,0.148515,0.118812,0.148515,0.247525,0.0594059,0.188119,0.049505,0.0891089,0.0792079,0.148515,0.118812,0.247525,0.128713,
0.117647,0.107843,0.0686275,0.117647,0.0686275,0.0196078,0.0588235,0.0784314,0.196078,0.0882353,0.0490196,0.0686275,0.196078,0.303922,0.0882353,0.362745,0.0882353,0.294118,0.0294118,0.254902,0.0784314,0.0784314,0.0784314,0.0980392,0.127451,0.156863,0.0392157,0.0784314,0.156863,0.0490196,0.0686275,0.196078,0.0686275,0.303922,0.0588235,0.0392157,0.0490196,0.0392157,0.0392157,0.215686,0.147059,0.0882353,0.362745,0.127451,0.196078,0.0882353,0.0588235,0.0882353,0.0490196,0.0784314,0.0784314,0.352941,0.372549,0.0686275,0.254902,0.107843,0.0588235,0.0588235,0.176471,0.127451,0.245098,0.117647,0.147059,0.117647,0.147059,0.245098,0.0588235,0.186275,0.0490196,0.0882353,0.0784314,0.147059,0.117647,0.245098,0.127451,
0.116505,0.106796,0.0679612,0.116505,0.0679612,0.0194175,0.0582524,0.0776699,0.194175,0.0873786,0.0485437,0.0679612,0.194175,0.300971,0.0873786,0.359223,0.0873786,0.291262,0.0291262,0.252427,0.0776699,0.0776699,0.0776699,0.0970874,0.126214,0.15534,0.038835,0.0776699,0.15534,0.0582524,0.0679612,0.194175,0.0679612,0.300971,0.0582524,0.038835,0.0485437,0.038835,0.038835,0.213592,0.145631,0.0873786,0.359223,0.126214,0.203883,0.0873786,0.0582524,0.0873786,0.0485437,0.0776699,0.0873786,0.349515,0.368932,0.0679612,0.252427,0.106796,0.0582524,0.0582524,0.184466,0.126214,0.242718,0.116505,0.145631,0.116505,0.145631,0.242718,0.0582524,0.184466,0.0485437,0.0873786,0.0776699,0.145631,0.116505,0.242718,0.126214,
0.115385,0.105769,0.0673077,0.115385,0.0673077,0.0192308,0.0576923,0.0769231,0.192308,0.0865385,0.0480769,0.0673077,0.192308,0.298077,0.0865385,0.355769,0.0865385,0.288462,0.0288462,0.25,0.0769231,0.0769231,0.0769231,0.0961538,0.125,0.153846,0.0384615,0.0769231,0.153846,0.0576923,0.0673077,0.192308,0.0673077,0.298077,0.0576923,0.0480769,0.0480769,0.0384615,0.0384615,0.211538,0.144231,0.0865385,0.355769,0.125,0.201923,0.0865385,0.0576923,0.0865385,0.0576923,0.0769231,0.0865385,0.346154,0.365385,0.0673077,0.25,0.105769,0.0576923,0.0576923,0.182692,0.125,0.240385,0.115385,0.144231,0.115385,0.144231,0.240385,0.0576923,0.182692,0.0480769,0.0865385,0.0769231,0.144231,0.115385,0.240385,0.125,
0.114286,0.104762,0.0666667,0.114286,0.0666667,0.0190476,0.0571429,0.0761905,0.190476,0.0857143,0.047619,0.0666667,0.190476,0.295238,0.0857143,0.352381,0.0857143,0.304762,0.0285714,0.247619,0.0761905,0.0761905,0.0761905,0.0952381,0.12381,0.152381,0.0380952,0.0761905,0.152381,0.0571429,0.0666667,0.190476,0.0666667,0.295238,0.0571429,0.047619,0.047619,0.0380952,0.0380952,0.209524,0.142857,0.0857143,0.352381,0.12381,0.2,0.0857143,0.0571429,0.0857143,0.0571429,0.0761905,0.0857143,0.342857,0.380952,0.0666667,0.247619,0.104762,0.0571429,0.0571429,0.180952,0.12381,0.247619,0.12381,0.152381,0.114286,0.142857,0.238095,0.0571429,0.180952,0.047619,0.0857143,0.0761905,0.142857,0.114286,0.238095,0.12381,
0.113208,0.113208,0.0660377,0.113208,0.0660377,0.0188679,0.0566038,0.0754717,0.188679,0.0849057,0.0471698,0.0660377,0.188679,0.292453,0.0849057,0.358491,0.0849057,0.301887,0.0283019,0.245283,0.0754717,0.0754717,0.0754717,0.0943396,0.122642,0.150943,0.0377358,0.0754717,0.150943,0.0566038,0.0660377,0.188679,0.0660377,0.292453,0.0660377,0.0471698,0.0471698,0.0377358,0.0377358,0.207547,0.141509,0.0849057,0.349057,0.122642,0.198113,0.0849057,0.0566038,0.0849057,0.0566038,0.0754717,0.0849057,0.339623,0.386792,0.0660377,0.245283,0.103774,0.0566038,0.0660377,0.179245,0.122642,0.245283,0.122642,0.150943,0.113208,0.141509,0.235849,0.0566038,0.179245,0.0471698,0.0849057,0.0754717,0.141509,0.113208,0.235849,0.122642,
0.11215,0.11215,0.0654206,0.11215,0.0654206,0.0186916,0.0560748,0.0747664,0.186916,0.0841121,0.046729,0.0654206,0.186916,0.28972,0.0841121,0.35514,0.0841121,0.299065,0.0280374,0.242991,0.0747664,0.0747664,0.0747664,0.0934579,0.121495,0.149533,0.0373832,0.0747664,0.149533,0.0560748,0.0654206,0.186916,0.0654206,0.28972,0.0654206,0.046729,0.046729,0.0373832,0.0373832,0.205607,0.140187,0.0841121,0.345794,0.121495,0.196262,0.0841121,0.0560748,0.0841121,0.0560748,0.0747664,0.0841121,0.336449,0.383178,0.0654206,0.242991,0.102804,0.0560748,0.0654206,0.17757,0.121495,0.242991,0.121495,0.149533,0.11215,0.140187,0.233645,0.0560748,0.17757,0.046729,0.0841121,0.0747664,0.140187,0.11215,0.233645,0.121495,
0.111111,0.111111,0.0648148,0.111111,0.0648148,0.0185185,0.0555556,0.0740741,0.185185,0.0833333,0.0462963,0.0740741,0.185185,0.287037,0.0833333,0.351852,0.0833333,0.296296,0.0277778,0.240741,0.0740741,0.0740741,0.0740741,0.0925926,0.12037,0.148148,0.037037,0.0740741,0.148148,0.0555556,0.0648148,0.185185,0.0648148,0.287037,0.0648148,0.0462963,0.0462963,0.037037,0.037037,0.203704,0.138889,0.0833333,0.342593,0.12037,0.194444,0.0833333,0.0555556,0.0833333,0.0555556,0.0740741,0.0833333,0.333333,0.37963,0.0648148,0.240741,0.101852,0.0555556,0.0648148,0.175926,0.12037,0.240741,0.12037,0.148148,0.111111,0.138889,0.231481,0.0555556,0.175926,0.0462963,0.0833333,0.0740741,0.138889,0.111111,0.231481,0.12037,
0.110092,0.110092,0.0642202,0.110092,0.0642202,0.0183486,0.0550459,0.0733945,0.183486,0.0825688,0.0458716,0.0733945,0.183486,0.284404,0.0825688,0.348624,0.0825688,0.293578,0.0275229,0.238532,0.0733945,0.0733945,0.0733945,0.0917431,0.119266,0.174312,0.0366972,0.0825688,0.146789,0.0550459,0.0642202,0.183486,0.0642202,0.284404,0.0642202,0.0458716,0.0458716,0.0366972,0.0366972,0.201835,0.137615,0.0917431,0.33945,0.119266,0.192661,0.100917,0.0550459,0.0825688,0.0550459,0.0733945,0.0825688,0.330275,0.376147,0.0642202,0.238532,0.100917,0.0550459,0.0642202,0.174312,0.119266,0.238532,0.119266,0.146789,0.110092,0.137615,0.238532,0.0550459,0.174312,0.0458716,0.0825688,0.0733945,0.137615,0.146789,0.229358,0.119266,
0.109091,0.109091,0.0636364,0.109091,0.0636364,0.0181818,0.0545455,0.0727273,0.181818,0.0818182,0.0454545,0.0727273,0.181818,0.281818,0.0818182,0.345455,0.0818182,0.290909,0.0272727,0.236364,0.0727273,0.0727273,0.0727273,0.0909091,0.118182,0.172727,0.0363636,0.0818182,0.145455,0.0545455,0.0636364,0.2,0.0636364,0.281818,0.0636364,0.0454545,0.0454545,0.0363636,0.0363636,0.2,0.136364,0.0909091,0.336364,0.118182,0.190909,0.1,0.0545455,0.0818182,0.0545455,0.0727273,0.0818182,0.327273,0.372727,0.0636364,0.236364,0.1,0.0545455,0.0636364,0.172727,0.118182,0.236364,0.118182,0.145455,0.109091,0.136364,0.236364,0.0545455,0.172727,0.0454545,0.0818182,0.0727273,0.136364,0.145455,0.227273,0.118182,
0.108108,0.108108,0.0630631,0.108108,0.0630631,0.018018,0.0540541,0.0720721,0.18018,0.0810811,0.045045,0.0720721,0.18018,0.279279,0.0810811,0.342342,0.0810811,0.288288,0.027027,0.243243,0.0720721,0.0720721,0.0720721,0.0900901,0.117117,0.171171,0.036036,0.0810811,0.144144,0.0540541,0.0630631,0.198198,0.0630631,0.279279,0.0630631,0.045045,0.045045,0.036036,0.036036,0.198198,0.135135,0.0900901,0.333333,0.117117,0.189189,0.0990991,0.0540541,0.0810811,0.0540541,0.0720721,0.0810811,0.324324,0.369369,0.0630631,0.234234,0.0990991,0.0540541,0.0630631,0.171171,0.117117,0.234234,0.117117,0.144144,0.108108,0.135135,0.234234,0.0540541,0.171171,0.045045,0.0810811,0.0720721,0.135135,0.144144,0.225225,0.117117,
0.107143,0.107143,0.0714286,0.107143,0.0625,0.0357143,0.0535714,0.0714286,0.178571,0.0803571,0.0446429,0.0714286,0.178571,0.276786,0.0803571,0.339286,0.0803571,0.285714,0.0267857,0.241071,0.0714286,0.0714286,0.0714286,0.0892857,0.116071,0.169643,0.0357143,0.0803571,0.142857,0.0535714,0.0625,0.196429,0.0625,0.276786,0.0625,0.0446429,0.0446429,0.0357143,0.0357143,0.196429,0.133929,0.0892857,0.330357,0.116071,0.1875,0.0982143,0.0535714,0.0803571,0.0535714,0.0714286,0.0803571,0.321429,0.366071,0.0625,0.232143,0.0982143,0.0535714,0.0625,0.169643,0.116071,0.232143,0.116071,0.142857,0.107143,0.133929,0.232143,0.0535714,0.169643,0.0446429,0.0803571,0.0714286,0.133929,0.142857,0.223214,0.116071,
0.106195,0.106195,0.0707965,0.106195,0.0619469,0.0353982,0.0530973,0.0707965,0.176991,0.079646,0.0442478,0.0707965,0.176991,0.274336,0.079646,0.336283,0.079646,0.283186,0.0265487,0.238938,0.0707965,0.0707965,0.0707965,0.0884956,0.115044,0.168142,0.0353982,0.079646,0.141593,0.0530973,0.0619469,0.19469,0.0619469,0.274336,0.0619469,0.0442478,0.0442478,0.0353982,0.0353982,0.19469,0.141593,0.0884956,0.327434,0.123894,0.185841,0.0973451,0.0530973,0.079646,0.0530973,0.0707965,0.079646,0.318584,0.362832,0.0619469,0.230088,0.0973451,0.0530973,0.0619469,0.168142,0.115044,0.230088,0.115044,0.141593,0.106195,0.132743,0.230088,0.0530973,0.168142,0.0442478,0.079646,0.0707965,0.132743,0.141593,0.221239,0.115044,
0.105263,0.105263,0.0701754,0.105263,0.0614035,0.0350877,0.0526316,0.0701754,0.175439,0.0789474,0.0438596,0.0701754,0.175439,0.27193,0.0789474,0.333333,0.0789474,0.280702,0.0263158,0.236842,0.0701754,0.0701754,0.0701754,0.0964912,0.114035,0.166667,0.0350877,0.0789474,0.140351,0.0526316,0.0614035,0.192982,0.0614035,0.27193,0.0614035,0.0438596,0.0438596,0.0350877,0.0350877,0.192982,0.149123,0.0877193,0.324561,0.122807,0.184211,0.0964912,0.0526316,0.0789474,0.0526316,0.0701754,0.0789474,0.315789,0.359649,0.0614035,0.22807,0.0964912,0.0526316,0.0614035,0.166667,0.114035,0.22807,0.114035,0.140351,0.105263,0.131579,0.22807,0.0526316,0.166667,0.0438596,0.0789474,0.0701754,0.131579,0.140351,0.219298,0.114035,
0.104348,0.104348,0.0695652,0.104348,0.0608696,0.0347826,0.0521739,0.0695652,0.173913,0.0782609,0.0434783,0.0695652,0.173913,0.269565,0.0782609,0.330435,0.0782609,0.278261,0.026087,0.234783,0.0695652,0.0695652,0.0695652,0.0956522,0.113043,0.165217,0.0347826,0.0782609,0.13913,0.0521739,0.0608696,0.191304,0.0608696,0.269565,0.0608696,0.0434783,0.0434783,0.0347826,0.0347826,0.191304,0.147826,0.0869565,0.321739,0.121739,0.182609,0.0956522,0.0521739,0.0782609,0.0521739,0.0695652,0.0782609,0.313043,0.356522,0.0608696,0.226087,0.0956522,0.0521739,0.0608696,0.165217,0.113043,0.226087,0.113043,0.13913,0.104348,0.130435,0.226087,0.0521739,0.165217,0.0434783,0.0782609,0.0695652,0.130435,0.13913,0.217391,0.113043,
0.103448,0.103448,0.0689655,0.103448,0.0603448,0.0344828,0.0517241,0.0689655,0.172414,0.0775862,0.0431034,0.0689655,0.172414,0.267241,0.0775862,0.327586,0.0775862,0.275862,0.0258621,0.232759,0.0689655,0.0689655,0.0689655,0.0948276,0.112069,0.163793,0.0344828,0.0775862,0.137931,0.0603448,0.0603448,0.189655,0.0603448,0.267241,0.0603448,0.0431034,0.0431034,0.0344828,0.0344828,0.189655,0.146552,0.0862069,0.318966,0.12069,0.181034,0.0948276,0.0603448,0.0775862,0.0517241,0.0689655,0.0775862,0.310345,0.353448,0.0603448,0.224138,0.0948276,0.0517241,0.0603448,0.163793,0.112069,0.224138,0.12069,0.172414,0.103448,0.12931,0.224138,0.0517241,0.163793,0.0431034,0.0775862,0.0689655,0.12931,0.137931,0.215517,0.112069,
0.102564,0.102564,0.0683761,0.102564,0.0598291,0.034188,0.0512821,0.0683761,0.17094,0.0769231,0.042735,0.0683761,0.17094,0.264957,0.0769231,0.333333,0.0769231,0.273504,0.025641,0.230769,0.0683761,0.0683761,0.0683761,0.0940171,0.111111,0.162393,0.034188,0.0769231,0.136752,0.0598291,0.0598291,0.188034,0.0598291,0.264957,0.0598291,0.042735,0.042735,0.034188,0.034188,0.188034,0.145299,0.0854701,0.316239,0.119658,0.179487,0.0940171,0.0769231,0.0769231,0.0512821,0.0683761,0.0769231,0.307692,0.350427,0.0598291,0.222222,0.0940171,0.0512821,0.0683761,0.162393,0.111111,0.222222,0.119658,0.17094,0.102564,0.128205,0.222222,0.0512821,0.162393,0.042735,0.0769231,0.0683761,0.128205,0.136752,0.213675,0.111111,
0.101695,0.101695,0.0677966,0.101695,0.059322,0.0338983,0.0508475,0.0677966,0.169492,0.0762712,0.0423729,0.0677966,0.169492,0.262712,0.0762712,0.330508,0.0762712,0.271186,0.0254237,0.228814,0.0677966,0.0677966,0.0762712,0.0932203,0.110169,0.161017,0.0338983,0.0762712,0.135593,0.059322,0.059322,0.186441,0.059322,0.262712,0.059322,0.0423729,0.0423729,0.0338983,0.0338983,0.186441,0.144068,0.0847458,0.313559,0.118644,0.177966,0.0932203,0.0762712,0.0762712,0.0508475,0.0677966,0.0762712,0.305085,0.347458,0.059322,0.220339,0.101695,0.0508475,0.0677966,0.161017,0.110169,0.220339,0.118644,0.169492,0.101695,0.127119,0.220339,0.0508475,0.161017,0.0423729,0.0762712,0.0762712,0.127119,0.135593,0.211864,0.110169,
0.10084,0.10084,0.0672269,0.10084,0.0588235,0.0336134,0.0504202,0.0672269,0.168067,0.0756303,0.0420168,0.0672269,0.168067,0.260504,0.0756303,0.327731,0.0756303,0.268908,0.0252101,0.226891,0.0672269,0.0672269,0.0756303,0.092437,0.109244,0.159664,0.0336134,0.0756303,0.134454,0.0588235,0.0588235,0.184874,0.0588235,0.260504,0.0588235,0.0420168,0.0420168,0.0336134,0.0336134,0.184874,0.142857,0.0840336,0.310924,0.117647,0.176471,0.092437,0.0756303,0.0756303,0.0504202,0.0672269,0.0756303,0.302521,0.344538,0.0588235,0.218487,0.10084,0.0504202,0.0672269,0.159664,0.109244,0.218487,0.117647,0.168067,0.10084,0.12605,0.218487,0.0504202,0.159664,0.0420168,0.0756303,0.0840336,0.12605,0.134454,0.210084,0.109244,
0.1,0.1,0.0666667,0.1,0.0583333,0.0333333,0.05,0.0666667,0.166667,0.075,0.0416667,0.0666667,0.166667,0.258333,0.075,0.325,0.075,0.266667,0.025,0.225,0.0666667,0.0666667,0.075,0.0916667,0.108333,0.166667,0.0333333,0.075,0.133333,0.0583333,0.0583333,0.183333,0.0583333,0.258333,0.0583333,0.0416667,0.0416667,0.0333333,0.0333333,0.183333,0.141667,0.0916667,0.308333,0.116667,0.175,0.0916667,0.075,0.075,0.05,0.0666667,0.075,0.3,0.341667,0.0583333,0.216667,0.1,0.05,0.0666667,0.158333,0.108333,0.216667,0.116667,0.166667,0.1,0.125,0.225,0.05,0.158333,0.0416667,0.075,0.0833333,0.125,0.133333,0.208333,0.108333,
0.0991736,0.0991736,0.0661157,0.0991736,0.0578512,0.0330579,0.0495868,0.0661157,0.165289,0.0743802,0.0413223,0.0661157,0.165289,0.256198,0.0743802,0.322314,0.0743802,0.264463,0.0247934,0.22314,0.0661157,0.0661157,0.0743802,0.0909091,0.107438,0.165289,0.0330579,0.0743802,0.132231,0.0578512,0.0578512,0.181818,0.0578512,0.256198,0.0578512,0.0413223,0.0413223,0.0330579,0.0330579,0.181818,0.140496,0.0909091,0.305785,0.115702,0.173554,0.0909091,0.0743802,0.0743802,0.0495868,0.0661157,0.0743802,0.297521,0.338843,0.0578512,0.214876,0.0991736,0.0495868,0.0661157,0.157025,0.115702,0.214876,0.115702,0.165289,0.0991736,0.123967,0.22314,0.0495868,0.157025,0.0413223,0.0743802,0.0909091,0.123967,0.132231,0.206612,0.107438,
0.0983607,0.0983607,0.0655738,0.0983607,0.057377,0.0327869,0.0491803,0.0655738,0.163934,0.0737705,0.0409836,0.0655738,0.163934,0.254098,0.0737705,0.319672,0.0737705,0.262295,0.0245902,0.221311,0.0655738,0.0655738,0.0737705,0.0901639,0.106557,0.163934,0.0327869,0.0901639,0.131148,0.057377,0.057377,0.180328,0.057377,0.262295,0.057377,0.0409836,0.0409836,0.057377,0.0327869,0.180328,0.139344,0.0901639,0.303279,0.114754,0.172131,0.0901639,0.0737705,0.0737705,0.0491803,0.0655738,0.0737705,0.295082,0.336066,0.057377,0.213115,0.0983607,0.0491803,0.0655738,0.155738,0.114754,0.213115,0.114754,0.163934,0.0983607,0.122951,0.221311,0.0491803,0.155738,0.0409836,0.0737705,0.0901639,0.122951,0.131148,0.213115,0.106557,
0.097561,0.097561,0.0650407,0.097561,0.0569106,0.0406504,0.0487805,0.0650407,0.162602,0.0731707,0.0406504,0.0650407,0.162602,0.252033,0.0731707,0.317073,0.0731707,0.260163,0.0243902,0.219512,0.0650407,0.0650407,0.0731707,0.0894309,0.105691,0.162602,0.0325203,0.0894309,0.130081,0.0569106,0.0569106,0.178862,0.0569106,0.260163,0.0569106,0.0406504,0.0406504,0.0569106,0.0325203,0.178862,0.138211,0.0894309,0.300813,0.113821,0.170732,0.0894309,0.0731707,0.0731707,0.0487805,0.0650407,0.0731707,0.292683,0.333333,0.0569106,0.211382,0.097561,0.0487805,0.0650407,0.154472,0.113821,0.211382,0.113821,0.162602,0.097561,0.121951,0.219512,0.0487805,0.170732,0.0406504,0.0731707,0.0894309,0.121951,0.130081,0.252033,0.105691,
0.0967742,0.0967742,0.0645161,0.0967742,0.0564516,0.0403226,0.0564516,0.0645161,0.16129,0.0725806,0.0403226,0.0645161,0.16129,0.25,0.0725806,0.314516,0.0725806,0.258065,0.0241935,0.217742,0.0645161,0.0725806,0.0725806,0.0887097,0.104839,0.16129,0.0322581,0.0887097,0.129032,0.0564516,0.0564516,0.177419,0.0564516,0.258065,0.0564516,0.0403226,0.0403226,0.0564516,0.0322581,0.177419,0.137097,0.0887097,0.298387,0.129032,0.169355,0.0887097,0.0725806,0.0725806,0.0483871,0.0645161,0.0725806,0.290323,0.330645,0.0564516,0.209677,0.0967742,0.0483871,0.0645161,0.153226,0.112903,0.209677,0.112903,0.16129,0.0967742,0.120968,0.217742,0.0483871,0.169355,0.0403226,0.0725806,0.0887097,0.120968,0.129032,0.258065,0.104839,
0.096,0.096,0.064,0.096,0.064,0.04,0.056,0.064,0.16,0.072,0.04,0.064,0.16,0.248,0.072,0.312,0.072,0.256,0.024,0.216,0.064,0.072,0.072,0.096,0.104,0.16,0.032,0.088,0.128,0.056,0.056,0.176,0.064,0.256,0.056,0.04,0.04,0.056,0.032,0.176,0.136,0.088,0.296,0.128,0.192,0.088,0.072,0.072,0.048,0.064,0.072,0.288,0.328,0.056,0.208,0.096,0.048,0.064,0.152,0.112,0.208,0.112,0.16,0.096,0.12,0.216,0.048,0.168,0.04,0.072,0.088,0.12,0.128,0.256,0.104,
