1.73077,2.53846,0.576923,1.53846,0.807692,0.923077,0.230769,2.53846,1.57692,1.92308,1.96154,0.730769,2.11538,2.26923,2.57692,2.07692,1.42308,1.42308,1.30769,1.34615,1.30769,1.11538,2.19231,1.80769,1.42308,0.576923,1,0.5,0.692308,0.807692,1.11538,0.384615,1.73077,1.46154,0.576923,0.230769,1.92308,2.26923,0.384615,0.346154,0.615385,1.84615,1.76923,2.92308,1.53846,1.61538,2.34615,2.03846,0.807692,1.5,1.69231,2.19231,1.69231,1.88462,2.65385,1.69231,0.576923,1.92308,1.84615,0.961538,2.57692,0.153846,1.88462,1,0.384615,0.730769,1.84615,1.03846,1.61538,2.15385,1.15385,1.80769,0.769231,1.65385,0.307692,
1.77778,2.51852,0.592593,1.48148,0.962963,0.962963,0.296296,2.48148,1.59259,1.96296,1.88889,0.740741,2.14815,2.33333,2.48148,2.22222,1.55556,1.40741,1.33333,1.33333,1.33333,1.14815,2.22222,1.85185,1.48148,0.740741,1.03704,0.555556,0.814815,0.814815,1.14815,0.518519,1.85185,1.44444,0.62963,0.259259,1.96296,2.2963,0.444444,0.407407,0.62963,1.81481,1.77778,2.88889,1.59259,1.55556,2.2963,2.11111,0.814815,1.62963,1.66667,2.14815,1.66667,1.88889,2.59259,1.66667,0.62963,1.88889,1.81481,1.03704,2.48148,0.185185,1.85185,1,0.407407,0.777778,1.85185,1,1.55556,2.22222,1.18519,1.85185,0.814815,1.66667,0.37037,
1.75,2.46429,0.642857,1.42857,1.03571,0.928571,0.392857,2.46429,1.64286,1.89286,1.82143,0.714286,2.17857,2.39286,2.42857,2.39286,1.60714,1.5,1.35714,1.28571,1.32143,1.17857,2.21429,1.85714,1.5,0.785714,1.03571,0.607143,0.928571,0.857143,1.21429,0.535714,2,1.42857,0.678571,0.285714,1.92857,2.32143,0.535714,0.535714,0.642857,1.78571,1.96429,2.89286,1.64286,1.5,2.25,2.17857,0.892857,1.67857,1.64286,2.10714,1.64286,1.96429,2.60714,1.67857,0.678571,1.85714,1.82143,1.03571,2.46429,0.214286,1.82143,0.964286,0.428571,0.821429,1.85714,0.964286,1.53571,2.21429,1.25,1.82143,0.857143,1.64286,0.5,
1.82759,2.44828,0.689655,1.37931,1.10345,0.896552,0.482759,2.44828,1.68966,1.82759,1.75862,0.689655,2.17241,2.37931,2.37931,2.48276,1.68966,1.55172,1.37931,1.27586,1.31034,1.17241,2.24138,1.86207,1.48276,0.827586,1.03448,0.62069,1.03448,0.896552,1.27586,0.551724,2.17241,1.48276,0.758621,0.310345,1.89655,2.34483,0.586207,0.655172,0.655172,1.7931,1.96552,2.86207,1.65517,1.48276,2.2069,2.2069,0.931034,1.68966,1.62069,2.10345,1.65517,2.03448,2.65517,1.65517,0.724138,1.82759,1.82759,1.10345,2.41379,0.241379,1.7931,0.965517,0.413793,0.827586,1.86207,0.931034,1.48276,2.24138,1.31034,1.7931,0.862069,1.62069,0.62069,
1.86667,2.4,0.733333,1.36667,1.2,0.933333,0.6,2.46667,1.73333,1.8,1.7,0.666667,2.2,2.36667,2.33333,2.43333,1.83333,1.66667,1.4,1.23333,1.3,1.16667,2.26667,1.86667,1.46667,0.866667,1.03333,0.633333,1.13333,1,1.3,0.6,2.16667,1.53333,0.766667,0.333333,1.9,2.33333,0.633333,0.7,0.666667,1.86667,2.06667,2.83333,1.63333,1.5,2.16667,2.2,0.966667,1.66667,1.6,2.06667,1.66667,2.13333,2.66667,1.63333,0.766667,1.8,1.8,1.26667,2.36667,0.3,1.8,0.966667,0.4,0.9,1.86667,0.933333,1.43333,2.26667,1.33333,1.76667,0.833333,1.63333,0.766667,
1.90323,2.35484,0.774194,1.35484,1.25806,0.967742,0.645161,2.45161,1.77419,1.77419,1.64516,0.645161,2.22581,2.35484,2.29032,2.48387,1.87097,1.77419,1.41935,1.19355,1.29032,1.19355,2.22581,1.83871,1.45161,0.967742,1.03226,0.645161,1.19355,1.09677,1.35484,0.645161,2.12903,1.51613,0.806452,0.322581,1.87097,2.32258,0.645161,0.774194,0.709677,1.90323,2.12903,2.77419,1.58065,1.51613,2.12903,2.19355,1.03226,1.67742,1.58065,2.03226,1.64516,2.16129,2.64516,1.64516,0.806452,1.80645,1.77419,1.29032,2.32258,0.322581,1.80645,0.967742,0.387097,0.903226,1.87097,0.903226,1.3871,2.29032,1.35484,1.74194,0.806452,1.64516,0.806452,
1.96875,2.3125,0.8125,1.34375,1.28125,0.96875,0.6875,2.46875,1.8125,1.75,1.59375,0.65625,2.1875,2.40625,2.25,2.46875,1.9375,1.78125,1.4375,1.1875,1.28125,1.25,2.1875,1.84375,1.4375,1.03125,1.03125,0.6875,1.1875,1.1875,1.40625,0.6875,2.125,1.53125,0.8125,0.34375,1.84375,2.3125,0.65625,0.84375,0.75,1.9375,2.125,2.71875,1.5625,1.53125,2.09375,2.21875,1.15625,1.6875,1.5625,2,1.625,2.1875,2.625,1.625,0.84375,1.875,1.8125,1.34375,2.34375,0.34375,1.8125,0.96875,0.375,0.90625,1.875,0.90625,1.34375,2.25,1.375,1.71875,0.78125,1.6875,0.90625,
1.9697,2.27273,0.878788,1.30303,1.33333,0.969697,0.727273,2.45455,1.84848,1.69697,1.54545,0.666667,2.18182,2.45455,2.21212,2.48485,2,1.81818,1.45455,1.18182,1.27273,1.21212,2.15152,1.84848,1.42424,1.12121,1.0303,0.727273,1.18182,1.27273,1.45455,0.69697,2.12121,1.54545,0.848485,0.333333,1.81818,2.30303,0.666667,1,0.848485,1.9697,2.15152,2.66667,1.54545,1.54545,2.06061,2.18182,1.15152,1.69697,1.54545,1.9697,1.60606,2.24242,2.66667,1.66667,0.878788,1.93939,1.81818,1.33333,2.33333,0.363636,1.84848,0.969697,0.393939,0.939394,1.87879,0.939394,1.30303,2.21212,1.39394,1.69697,0.787879,1.72727,0.969697,
1.97059,2.23529,0.941176,1.26471,1.32353,0.970588,0.735294,2.44118,1.91176,1.64706,1.5,0.676471,2.14706,2.47059,2.17647,2.47059,2.05882,1.85294,1.47059,1.14706,1.26471,1.17647,2.11765,1.82353,1.41176,1.20588,1.02941,0.764706,1.20588,1.32353,1.5,0.764706,2.11765,1.5,0.911765,0.323529,1.79412,2.29412,0.676471,1.11765,0.941176,1.94118,2.17647,2.61765,1.5,1.58824,2.02941,2.14706,1.20588,1.67647,1.52941,1.94118,1.64706,2.29412,2.67647,1.70588,0.911765,1.97059,1.82353,1.32353,2.35294,0.352941,1.88235,0.970588,0.382353,1.02941,1.88235,0.970588,1.26471,2.20588,1.41176,1.67647,0.794118,1.76471,1,
1.97143,2.2,0.914286,1.22857,1.37143,0.971429,0.742857,2.42857,1.91429,1.62857,1.45714,0.685714,2.11429,2.45714,2.14286,2.51429,2.11429,1.88571,1.51429,1.11429,1.25714,1.14286,2.08571,1.8,1.37143,1.25714,1.02857,0.8,1.22857,1.37143,1.6,0.828571,2.11429,1.48571,1,0.342857,1.77143,2.28571,0.685714,1.11429,0.971429,1.94286,2.28571,2.57143,1.45714,1.62857,2,2.11429,1.28571,1.65714,1.51429,1.91429,1.71429,2.28571,2.71429,1.71429,0.942857,2.02857,1.82857,1.31429,2.34286,0.371429,1.91429,0.971429,0.371429,1.11429,1.88571,1,1.22857,2.2,1.42857,1.65714,0.8,1.8,1,
1.97222,2.16667,0.888889,1.22222,1.41667,0.972222,0.777778,2.41667,1.94444,1.61111,1.41667,0.722222,2.08333,2.47222,2.11111,2.55556,2.16667,1.86111,1.55556,1.08333,1.25,1.11111,2.05556,1.80556,1.38889,1.30556,1.02778,0.833333,1.25,1.41667,1.69444,0.888889,2.11111,1.47222,1.08333,0.388889,1.75,2.27778,0.694444,1.13889,1,1.94444,2.38889,2.52778,1.41667,1.66667,1.97222,2.08333,1.36111,1.63889,1.5,1.88889,1.75,2.27778,2.75,1.75,0.972222,2.08333,1.86111,1.30556,2.36111,0.388889,1.94444,0.972222,0.361111,1.22222,1.88889,1.05556,1.19444,2.19444,1.44444,1.63889,0.805556,1.83333,1.05556,
1.97297,2.13514,0.864865,1.18919,1.43243,0.972973,0.810811,2.40541,1.97297,1.59459,1.37838,0.756757,2.05405,2.45946,2.10811,2.59459,2.18919,1.86486,1.59459,1.05405,1.24324,1.08108,2.02703,1.78378,1.40541,1.35135,1.02703,0.864865,1.27027,1.45946,1.78378,0.945946,2.10811,1.45946,1.16216,0.405405,1.72973,2.27027,0.702703,1.16216,1.02703,1.91892,2.43243,2.48649,1.40541,1.7027,1.94595,2.05405,1.40541,1.62162,1.48649,1.86486,1.78378,2.27027,2.81081,1.75676,1,2.10811,1.86486,1.2973,2.35135,0.378378,1.97297,0.972973,0.351351,1.24324,1.89189,1.08108,1.16216,2.18919,1.45946,1.59459,0.810811,1.86486,1.10811,
1.97368,2.10526,0.842105,1.21053,1.44737,0.973684,0.842105,2.39474,1.97368,1.57895,1.34211,0.789474,2.02632,2.44737,2.07895,2.60526,2.21053,1.86842,1.63158,1.02632,1.26316,1.05263,2,1.76316,1.39474,1.39474,1.05263,0.894737,1.28947,1.5,1.86842,1,2.10526,1.42105,1.21053,0.421053,1.71053,2.26316,0.710526,1.15789,1.05263,1.89474,2.47368,2.44737,1.36842,1.71053,1.92105,2.02632,1.42105,1.60526,1.47368,1.84211,1.78947,2.26316,2.81579,1.76316,1.02632,2.10526,1.84211,1.28947,2.34211,0.368421,1.97368,0.973684,0.342105,1.21053,1.92105,1.10526,1.13158,2.18421,1.47368,1.55263,0.815789,1.89474,1.13158,
1.97436,2.07692,0.820513,1.23077,1.46154,0.974359,0.871795,2.38462,2.02564,1.5641,1.30769,0.820513,2,2.4359,2.05128,2.61538,2.23077,1.87179,1.64103,1.02564,1.25641,1.02564,1.97436,1.76923,1.38462,1.4359,1.07692,0.923077,1.30769,1.53846,1.94872,1.05128,2.10256,1.38462,1.28205,0.435897,1.69231,2.25641,0.717949,1.15385,1.10256,1.87179,2.53846,2.4359,1.33333,1.74359,1.89744,2,1.4359,1.58974,1.46154,1.82051,1.79487,2.25641,2.82051,1.74359,1.05128,2.10256,1.82051,1.28205,2.33333,0.358974,1.97436,0.974359,0.333333,1.17949,1.92308,1.15385,1.10256,2.20513,1.51282,1.51282,0.820513,1.92308,1.15385,
1.975,2.05,0.8,1.25,1.475,0.975,0.9,2.375,2.075,1.55,1.275,0.85,1.975,2.425,2.05,2.625,2.25,1.875,1.65,1,1.25,1,1.95,1.75,1.375,1.475,1.1,0.95,1.3,1.575,2,1.1,2.1,1.35,1.3,0.45,1.7,2.25,0.725,1.175,1.15,1.875,2.55,2.4,1.3,1.775,1.875,1.975,1.45,1.575,1.45,1.8,1.8,2.225,2.8,1.725,1.075,2.1,1.8,1.275,2.325,0.35,1.975,0.975,0.35,1.15,1.925,1.175,1.075,2.225,1.55,1.475,0.825,1.95,1.175,
1.97561,2.02439,0.804878,1.26829,1.5122,0.95122,0.926829,2.36585,2.12195,1.53659,1.2439,0.878049,1.95122,2.41463,2.02439,2.63415,2.26829,1.87805,1.65854,1.02439,1.2439,0.97561,1.92683,1.73171,1.36585,1.5122,1.12195,0.97561,1.29268,1.60976,2.04878,1.12195,2.09756,1.31707,1.31707,0.463415,1.70732,2.2439,0.731707,1.19512,1.21951,1.87805,2.58537,2.39024,1.26829,1.80488,1.85366,1.95122,1.46341,1.56098,1.43902,1.78049,1.80488,2.19512,2.78049,1.70732,1.09756,2.09756,1.78049,1.26829,2.31707,0.365854,1.97561,0.97561,0.365854,1.12195,1.92683,1.19512,1.04878,2.2439,1.58537,1.43902,0.829268,1.97561,1.19512,
1.97619,2,0.809524,1.28571,1.52381,0.928571,0.952381,2.35714,2.16667,1.52381,1.21429,0.904762,1.92857,2.40476,2,2.64286,2.28571,1.85714,1.66667,1.02381,1.2381,0.952381,1.90476,1.7381,1.35714,1.54762,1.14286,1,1.2619,1.64286,2.07143,1.14286,2.09524,1.30952,1.30952,0.47619,1.69048,2.2381,0.738095,1.19048,1.28571,1.88095,2.61905,2.35714,1.2619,1.83333,1.83333,1.92857,1.47619,1.54762,1.42857,1.7619,1.80952,2.16667,2.7619,1.69048,1.11905,2.09524,1.7619,1.2619,2.28571,0.357143,1.97619,0.97619,0.380952,1.09524,1.92857,1.2381,1.02381,2.21429,1.59524,1.40476,0.833333,2,1.21429,
1.97674,1.97674,0.813953,1.30233,1.53488,0.906977,0.976744,2.34884,2.18605,1.51163,1.18605,0.930233,1.90698,2.39535,2,2.62791,2.30233,1.86047,1.67442,1.02326,1.23256,0.930233,1.88372,1.72093,1.34884,1.5814,1.16279,1.02326,1.27907,1.67442,2.06977,1.16279,2.09302,1.27907,1.30233,0.488372,1.67442,2.23256,0.744186,1.18605,1.34884,1.88372,2.62791,2.32558,1.25581,1.86047,1.81395,1.90698,1.48837,1.53488,1.4186,1.74419,1.81395,2.13953,2.74419,1.69767,1.13953,2.09302,1.74419,1.25581,2.30233,0.348837,1.97674,0.976744,0.372093,1.06977,1.93023,1.25581,1,2.2093,1.60465,1.37209,0.837209,2.02326,1.25581,
1.97727,1.95455,0.795455,1.31818,1.54545,0.886364,1,2.34091,2.18182,1.5,1.15909,0.954545,1.88636,2.38636,2,2.61364,2.31818,1.86364,1.68182,1.04545,1.22727,0.909091,1.86364,1.70455,1.34091,1.61364,1.18182,1.04545,1.29545,1.70455,2.09091,1.18182,2.09091,1.25,1.31818,0.522727,1.65909,2.22727,0.75,1.18182,1.38636,1.88636,2.63636,2.29545,1.22727,1.88636,1.79545,1.88636,1.5,1.52273,1.40909,1.72727,1.81818,2.11364,2.75,1.68182,1.15909,2.09091,1.72727,1.25,2.29545,0.340909,1.97727,0.977273,0.363636,1.04545,1.93182,1.27273,0.977273,2.22727,1.61364,1.34091,0.840909,2.04545,1.29545,
1.97778,1.93333,0.777778,1.33333,1.55556,0.866667,1.02222,2.33333,2.17778,1.48889,1.13333,0.977778,1.86667,2.37778,1.95556,2.6,2.33333,1.84444,1.68889,1.02222,1.22222,0.888889,1.84444,1.71111,1.33333,1.64444,1.17778,1.06667,1.28889,1.73333,2.11111,1.2,2.08889,1.22222,1.33333,0.555556,1.64444,2.22222,0.755556,1.17778,1.4,1.88889,2.64444,2.28889,1.22222,1.91111,1.77778,1.86667,1.51111,1.51111,1.4,1.71111,1.82222,2.08889,2.75556,1.66667,1.17778,2.08889,1.71111,1.24444,2.26667,0.333333,1.97778,0.977778,0.355556,1.04444,1.93333,1.28889,0.955556,2.26667,1.62222,1.31111,0.844444,2.06667,1.28889,
2.02174,1.93478,0.76087,1.36957,1.58696,0.869565,1.08696,2.36957,2.17391,1.5,1.15217,1,1.86957,2.36957,1.93478,2.63043,2.3913,1.86957,1.76087,1,1.23913,0.913043,1.86957,1.71739,1.32609,1.69565,1.17391,1.1087,1.28261,1.78261,2.19565,1.21739,2.13043,1.19565,1.34783,0.630435,1.67391,2.28261,0.804348,1.19565,1.47826,1.8913,2.58696,2.26087,1.21739,1.93478,1.78261,1.91304,1.6087,1.58696,1.41304,1.69565,1.95652,2.08696,2.84783,1.67391,1.17391,2.15217,1.76087,1.28261,2.23913,0.326087,2.02174,1,0.347826,1.1087,1.97826,1.28261,0.934783,2.32609,1.65217,1.28261,0.847826,2.08696,1.28261,
2.02128,1.91489,0.744681,1.38298,1.6383,0.893617,1.10638,2.3617,2.21277,1.51064,1.17021,1.06383,1.85106,2.40426,1.91489,2.61702,2.42553,1.89362,1.80851,0.978723,1.25532,0.914894,1.87234,1.76596,1.3617,1.76596,1.19149,1.12766,1.29787,1.76596,2.21277,1.23404,2.10638,1.17021,1.34043,0.659574,1.70213,2.2766,0.808511,1.21277,1.57447,1.91489,2.53191,2.21277,1.21277,1.93617,1.74468,1.89362,1.68085,1.7234,1.42553,1.65957,1.95745,2.08511,2.89362,1.68085,1.14894,2.17021,1.80851,1.29787,2.23404,0.340426,2.02128,0.978723,0.340426,1.19149,2,1.29787,0.914894,2.31915,1.68085,1.2766,0.851064,2.10638,1.31915,
1.97917,1.875,0.75,1.375,1.60417,0.916667,1.14583,2.35417,2.20833,1.5625,1.14583,1.08333,1.8125,2.39583,1.89583,2.64583,2.45833,1.97917,1.89583,0.979167,1.25,0.9375,1.875,1.75,1.39583,1.83333,1.16667,1.16667,1.3125,1.75,2.22917,1.27083,2.125,1.14583,1.3125,0.708333,1.6875,2.27083,0.791667,1.3125,1.625,1.89583,2.47917,2.16667,1.1875,1.95833,1.70833,1.91667,1.77083,1.75,1.4375,1.625,1.91667,2.04167,2.91667,1.75,1.125,2.14583,1.8125,1.35417,2.29167,0.354167,2.04167,0.958333,0.333333,1.27083,2.0625,1.33333,0.895833,2.27083,1.66667,1.27083,0.833333,2.0625,1.375,
1.95918,1.83673,0.755102,1.38776,1.57143,0.938776,1.20408,2.30612,2.20408,1.61224,1.12245,1.12245,1.77551,2.34694,1.85714,2.63265,2.46939,1.93878,1.93878,0.979592,1.22449,1,1.87755,1.7551,1.36735,1.89796,1.14286,1.18367,1.28571,1.73469,2.2449,1.28571,2.14286,1.12245,1.28571,0.693878,1.67347,2.2449,0.795918,1.36735,1.71429,1.87755,2.42857,2.12245,1.16327,1.95918,1.67347,1.89796,1.77551,1.7551,1.46939,1.59184,1.87755,2,2.93878,1.77551,1.10204,2.14286,1.81633,1.34694,2.34694,0.367347,2.06122,0.938776,0.326531,1.32653,2.08163,1.36735,0.877551,2.22449,1.65306,1.28571,0.816327,2.04082,1.40816,
1.94,1.8,0.74,1.42,1.54,0.92,1.22,2.3,2.22,1.66,1.12,1.16,1.74,2.32,1.82,2.58,2.46,1.92,1.98,0.96,1.22,1.08,1.84,1.76,1.34,1.96,1.12,1.18,1.26,1.7,2.24,1.34,2.18,1.1,1.26,0.68,1.7,2.22,0.78,1.34,1.78,1.84,2.38,2.08,1.14,1.98,1.64,1.96,1.78,1.78,1.46,1.56,1.84,1.96,3,1.74,1.1,2.16,1.86,1.4,2.3,0.38,2.02,0.92,0.32,1.42,2.08,1.36,0.86,2.2,1.66,1.3,0.8,2.02,1.42,
1.90196,1.76471,0.745098,1.43137,1.5098,0.901961,1.19608,2.31373,2.23529,1.70588,1.09804,1.17647,1.70588,2.31373,1.78431,2.54902,2.43137,1.92157,2,0.941176,1.21569,1.09804,1.80392,1.76471,1.31373,1.94118,1.09804,1.19608,1.23529,1.66667,2.2549,1.33333,2.23529,1.07843,1.23529,0.686275,1.70588,2.19608,0.764706,1.31373,1.84314,1.80392,2.33333,2.03922,1.11765,1.94118,1.60784,2.03922,1.76471,1.78431,1.45098,1.52941,1.80392,1.92157,3.05882,1.70588,1.07843,2.11765,1.86275,1.45098,2.2549,0.372549,1.98039,0.901961,0.313725,1.45098,2.03922,1.39216,0.843137,2.17647,1.64706,1.29412,0.784314,1.98039,1.39216,
1.86538,1.73077,0.769231,1.48077,1.48077,0.884615,1.17308,2.36538,2.19231,1.73077,1.07692,1.19231,1.67308,2.28846,1.75,2.51923,2.38462,1.92308,1.96154,0.923077,1.19231,1.09615,1.78846,1.76923,1.28846,1.90385,1.07692,1.17308,1.21154,1.63462,2.25,1.32692,2.26923,1.05769,1.21154,0.711538,1.69231,2.17308,0.75,1.28846,1.86538,1.76923,2.28846,2,1.09615,1.90385,1.57692,2.09615,1.73077,1.78846,1.46154,1.5,1.76923,1.88462,3.01923,1.67308,1.05769,2.09615,1.82692,1.46154,2.23077,0.365385,1.94231,0.884615,0.307692,1.48077,2,1.40385,0.826923,2.15385,1.61538,1.28846,0.769231,1.94231,1.40385,
1.83019,1.69811,0.754717,1.50943,1.45283,0.867925,1.15094,2.33962,2.15094,1.71698,1.0566,1.16981,1.64151,2.26415,1.71698,2.4717,2.33962,1.88679,1.92453,0.90566,1.16981,1.11321,1.75472,1.75472,1.26415,1.86792,1.0566,1.15094,1.18868,1.60377,2.22642,1.32075,2.26415,1.03774,1.18868,0.735849,1.69811,2.15094,0.735849,1.26415,1.83019,1.73585,2.24528,1.96226,1.07547,1.86792,1.54717,2.07547,1.69811,1.83019,1.43396,1.4717,1.73585,1.84906,2.98113,1.64151,1.03774,2.09434,1.79245,1.43396,2.18868,0.358491,1.90566,0.867925,0.301887,1.4717,1.96226,1.39623,0.811321,2.15094,1.58491,1.28302,0.754717,1.90566,1.43396,
1.7963,1.66667,0.740741,1.51852,1.42593,0.851852,1.12963,2.33333,2.11111,1.7037,1.03704,1.14815,1.61111,2.24074,1.68519,2.42593,2.2963,1.85185,1.88889,0.888889,1.14815,1.12963,1.72222,1.75926,1.24074,1.83333,1.03704,1.12963,1.16667,1.57407,2.22222,1.33333,2.27778,1.01852,1.18519,0.722222,1.7037,2.12963,0.722222,1.24074,1.7963,1.7037,2.2037,1.92593,1.05556,1.83333,1.51852,2.07407,1.66667,1.87037,1.42593,1.44444,1.7037,1.81481,2.94444,1.61111,1.01852,2.07407,1.75926,1.40741,2.14815,0.351852,1.87037,0.851852,0.296296,1.48148,1.92593,1.37037,0.796296,2.18519,1.55556,1.25926,0.740741,1.87037,1.44444,
1.76364,1.63636,0.727273,1.50909,1.4,0.836364,1.10909,2.34545,2.07273,1.69091,1.01818,1.14545,1.58182,2.21818,1.65455,2.38182,2.25455,1.81818,1.87273,0.872727,1.12727,1.10909,1.69091,1.74545,1.21818,1.8,1.01818,1.10909,1.14545,1.54545,2.2,1.30909,2.27273,1,1.2,0.709091,1.70909,2.12727,0.709091,1.21818,1.76364,1.67273,2.16364,1.89091,1.03636,1.8,1.49091,2.03636,1.63636,1.87273,1.4,1.41818,1.69091,1.78182,2.94545,1.58182,1,2.03636,1.72727,1.38182,2.10909,0.345455,1.83636,0.836364,0.290909,1.50909,1.89091,1.34545,0.781818,2.16364,1.52727,1.27273,0.727273,1.83636,1.43636,
1.75,1.60714,0.714286,1.5,1.375,0.821429,1.08929,2.35714,2.05357,1.67857,1,1.16071,1.57143,2.23214,1.625,2.33929,2.23214,1.78571,1.875,0.857143,1.10714,1.14286,1.66071,1.73214,1.21429,1.78571,1.01786,1.08929,1.14286,1.53571,2.17857,1.28571,2.32143,0.982143,1.17857,0.714286,1.75,2.08929,0.696429,1.21429,1.73214,1.66071,2.125,1.85714,1.01786,1.76786,1.46429,2,1.625,1.875,1.41071,1.39286,1.67857,1.75,2.94643,1.57143,0.982143,2.01786,1.73214,1.375,2.07143,0.339286,1.80357,0.821429,0.285714,1.5,1.85714,1.32143,0.767857,2.14286,1.5,1.26786,0.732143,1.82143,1.42857,
1.73684,1.57895,0.701754,1.47368,1.35088,0.807018,1.07018,2.36842,2.03509,1.64912,0.982456,1.15789,1.54386,2.19298,1.59649,2.29825,2.19298,1.75439,1.84211,0.842105,1.08772,1.12281,1.63158,1.7193,1.19298,1.77193,1.01754,1.07018,1.12281,1.50877,2.14035,1.26316,2.31579,0.964912,1.15789,0.719298,1.75439,2.05263,0.684211,1.19298,1.70175,1.64912,2.08772,1.82456,1,1.73684,1.4386,1.96491,1.61404,1.85965,1.38596,1.36842,1.64912,1.7193,2.89474,1.5614,0.964912,2,1.73684,1.36842,2.03509,0.333333,1.77193,0.807018,0.280702,1.49123,1.82456,1.29825,0.754386,2.10526,1.47368,1.2807,0.719298,1.78947,1.42105,
1.7069,1.55172,0.689655,1.44828,1.32759,0.793103,1.05172,2.36207,2,1.62069,0.965517,1.15517,1.51724,2.15517,1.56897,2.25862,2.15517,1.72414,1.81034,0.827586,1.06897,1.10345,1.60345,1.7069,1.17241,1.74138,1,1.05172,1.10345,1.48276,2.10345,1.24138,2.2931,0.948276,1.13793,0.706897,1.74138,2.01724,0.672414,1.17241,1.67241,1.62069,2.05172,1.7931,0.982759,1.7069,1.41379,1.93103,1.62069,1.86207,1.36207,1.34483,1.62069,1.68966,2.84483,1.53448,0.948276,1.96552,1.74138,1.37931,2,0.327586,1.74138,0.793103,0.275862,1.48276,1.7931,1.27586,0.741379,2.06897,1.44828,1.25862,0.706897,1.75862,1.44828,
1.69492,1.52542,0.677966,1.42373,1.30508,0.779661,1.0339,2.33898,1.9661,1.59322,0.949153,1.13559,1.49153,2.11864,1.55932,2.22034,2.11864,1.69492,1.77966,0.830508,1.05085,1.08475,1.59322,1.67797,1.15254,1.71186,0.983051,1.0339,1.11864,1.47458,2.0678,1.23729,2.25424,0.932203,1.11864,0.694915,1.74576,1.98305,0.661017,1.15254,1.64407,1.59322,2.01695,1.76271,0.966102,1.67797,1.38983,1.91525,1.61017,1.84746,1.33898,1.32203,1.59322,1.66102,2.79661,1.50847,0.932203,1.9322,1.77966,1.35593,1.98305,0.355932,1.71186,0.79661,0.288136,1.47458,1.76271,1.27119,0.728814,2.0339,1.44068,1.23729,0.711864,1.72881,1.45763,
1.68333,1.5,0.683333,1.4,1.28333,0.766667,1.01667,2.3,1.95,1.56667,0.933333,1.11667,1.46667,2.08333,1.53333,2.18333,2.08333,1.66667,1.75,0.833333,1.03333,1.06667,1.56667,1.65,1.13333,1.7,0.966667,1.01667,1.11667,1.46667,2.03333,1.23333,2.21667,0.916667,1.1,0.683333,1.71667,1.96667,0.65,1.13333,1.61667,1.56667,1.98333,1.73333,0.95,1.65,1.36667,1.9,1.6,1.83333,1.33333,1.3,1.56667,1.63333,2.78333,1.48333,0.916667,1.91667,1.78333,1.33333,1.96667,0.366667,1.68333,0.783333,0.283333,1.46667,1.75,1.25,0.716667,2,1.41667,1.21667,0.716667,1.71667,1.43333,
1.67213,1.47541,0.688525,1.37705,1.2623,0.770492,1,2.2623,1.93443,1.54098,0.934426,1.09836,1.44262,2.04918,1.5082,2.14754,2.04918,1.63934,1.72131,0.836066,1.01639,1.04918,1.55738,1.62295,1.11475,1.68852,0.95082,1,1.11475,1.47541,2,1.21311,2.18033,0.901639,1.08197,0.688525,1.68852,1.93443,0.655738,1.13115,1.59016,1.54098,1.95082,1.70492,0.934426,1.62295,1.34426,1.86885,1.60656,1.81967,1.31148,1.27869,1.54098,1.62295,2.7541,1.45902,0.901639,1.88525,1.80328,1.31148,1.93443,0.360656,1.65574,0.770492,0.278689,1.47541,1.72131,1.22951,0.704918,1.96721,1.40984,1.19672,0.737705,1.68852,1.40984,
1.66129,1.45161,0.677419,1.35484,1.24194,0.758065,0.983871,2.22581,1.90323,1.51613,0.951613,1.08065,1.41935,2.03226,1.48387,2.1129,2.01613,1.6129,1.69355,0.822581,1.01613,1.04839,1.54839,1.59677,1.09677,1.66129,0.935484,0.983871,1.1129,1.48387,1.96774,1.19355,2.14516,0.887097,1.06452,0.677419,1.67742,1.90323,0.645161,1.16129,1.56452,1.51613,1.91935,1.67742,0.919355,1.6129,1.32258,1.83871,1.6129,1.79032,1.29032,1.25806,1.53226,1.59677,2.70968,1.43548,0.887097,1.85484,1.80645,1.29032,1.90323,0.370968,1.62903,0.758065,0.274194,1.46774,1.69355,1.20968,0.693548,1.93548,1.3871,1.17742,0.758065,1.67742,1.3871,
1.66667,1.42857,0.698413,1.33333,1.22222,0.746032,0.968254,2.19048,1.87302,1.49206,0.968254,1.06349,1.39683,2.01587,1.46032,2.11111,1.98413,1.5873,1.66667,0.809524,1,1.03175,1.52381,1.57143,1.07937,1.65079,0.920635,1,1.12698,1.49206,1.93651,1.19048,2.11111,0.873016,1.06349,0.714286,1.65079,1.87302,0.650794,1.1746,1.55556,1.49206,1.88889,1.65079,0.904762,1.60317,1.30159,1.80952,1.61905,1.77778,1.26984,1.2381,1.52381,1.57143,2.66667,1.4127,0.873016,1.8254,1.8254,1.26984,1.88889,0.396825,1.60317,0.746032,0.269841,1.49206,1.66667,1.19048,0.68254,1.90476,1.36508,1.15873,0.761905,1.68254,1.38095,
1.65625,1.40625,0.703125,1.32812,1.20312,0.734375,0.953125,2.15625,1.84375,1.46875,0.953125,1.04688,1.375,2,1.4375,2.09375,1.95312,1.5625,1.64062,0.796875,0.984375,1.01562,1.5,1.54688,1.0625,1.64062,0.90625,1.04688,1.15625,1.5,1.90625,1.17188,2.07812,0.859375,1.07812,0.734375,1.625,1.84375,0.640625,1.1875,1.54688,1.46875,1.85938,1.625,0.890625,1.59375,1.28125,1.78125,1.60938,1.76562,1.25,1.23438,1.51562,1.54688,2.625,1.40625,0.859375,1.8125,1.8125,1.25,1.85938,0.421875,1.57812,0.734375,0.265625,1.5,1.64062,1.17188,0.6875,1.875,1.34375,1.14062,0.765625,1.70312,1.35938,
1.63077,1.38462,0.692308,1.30769,1.18462,0.723077,0.938462,2.12308,1.81538,1.44615,0.938462,1.03077,1.35385,1.96923,1.41538,2.09231,1.92308,1.53846,1.61538,0.784615,0.969231,1,1.47692,1.52308,1.04615,1.61538,0.892308,1.06154,1.13846,1.49231,1.87692,1.15385,2.04615,0.846154,1.09231,0.738462,1.6,1.81538,0.630769,1.16923,1.52308,1.44615,1.83077,1.6,0.876923,1.56923,1.26154,1.76923,1.6,1.76923,1.23077,1.23077,1.49231,1.52308,2.58462,1.4,0.846154,1.78462,1.83077,1.23077,1.83077,0.430769,1.55385,0.723077,0.261538,1.47692,1.61538,1.15385,0.692308,1.86154,1.32308,1.12308,0.753846,1.69231,1.33846,
1.60606,1.36364,0.681818,1.28788,1.16667,0.712121,0.924242,2.09091,1.78788,1.42424,0.924242,1.01515,1.33333,1.93939,1.39394,2.09091,1.89394,1.51515,1.59091,0.772727,0.954545,0.984848,1.45455,1.5,1.0303,1.59091,0.878788,1.07576,1.12121,1.48485,1.84848,1.13636,2.01515,0.833333,1.09091,0.727273,1.57576,1.78788,0.621212,1.15152,1.5,1.42424,1.80303,1.57576,0.863636,1.54545,1.24242,1.75758,1.60606,1.75758,1.21212,1.22727,1.4697,1.5,2.54545,1.37879,0.833333,1.75758,1.81818,1.21212,1.80303,0.454545,1.5303,0.712121,0.257576,1.45455,1.59091,1.15152,0.69697,1.86364,1.30303,1.10606,0.742424,1.71212,1.31818,
1.59701,1.34328,0.671642,1.26866,1.16418,0.701493,0.910448,2.0597,1.77612,1.40299,0.910448,1,1.31343,1.91045,1.37313,2.07463,1.86567,1.49254,1.56716,0.761194,0.940299,0.970149,1.44776,1.49254,1.02985,1.56716,0.880597,1.08955,1.1194,1.49254,1.8209,1.1194,1.98507,0.820896,1.08955,0.731343,1.55224,1.76119,0.61194,1.13433,1.47761,1.41791,1.77612,1.55224,0.865672,1.52239,1.22388,1.73134,1.58209,1.73134,1.19403,1.20896,1.44776,1.47761,2.50746,1.37313,0.820896,1.74627,1.79104,1.19403,1.77612,0.462687,1.50746,0.716418,0.253731,1.43284,1.56716,1.14925,0.686567,1.86567,1.28358,1.08955,0.746269,1.76119,1.29851,
1.57353,1.33824,0.661765,1.26471,1.16176,0.691176,0.897059,2.02941,1.75,1.39706,0.897059,1,1.29412,1.91176,1.35294,2.04412,1.83824,1.47059,1.55882,0.75,0.926471,0.970588,1.42647,1.47059,1.02941,1.54412,0.867647,1.08824,1.10294,1.47059,1.79412,1.10294,1.95588,0.808824,1.07353,0.720588,1.54412,1.73529,0.602941,1.11765,1.45588,1.41176,1.75,1.52941,0.852941,1.5,1.20588,1.70588,1.55882,1.70588,1.20588,1.19118,1.42647,1.45588,2.48529,1.35294,0.808824,1.72059,1.76471,1.17647,1.75,0.470588,1.48529,0.705882,0.25,1.41176,1.55882,1.13235,0.676471,1.83824,1.26471,1.07353,0.75,1.77941,1.30882,
1.55072,1.31884,0.652174,1.26087,1.15942,0.695652,0.884058,2.01449,1.72464,1.4058,0.884058,1,1.27536,1.91304,1.34783,2.01449,1.82609,1.44928,1.53623,0.73913,0.913043,0.956522,1.4058,1.46377,1.01449,1.53623,0.855072,1.08696,1.08696,1.46377,1.76812,1.08696,1.92754,0.797101,1.05797,0.710145,1.52174,1.71014,0.594203,1.10145,1.43478,1.3913,1.72464,1.50725,0.84058,1.47826,1.18841,1.68116,1.53623,1.68116,1.23188,1.18841,1.4058,1.43478,2.44928,1.33333,0.797101,1.69565,1.73913,1.15942,1.72464,0.478261,1.46377,0.695652,0.246377,1.3913,1.55072,1.11594,0.666667,1.81159,1.24638,1.07246,0.753623,1.76812,1.31884,
1.52857,1.3,0.642857,1.25714,1.17143,0.685714,0.871429,1.98571,1.7,1.41429,0.871429,1,1.25714,1.88571,1.34286,1.98571,1.81429,1.42857,1.52857,0.728571,0.9,0.942857,1.38571,1.44286,1,1.51429,0.857143,1.1,1.07143,1.5,1.75714,1.07143,1.9,0.785714,1.04286,0.7,1.5,1.68571,0.585714,1.08571,1.41429,1.37143,1.71429,1.48571,0.828571,1.45714,1.17143,1.67143,1.51429,1.65714,1.22857,1.18571,1.38571,1.41429,2.42857,1.31429,0.785714,1.67143,1.71429,1.14286,1.7,0.514286,1.45714,0.7,0.242857,1.37143,1.52857,1.1,0.657143,1.78571,1.22857,1.08571,0.757143,1.77143,1.31429,
1.50704,1.28169,0.633803,1.25352,1.16901,0.676056,0.859155,1.95775,1.69014,1.42254,0.859155,1,1.23944,1.85915,1.32394,1.95775,1.8169,1.40845,1.50704,0.71831,0.887324,0.929577,1.3662,1.42254,0.985915,1.49296,0.859155,1.12676,1.05634,1.53521,1.73239,1.05634,1.87324,0.788732,1.02817,0.690141,1.47887,1.67606,0.577465,1.07042,1.39437,1.35211,1.69014,1.46479,0.816901,1.43662,1.15493,1.64789,1.49296,1.6338,1.23944,1.16901,1.3662,1.39437,2.40845,1.29577,0.774648,1.66197,1.69014,1.12676,1.67606,0.535211,1.43662,0.690141,0.239437,1.3662,1.52113,1.08451,0.647887,1.76056,1.21127,1.09859,0.746479,1.77465,1.29577,
1.48611,1.26389,0.638889,1.25,1.18056,0.666667,0.847222,1.94444,1.68056,1.41667,0.847222,1,1.22222,1.84722,1.30556,1.93056,1.79167,1.38889,1.48611,0.708333,0.875,0.916667,1.34722,1.40278,0.972222,1.47222,0.861111,1.15278,1.04167,1.52778,1.70833,1.04167,1.84722,0.777778,1.01389,0.680556,1.45833,1.65278,0.569444,1.05556,1.375,1.33333,1.66667,1.44444,0.805556,1.43056,1.13889,1.625,1.48611,1.625,1.26389,1.15278,1.34722,1.40278,2.375,1.27778,0.763889,1.63889,1.66667,1.11111,1.65278,0.541667,1.41667,0.680556,0.236111,1.34722,1.51389,1.06944,0.638889,1.73611,1.20833,1.09722,0.736111,1.77778,1.29167,
1.46575,1.24658,0.643836,1.24658,1.17808,0.657534,0.835616,1.93151,1.65753,1.42466,0.835616,1.0274,1.20548,1.84932,1.31507,1.91781,1.76712,1.36986,1.47945,0.69863,0.876712,0.90411,1.34247,1.38356,0.958904,1.45205,0.863014,1.15068,1.0274,1.52055,1.69863,1.0274,1.82192,0.780822,1,0.671233,1.43836,1.63014,0.561644,1.0411,1.35616,1.31507,1.64384,1.42466,0.794521,1.43836,1.12329,1.60274,1.47945,1.61644,1.24658,1.13699,1.34247,1.39726,2.34247,1.27397,0.767123,1.61644,1.64384,1.10959,1.63014,0.561644,1.42466,0.671233,0.232877,1.32877,1.49315,1.05479,0.630137,1.71233,1.20548,1.09589,0.726027,1.76712,1.27397,
1.44595,1.22973,0.662162,1.24324,1.17568,0.648649,0.824324,1.90541,1.64865,1.41892,0.824324,1.02703,1.18919,1.82432,1.31081,1.89189,1.74324,1.35135,1.45946,0.689189,0.864865,0.891892,1.32432,1.36486,0.945946,1.43243,0.851351,1.17568,1.02703,1.5,1.68919,1.01351,1.7973,0.783784,0.986486,0.662162,1.41892,1.62162,0.554054,1.04054,1.33784,1.2973,1.62162,1.40541,0.783784,1.41892,1.10811,1.58108,1.45946,1.62162,1.22973,1.14865,1.32432,1.40541,2.31081,1.27027,0.77027,1.59459,1.62162,1.09459,1.62162,0.567568,1.45946,0.662162,0.22973,1.31081,1.48649,1.04054,0.621622,1.7027,1.18919,1.09459,0.716216,1.75676,1.25676,
1.42667,1.21333,0.666667,1.24,1.17333,0.64,0.813333,1.89333,1.64,1.4,0.813333,1.01333,1.17333,1.81333,1.29333,1.86667,1.72,1.33333,1.44,0.68,0.853333,0.88,1.30667,1.34667,0.933333,1.41333,0.84,1.2,1.02667,1.49333,1.68,1,1.77333,0.773333,0.973333,0.666667,1.4,1.61333,0.546667,1.04,1.32,1.29333,1.6,1.38667,0.773333,1.4,1.09333,1.57333,1.44,1.62667,1.21333,1.16,1.30667,1.41333,2.28,1.25333,0.76,1.57333,1.6,1.08,1.6,0.573333,1.49333,0.653333,0.226667,1.29333,1.48,1.02667,0.613333,1.69333,1.17333,1.08,0.706667,1.74667,1.24,
1.40789,1.19737,0.684211,1.22368,1.15789,0.644737,0.802632,1.86842,1.63158,1.38158,0.802632,1,1.15789,1.78947,1.27632,1.85526,1.71053,1.31579,1.42105,0.684211,0.842105,0.881579,1.28947,1.32895,0.934211,1.39474,0.828947,1.18421,1.01316,1.51316,1.65789,0.986842,1.76316,0.763158,0.960526,0.684211,1.38158,1.60526,0.539474,1.02632,1.30263,1.27632,1.57895,1.36842,0.763158,1.38158,1.07895,1.56579,1.43421,1.60526,1.19737,1.14474,1.28947,1.40789,2.25,1.25,0.75,1.55263,1.57895,1.06579,1.57895,0.565789,1.48684,0.644737,0.223684,1.27632,1.46053,1.01316,0.618421,1.67105,1.17105,1.06579,0.697368,1.73684,1.22368,
1.38961,1.18182,0.675325,1.20779,1.14286,0.649351,0.792208,1.84416,1.61039,1.36364,0.792208,0.987013,1.14286,1.76623,1.25974,1.84416,1.7013,1.2987,1.4026,0.675325,0.831169,0.87013,1.27273,1.31169,0.922078,1.37662,0.818182,1.16883,1,1.49351,1.63636,0.974026,1.74026,0.753247,0.948052,0.675325,1.36364,1.5974,0.532468,1.01299,1.28571,1.25974,1.55844,1.35065,0.753247,1.36364,1.06494,1.54545,1.41558,1.5974,1.18182,1.12987,1.27273,1.38961,2.22078,1.23377,0.74026,1.53247,1.55844,1.05195,1.55844,0.558442,1.48052,0.636364,0.220779,1.25974,1.44156,1,0.61039,1.64935,1.15584,1.05195,0.688312,1.71429,1.20779,
1.38462,1.16667,0.666667,1.19231,1.12821,0.641026,0.782051,1.82051,1.58974,1.34615,0.782051,0.974359,1.12821,1.74359,1.24359,1.83333,1.67949,1.28205,1.38462,0.666667,0.820513,0.871795,1.25641,1.29487,0.923077,1.35897,0.820513,1.15385,1,1.47436,1.61538,0.961538,1.73077,0.74359,0.935897,0.666667,1.34615,1.57692,0.525641,1,1.28205,1.24359,1.53846,1.33333,0.75641,1.34615,1.05128,1.52564,1.41026,1.58974,1.17949,1.11538,1.25641,1.37179,2.19231,1.21795,0.730769,1.52564,1.55128,1.05128,1.53846,0.551282,1.47436,0.628205,0.217949,1.24359,1.42308,0.987179,0.602564,1.62821,1.14103,1.03846,0.692308,1.69231,1.19231,
1.36709,1.16456,0.658228,1.17722,1.11392,0.632911,0.772152,1.79747,1.56962,1.32911,0.772152,0.962025,1.11392,1.73418,1.22785,1.82278,1.65823,1.26582,1.37975,0.658228,0.810127,0.860759,1.24051,1.27848,0.911392,1.34177,0.810127,1.13924,1,1.4557,1.59494,0.949367,1.70886,0.734177,0.924051,0.658228,1.32911,1.55696,0.518987,0.987342,1.26582,1.22785,1.51899,1.31646,0.759494,1.32911,1.03797,1.50633,1.39241,1.58228,1.16456,1.10127,1.24051,1.35443,2.16456,1.20253,0.721519,1.50633,1.53165,1.03797,1.51899,0.556962,1.4557,0.620253,0.21519,1.22785,1.40506,0.974684,0.594937,1.62025,1.12658,1.02532,0.683544,1.67089,1.17722,
1.35,1.15,0.65,1.1625,1.1,0.6375,0.7625,1.775,1.55,1.3125,0.775,0.95,1.1,1.7125,1.2125,1.8125,1.6375,1.25,1.3625,0.65,0.8,0.85,1.25,1.275,0.9,1.325,0.8,1.125,0.9875,1.4375,1.575,0.9375,1.6875,0.7375,0.9125,0.65,1.325,1.5375,0.5125,0.975,1.25,1.2125,1.5,1.3,0.75,1.3125,1.025,1.4875,1.375,1.575,1.15,1.0875,1.2375,1.3375,2.1375,1.1875,0.7125,1.4875,1.5125,1.025,1.5,0.55,1.4375,0.6125,0.2125,1.2125,1.3875,0.9625,0.5875,1.6,1.1125,1.0125,0.6875,1.65,1.1625,
1.33333,1.1358,0.654321,1.14815,1.08642,0.62963,0.753086,1.75309,1.53086,1.2963,0.765432,0.938272,1.08642,1.7037,1.19753,1.79012,1.61728,1.24691,1.35802,0.641975,0.790123,0.839506,1.23457,1.25926,0.888889,1.32099,0.790123,1.11111,0.975309,1.41975,1.5679,0.925926,1.66667,0.728395,0.901235,0.641975,1.30864,1.51852,0.506173,0.962963,1.24691,1.19753,1.48148,1.2963,0.740741,1.2963,1.01235,1.48148,1.35802,1.55556,1.1358,1.07407,1.22222,1.32099,2.11111,1.17284,0.703704,1.46914,1.49383,1.01235,1.48148,0.54321,1.4321,0.617284,0.209877,1.19753,1.37037,0.950617,0.580247,1.58025,1.09877,1,0.679012,1.64198,1.16049,
1.31707,1.12195,0.646341,1.13415,1.07317,0.621951,0.743902,1.7439,1.52439,1.28049,0.756098,0.926829,1.07317,1.69512,1.18293,1.78049,1.59756,1.23171,1.35366,0.634146,0.780488,0.829268,1.21951,1.2439,0.878049,1.30488,0.780488,1.09756,0.97561,1.40244,1.54878,0.914634,1.64634,0.719512,0.890244,0.634146,1.29268,1.5122,0.5,0.95122,1.2439,1.20732,1.46341,1.29268,0.731707,1.28049,1,1.47561,1.35366,1.53659,1.13415,1.06098,1.20732,1.30488,2.09756,1.15854,0.695122,1.45122,1.47561,1,1.46341,0.536585,1.41463,0.609756,0.207317,1.19512,1.35366,0.939024,0.573171,1.57317,1.08537,1,0.670732,1.62195,1.15854,
1.3012,1.10843,0.650602,1.12048,1.06024,0.614458,0.73494,1.73494,1.50602,1.26506,0.746988,0.915663,1.06024,1.68675,1.16867,1.77108,1.57831,1.22892,1.3494,0.626506,0.771084,0.819277,1.20482,1.22892,0.86747,1.28916,0.771084,1.08434,0.963855,1.38554,1.53012,0.903614,1.62651,0.710843,0.879518,0.626506,1.27711,1.49398,0.493976,0.951807,1.22892,1.21687,1.44578,1.27711,0.722892,1.26506,0.987952,1.45783,1.3494,1.53012,1.13253,1.04819,1.19277,1.3012,2.08434,1.15663,0.686747,1.43373,1.45783,0.987952,1.44578,0.53012,1.39759,0.60241,0.204819,1.18072,1.33735,0.927711,0.566265,1.57831,1.08434,0.987952,0.662651,1.61446,1.16867,
1.28571,1.09524,0.642857,1.10714,1.04762,0.607143,0.738095,1.7619,1.4881,1.2619,0.738095,0.916667,1.04762,1.69048,1.15476,1.75,1.55952,1.21429,1.33333,0.619048,0.77381,0.809524,1.19048,1.21429,0.857143,1.27381,0.761905,1.07143,0.952381,1.36905,1.5119,0.892857,1.60714,0.714286,0.869048,0.619048,1.2619,1.47619,0.5,0.952381,1.21429,1.21429,1.42857,1.2619,0.714286,1.25,0.97619,1.44048,1.33333,1.52381,1.14286,1.03571,1.19048,1.28571,2.05952,1.15476,0.678571,1.41667,1.44048,0.97619,1.42857,0.52381,1.38095,0.595238,0.202381,1.16667,1.32143,0.916667,0.559524,1.59524,1.08333,0.97619,0.654762,1.59524,1.17857,
1.27059,1.08235,0.635294,1.09412,1.03529,0.611765,0.741176,1.76471,1.47059,1.24706,0.729412,0.905882,1.03529,1.70588,1.14118,1.72941,1.54118,1.2,1.31765,0.623529,0.776471,0.8,1.17647,1.2,0.847059,1.25882,0.752941,1.05882,0.952941,1.35294,1.50588,0.882353,1.58824,0.705882,0.858824,0.611765,1.24706,1.47059,0.505882,0.952941,1.2,1.21176,1.41176,1.24706,0.705882,1.23529,0.976471,1.42353,1.31765,1.50588,1.12941,1.02353,1.2,1.27059,2.03529,1.14118,0.670588,1.4,1.42353,0.964706,1.43529,0.517647,1.36471,0.588235,0.2,1.15294,1.30588,0.905882,0.552941,1.61176,1.07059,0.964706,0.647059,1.57647,1.2,
1.25581,1.06977,0.627907,1.0814,1.02326,0.616279,0.732558,1.75581,1.45349,1.23256,0.72093,0.895349,1.02326,1.68605,1.12791,1.7093,1.52326,1.18605,1.31395,0.627907,0.767442,0.802326,1.16279,1.18605,0.837209,1.24419,0.744186,1.04651,0.953488,1.33721,1.51163,0.872093,1.56977,0.697674,0.848837,0.604651,1.23256,1.46512,0.5,0.953488,1.18605,1.19767,1.39535,1.23256,0.697674,1.22093,0.976744,1.4186,1.30233,1.48837,1.11628,1.02326,1.2093,1.25581,2.02326,1.12791,0.662791,1.38372,1.40698,0.953488,1.43023,0.511628,1.34884,0.581395,0.197674,1.13953,1.30233,0.895349,0.546512,1.63953,1.05814,0.953488,0.639535,1.55814,1.18605,
1.24138,1.05747,0.62069,1.06897,1.01149,0.62069,0.735632,1.73563,1.44828,1.22989,0.712644,0.896552,1.01149,1.66667,1.11494,1.70115,1.51724,1.17241,1.31034,0.632184,0.758621,0.793103,1.14943,1.17241,0.83908,1.22989,0.735632,1.03448,0.942529,1.33333,1.49425,0.862069,1.56322,0.689655,0.850575,0.609195,1.21839,1.45977,0.494253,0.954023,1.18391,1.18391,1.37931,1.21839,0.689655,1.2069,0.965517,1.4023,1.29885,1.47126,1.10345,1.01149,1.21839,1.24138,2,1.11494,0.655172,1.37931,1.3908,0.942529,1.43678,0.505747,1.33333,0.574713,0.195402,1.12644,1.31034,0.896552,0.551724,1.63218,1.05747,0.942529,0.632184,1.54023,1.17241,
1.22727,1.04545,0.613636,1.05682,1,0.613636,0.727273,1.71591,1.44318,1.21591,0.704545,0.897727,1,1.64773,1.10227,1.70455,1.5,1.15909,1.29545,0.625,0.75,0.784091,1.13636,1.15909,0.829545,1.21591,0.727273,1.02273,0.931818,1.32955,1.47727,0.852273,1.54545,0.693182,0.840909,0.613636,1.20455,1.44318,0.488636,0.943182,1.18182,1.17045,1.36364,1.20455,0.681818,1.19318,0.954545,1.38636,1.28409,1.45455,1.09091,1,1.20455,1.23864,1.97727,1.10227,0.647727,1.38636,1.375,0.931818,1.42045,0.5,1.31818,0.568182,0.193182,1.125,1.30682,0.909091,0.545455,1.61364,1.04545,0.931818,0.625,1.52273,1.15909,
1.22472,1.03371,0.606742,1.04494,0.988764,0.606742,0.719101,1.69663,1.42697,1.20225,0.696629,0.88764,1,1.62921,1.08989,1.68539,1.49438,1.14607,1.2809,0.617978,0.741573,0.786517,1.1236,1.14607,0.831461,1.20225,0.730337,1.01124,0.932584,1.31461,1.46067,0.842697,1.53933,0.685393,0.831461,0.617978,1.19101,1.42697,0.494382,0.932584,1.17978,1.1573,1.34831,1.20225,0.674157,1.19101,0.94382,1.37079,1.26966,1.4382,1.07865,0.988764,1.19101,1.23596,1.95506,1.08989,0.651685,1.39326,1.35955,0.932584,1.40449,0.494382,1.31461,0.561798,0.191011,1.1236,1.29213,0.921348,0.539326,1.59551,1.04494,0.921348,0.617978,1.50562,1.14607,
1.21111,1.02222,0.6,1.03333,0.977778,0.6,0.711111,1.67778,1.41111,1.18889,0.688889,0.877778,0.988889,1.62222,1.07778,1.66667,1.48889,1.14444,1.26667,0.622222,0.733333,0.777778,1.11111,1.13333,0.833333,1.18889,0.722222,1,0.922222,1.3,1.44444,0.833333,1.52222,0.677778,0.822222,0.622222,1.17778,1.41111,0.488889,0.922222,1.16667,1.14444,1.33333,1.18889,0.666667,1.17778,0.933333,1.35556,1.25556,1.43333,1.06667,0.977778,1.17778,1.22222,1.93333,1.07778,0.644444,1.37778,1.34444,0.933333,1.38889,0.5,1.3,0.555556,0.188889,1.12222,1.27778,0.911111,0.533333,1.57778,1.04444,0.911111,0.611111,1.48889,1.13333,
1.1978,1.01099,0.593407,1.02198,0.967033,0.604396,0.703297,1.65934,1.3956,1.17582,0.681319,0.868132,0.989011,1.61538,1.06593,1.64835,1.47253,1.13187,1.25275,0.626374,0.725275,0.769231,1.10989,1.13187,0.824176,1.17582,0.714286,0.989011,0.912088,1.28571,1.42857,0.824176,1.50549,0.67033,0.813187,0.615385,1.17582,1.3956,0.483516,0.912088,1.15385,1.13187,1.31868,1.17582,0.659341,1.16484,0.923077,1.34066,1.24176,1.41758,1.05495,0.967033,1.16484,1.20879,1.91209,1.06593,0.637363,1.36264,1.32967,0.923077,1.37363,0.494505,1.28571,0.549451,0.186813,1.10989,1.26374,0.901099,0.527473,1.56044,1.03297,0.901099,0.604396,1.47253,1.12088,
1.18478,1.01087,0.597826,1.01087,0.956522,0.608696,0.695652,1.65217,1.38043,1.16304,0.673913,0.858696,0.978261,1.6087,1.05435,1.63043,1.45652,1.11957,1.23913,0.619565,0.717391,0.76087,1.1087,1.11957,0.815217,1.17391,0.706522,0.978261,0.902174,1.27174,1.42391,0.815217,1.48913,0.663043,0.815217,0.608696,1.16304,1.38043,0.478261,0.902174,1.1413,1.11957,1.30435,1.17391,0.652174,1.15217,0.913043,1.33696,1.22826,1.40217,1.04348,0.956522,1.15217,1.19565,1.8913,1.05435,0.630435,1.34783,1.31522,0.913043,1.3587,0.48913,1.27174,0.554348,0.195652,1.09783,1.25,0.891304,0.521739,1.54348,1.02174,0.891304,0.597826,1.46739,1.11957,
1.17204,1.02151,0.591398,1,0.946237,0.602151,0.688172,1.64516,1.37634,1.16129,0.666667,0.849462,0.967742,1.5914,1.04301,1.62366,1.45161,1.10753,1.22581,0.612903,0.709677,0.752688,1.09677,1.10753,0.806452,1.17204,0.698925,0.967742,0.903226,1.25806,1.4086,0.806452,1.47312,0.655914,0.817204,0.602151,1.15054,1.37634,0.473118,0.892473,1.12903,1.10753,1.29032,1.17204,0.645161,1.13978,0.903226,1.32258,1.22581,1.39785,1.03226,0.956989,1.13978,1.1828,1.88172,1.04301,0.623656,1.33333,1.30108,0.903226,1.34409,0.483871,1.25806,0.55914,0.204301,1.09677,1.24731,0.88172,0.516129,1.52688,1.01075,0.892473,0.591398,1.45161,1.11828,
1.15957,1.03191,0.595745,0.989362,0.93617,0.595745,0.691489,1.62766,1.3617,1.15957,0.659574,0.840426,0.957447,1.57447,1.03191,1.60638,1.43617,1.09574,1.21277,0.606383,0.702128,0.744681,1.08511,1.09574,0.797872,1.15957,0.702128,0.957447,0.893617,1.24468,1.39362,0.797872,1.45745,0.648936,0.819149,0.595745,1.1383,1.3617,0.468085,0.882979,1.11702,1.09574,1.2766,1.15957,0.638298,1.12766,0.893617,1.30851,1.21277,1.38298,1.02128,0.946809,1.12766,1.17021,1.8617,1.03191,0.617021,1.31915,1.28723,0.893617,1.32979,0.478723,1.24468,0.553191,0.202128,1.08511,1.24468,0.87234,0.510638,1.51064,1,0.893617,0.585106,1.43617,1.10638,
1.14737,1.02105,0.589474,0.989474,0.926316,0.589474,0.684211,1.61053,1.34737,1.15789,0.652632,0.831579,0.947368,1.55789,1.02105,1.58947,1.42105,1.08421,1.2,0.6,0.705263,0.736842,1.07368,1.08421,0.789474,1.15789,0.694737,0.947368,0.884211,1.23158,1.37895,0.789474,1.44211,0.652632,0.810526,0.589474,1.12632,1.34737,0.463158,0.884211,1.10526,1.08421,1.26316,1.14737,0.631579,1.11579,0.884211,1.29474,1.21053,1.37895,1.01053,0.947368,1.11579,1.15789,1.84211,1.02105,0.610526,1.30526,1.27368,0.884211,1.31579,0.473684,1.23158,0.547368,0.2,1.07368,1.23158,0.863158,0.505263,1.49474,0.989474,0.884211,0.578947,1.43158,1.09474,
1.13542,1.01042,0.583333,0.989583,0.916667,0.583333,0.6875,1.59375,1.33333,1.14583,0.645833,0.822917,0.9375,1.55208,1.02083,1.57292,1.40625,1.07292,1.1875,0.59375,0.697917,0.729167,1.0625,1.07292,0.78125,1.15625,0.6875,0.9375,0.885417,1.21875,1.36458,0.78125,1.42708,0.645833,0.802083,0.583333,1.11458,1.34375,0.46875,0.885417,1.09375,1.07292,1.25,1.13542,0.625,1.10417,0.885417,1.28125,1.19792,1.36458,1.01042,0.9375,1.10417,1.14583,1.82292,1.01042,0.604167,1.29167,1.26042,0.875,1.30208,0.46875,1.21875,0.541667,0.197917,1.0625,1.21875,0.854167,0.5,1.48958,0.979167,0.875,0.572917,1.41667,1.08333,
1.12371,1,0.57732,0.989691,0.907216,0.57732,0.680412,1.58763,1.31959,1.13402,0.639175,0.814433,0.927835,1.53608,1.02062,1.5567,1.39175,1.06186,1.18557,0.587629,0.701031,0.721649,1.05155,1.06186,0.773196,1.14433,0.680412,0.927835,0.876289,1.20619,1.36082,0.773196,1.41237,0.639175,0.793814,0.57732,1.10309,1.3299,0.463918,0.876289,1.08247,1.07216,1.23711,1.12371,0.618557,1.09278,0.876289,1.27835,1.18557,1.35052,1.01031,0.927835,1.10309,1.13402,1.80412,1,0.597938,1.27835,1.24742,0.876289,1.29897,0.463918,1.20619,0.536082,0.195876,1.05155,1.21649,0.845361,0.494845,1.48454,0.979381,0.865979,0.56701,1.40206,1.08247,
1.11224,0.989796,0.571429,0.979592,0.908163,0.571429,0.673469,1.57143,1.31633,1.12245,0.632653,0.816327,0.918367,1.52041,1.0102,1.55102,1.38776,1.05102,1.17347,0.581633,0.693878,0.714286,1.04082,1.05102,0.77551,1.13265,0.673469,0.918367,0.867347,1.19388,1.34694,0.765306,1.39796,0.632653,0.795918,0.581633,1.09184,1.31633,0.459184,0.867347,1.07143,1.06122,1.22449,1.11224,0.612245,1.08163,0.867347,1.26531,1.18367,1.33673,1.03061,0.918367,1.10204,1.12245,1.78571,1,0.591837,1.26531,1.23469,0.877551,1.28571,0.479592,1.19388,0.530612,0.193878,1.04082,1.21429,0.836735,0.5,1.47959,0.969388,0.867347,0.561224,1.38776,1.08163,
1.10101,0.979798,0.575758,0.969697,0.909091,0.575758,0.666667,1.55556,1.31313,1.11111,0.626263,0.818182,0.909091,1.50505,1,1.54545,1.37374,1.0404,1.16162,0.575758,0.686869,0.707071,1.0303,1.0404,0.777778,1.12121,0.666667,0.909091,0.858586,1.20202,1.33333,0.757576,1.39394,0.626263,0.79798,0.575758,1.09091,1.30303,0.454545,0.858586,1.06061,1.05051,1.21212,1.10101,0.606061,1.07071,0.858586,1.25253,1.17172,1.32323,1.0404,0.909091,1.11111,1.11111,1.77778,0.989899,0.585859,1.26263,1.22222,0.868687,1.27273,0.484848,1.18182,0.525253,0.191919,1.0303,1.20202,0.828283,0.494949,1.46465,0.959596,0.858586,0.555556,1.37374,1.08081,
1.09,0.97,0.58,0.96,0.91,0.57,0.66,1.54,1.3,1.1,0.62,0.81,0.91,1.49,0.99,1.53,1.37,1.03,1.15,0.57,0.68,0.7,1.02,1.03,0.78,1.11,0.67,0.9,0.86,1.2,1.32,0.75,1.39,0.62,0.79,0.58,1.09,1.29,0.46,0.86,1.06,1.05,1.2,1.1,0.61,1.06,0.85,1.24,1.16,1.31,1.05,0.9,1.14,1.1,1.77,0.98,0.58,1.25,1.21,0.87,1.26,0.5,1.18,0.52,0.19,1.03,1.19,0.83,0.49,1.45,0.95,0.86,0.55,1.37,1.08,
1.07921,0.960396,0.574257,0.950495,0.930693,0.564356,0.653465,1.52475,1.28713,1.08911,0.613861,0.80198,0.90099,1.48515,0.980198,1.52475,1.35644,1.0198,1.13861,0.574257,0.673267,0.693069,1.0099,1.0198,0.772277,1.09901,0.673267,0.891089,0.851485,1.19802,1.31683,0.742574,1.37624,0.613861,0.782178,0.574257,1.07921,1.27723,0.455446,0.851485,1.0495,1.0396,1.18812,1.09901,0.60396,1.0495,0.841584,1.22772,1.16832,1.29703,1.05941,0.891089,1.13861,1.08911,1.75248,0.970297,0.584158,1.23762,1.21782,0.861386,1.24752,0.50495,1.17822,0.514851,0.188119,1.0198,1.17822,0.821782,0.485149,1.44554,0.940594,0.851485,0.544554,1.36634,1.07921,
1.06863,0.95098,0.568627,0.941176,0.95098,0.568627,0.647059,1.5098,1.27451,1.07843,0.607843,0.794118,0.901961,1.47059,0.970588,1.5098,1.34314,1.0098,1.12745,0.568627,0.666667,0.686275,1.0098,1.01961,0.764706,1.08824,0.666667,0.882353,0.843137,1.19608,1.30392,0.735294,1.36275,0.617647,0.77451,0.568627,1.07843,1.26471,0.45098,0.843137,1.04902,1.02941,1.17647,1.08824,0.598039,1.03922,0.833333,1.21569,1.18627,1.29412,1.05882,0.882353,1.13725,1.07843,1.73529,0.960784,0.578431,1.22549,1.21569,0.862745,1.23529,0.509804,1.16667,0.509804,0.186275,1.0098,1.16667,0.813725,0.480392,1.43137,0.931373,0.843137,0.539216,1.36275,1.08824,
1.05825,0.941748,0.563107,0.932039,0.941748,0.572816,0.640777,1.51456,1.26214,1.06796,0.61165,0.786408,0.893204,1.47573,0.961165,1.50485,1.3301,1.00971,1.13592,0.563107,0.660194,0.679612,1.00971,1.00971,0.757282,1.07767,0.660194,0.873786,0.834951,1.19417,1.30097,0.737864,1.34951,0.621359,0.76699,0.563107,1.06796,1.25243,0.446602,0.84466,1.04854,1.01942,1.17476,1.07767,0.592233,1.02913,0.825243,1.21359,1.19417,1.29126,1.07767,0.873786,1.14563,1.06796,1.71845,0.951456,0.572816,1.21359,1.21359,0.854369,1.2233,0.514563,1.15534,0.504854,0.184466,1,1.15534,0.805825,0.475728,1.41748,0.92233,0.834951,0.533981,1.34951,1.09709,
1.04808,0.932692,0.557692,0.923077,0.932692,0.576923,0.634615,1.50962,1.25962,1.05769,0.605769,0.778846,0.884615,1.47115,0.951923,1.5,1.31731,1.00962,1.13462,0.557692,0.653846,0.682692,1,1,0.75,1.06731,0.653846,0.875,0.836538,1.19231,1.30769,0.730769,1.33654,0.625,0.759615,0.557692,1.05769,1.25,0.442308,0.846154,1.03846,1.00962,1.16346,1.06731,0.586538,1.01923,0.817308,1.20192,1.19231,1.28846,1.07692,0.865385,1.14423,1.05769,1.70192,0.942308,0.567308,1.20192,1.20192,0.855769,1.21154,0.519231,1.14423,0.5,0.182692,1,1.15385,0.798077,0.471154,1.40385,0.913462,0.826923,0.528846,1.33654,1.08654,
1.0381,0.92381,0.552381,0.914286,0.92381,0.571429,0.628571,1.50476,1.24762,1.04762,0.6,0.771429,0.87619,1.45714,0.942857,1.49524,1.30476,1.00952,1.12381,0.552381,0.647619,0.685714,0.990476,0.990476,0.742857,1.05714,0.657143,0.87619,0.828571,1.18095,1.29524,0.72381,1.32381,0.619048,0.752381,0.552381,1.04762,1.2381,0.438095,0.838095,1.02857,1,1.15238,1.05714,0.580952,1.00952,0.809524,1.19048,1.18095,1.28571,1.07619,0.857143,1.14286,1.05714,1.68571,0.933333,0.561905,1.19048,1.19048,0.847619,1.2,0.514286,1.13333,0.495238,0.180952,0.990476,1.15238,0.790476,0.466667,1.39048,0.914286,0.819048,0.52381,1.32381,1.07619,
1.0283,0.915094,0.54717,0.915094,0.915094,0.566038,0.622642,1.49057,1.23585,1.03774,0.59434,0.764151,0.867925,1.4434,0.943396,1.48113,1.29245,1,1.11321,0.54717,0.650943,0.679245,0.981132,0.981132,0.735849,1.0566,0.650943,0.877358,0.820755,1.16981,1.29245,0.716981,1.31132,0.613208,0.745283,0.556604,1.03774,1.22642,0.433962,0.830189,1.01887,0.990566,1.14151,1.04717,0.575472,1,0.801887,1.17925,1.17925,1.29245,1.06604,0.849057,1.13208,1.0566,1.66981,0.924528,0.556604,1.17925,1.18868,0.839623,1.18868,0.509434,1.12264,0.490566,0.188679,0.981132,1.14151,0.792453,0.462264,1.37736,0.90566,0.811321,0.518868,1.31132,1.06604,
1.01869,0.906542,0.542056,0.906542,0.906542,0.560748,0.616822,1.47664,1.2243,1.02804,0.588785,0.757009,0.859813,1.42991,0.943925,1.46729,1.28037,0.990654,1.1028,0.542056,0.654206,0.672897,0.971963,0.971963,0.728972,1.04673,0.64486,0.869159,0.813084,1.15888,1.28972,0.71028,1.29907,0.607477,0.738318,0.551402,1.02804,1.2243,0.429907,0.82243,1.00935,0.981308,1.13084,1.03738,0.570093,1.00935,0.803738,1.16822,1.16822,1.28972,1.05607,0.850467,1.1215,1.04673,1.65421,0.915888,0.551402,1.16822,1.17757,0.831776,1.17757,0.504673,1.11215,0.485981,0.186916,0.971963,1.13084,0.794393,0.457944,1.37383,0.897196,0.803738,0.514019,1.29907,1.05607,
1.00926,0.898148,0.537037,0.907407,0.898148,0.555556,0.611111,1.46296,1.21296,1.01852,0.583333,0.75,0.851852,1.41667,0.935185,1.4537,1.26852,0.981481,1.09259,0.537037,0.657407,0.666667,0.962963,0.962963,0.722222,1.03704,0.638889,0.861111,0.814815,1.14815,1.27778,0.703704,1.28704,0.601852,0.731481,0.546296,1.01852,1.21296,0.425926,0.814815,1,0.972222,1.12037,1.02778,0.564815,1,0.796296,1.15741,1.15741,1.27778,1.0463,0.851852,1.11111,1.03704,1.63889,0.916667,0.546296,1.15741,1.16667,0.824074,1.16667,0.5,1.10185,0.481481,0.185185,0.962963,1.12963,0.787037,0.453704,1.37037,0.888889,0.796296,0.509259,1.28704,1.0463,
1.00917,0.889908,0.53211,0.899083,0.889908,0.550459,0.605505,1.44954,1.21101,1.00917,0.577982,0.752294,0.844037,1.40367,0.926606,1.44037,1.26606,0.972477,1.09174,0.53211,0.651376,0.66055,0.954128,0.954128,0.715596,1.02752,0.633028,0.853211,0.807339,1.13761,1.27523,0.697248,1.27523,0.59633,0.733945,0.541284,1.00917,1.21101,0.422018,0.807339,0.990826,0.963303,1.11009,1.01835,0.559633,0.990826,0.788991,1.14679,1.14679,1.26606,1.04587,0.844037,1.11009,1.0367,1.62385,0.908257,0.541284,1.14679,1.15596,0.816514,1.16514,0.504587,1.09174,0.477064,0.192661,0.954128,1.12844,0.779817,0.46789,1.36697,0.880734,0.788991,0.513761,1.27523,1.0367,
1,0.881818,0.536364,0.890909,0.881818,0.554545,0.6,1.43636,1.2,1,0.572727,0.745455,0.845455,1.39091,0.918182,1.42727,1.25455,0.963636,1.09091,0.527273,0.645455,0.654545,0.945455,0.945455,0.709091,1.01818,0.627273,0.845455,0.8,1.12727,1.26364,0.690909,1.27273,0.6,0.727273,0.536364,1.00909,1.2,0.418182,0.8,0.981818,0.954545,1.1,1.00909,0.554545,0.981818,0.781818,1.13636,1.13636,1.25455,1.03636,0.836364,1.1,1.02727,1.61818,0.9,0.536364,1.13636,1.14545,0.809091,1.16364,0.5,1.09091,0.472727,0.190909,0.945455,1.11818,0.772727,0.463636,1.35455,0.872727,0.781818,0.509091,1.26364,1.02727,
0.990991,0.882883,0.531532,0.882883,0.873874,0.558559,0.594595,1.42342,1.18919,0.990991,0.567568,0.738739,0.846847,1.37838,0.90991,1.42342,1.24324,0.954955,1.08108,0.522523,0.63964,0.648649,0.936937,0.945946,0.702703,1.00901,0.630631,0.837838,0.801802,1.11712,1.25225,0.684685,1.27027,0.594595,0.72973,0.540541,1,1.18919,0.423423,0.801802,0.981982,0.954955,1.09009,1,0.54955,0.972973,0.774775,1.12613,1.12613,1.24324,1.02703,0.828829,1.09009,1.01802,1.61261,0.891892,0.531532,1.13514,1.13514,0.801802,1.15315,0.495495,1.09009,0.468468,0.189189,0.936937,1.10811,0.765766,0.459459,1.34234,0.864865,0.774775,0.504505,1.25225,1.01802,
0.982143,0.875,0.526786,0.875,0.866071,0.553571,0.589286,1.41071,1.1875,0.991071,0.5625,0.732143,0.848214,1.36607,0.901786,1.41071,1.23214,0.946429,1.07143,0.526786,0.633929,0.642857,0.928571,0.946429,0.696429,1,0.625,0.830357,0.794643,1.10714,1.24107,0.678571,1.25893,0.598214,0.732143,0.553571,0.991071,1.17857,0.419643,0.8125,0.982143,0.946429,1.08036,1,0.553571,0.964286,0.767857,1.11607,1.11607,1.23214,1.01786,0.821429,1.08036,1.00893,1.59821,0.883929,0.535714,1.13393,1.125,0.794643,1.14286,0.491071,1.08036,0.464286,0.1875,0.9375,1.09821,0.758929,0.455357,1.33036,0.857143,0.767857,0.5,1.25,1.00893,
0.973451,0.867257,0.522124,0.867257,0.858407,0.557522,0.584071,1.39823,1.17699,0.982301,0.557522,0.725664,0.840708,1.35398,0.893805,1.39823,1.22124,0.938053,1.0708,0.530973,0.628319,0.637168,0.929204,0.938053,0.690265,0.99115,0.619469,0.823009,0.787611,1.09735,1.23009,0.672566,1.24779,0.59292,0.725664,0.548673,0.99115,1.16814,0.415929,0.80531,0.99115,0.938053,1.0708,0.99115,0.557522,0.955752,0.778761,1.10619,1.10619,1.22124,1.00885,0.814159,1.0708,1,1.58407,0.876106,0.557522,1.12389,1.12389,0.79646,1.13274,0.486726,1.0708,0.460177,0.185841,0.938053,1.0885,0.752212,0.451327,1.31858,0.849558,0.761062,0.504425,1.23894,1,
0.964912,0.868421,0.517544,0.859649,0.850877,0.552632,0.578947,1.38596,1.16667,0.973684,0.561404,0.719298,0.833333,1.35088,0.894737,1.38596,1.21053,0.929825,1.0614,0.526316,0.622807,0.631579,0.921053,0.929825,0.692982,0.982456,0.614035,0.824561,0.780702,1.08772,1.2193,0.666667,1.23684,0.587719,0.719298,0.54386,0.982456,1.15789,0.412281,0.807018,0.991228,0.929825,1.07018,0.982456,0.552632,0.947368,0.789474,1.09649,1.09649,1.21053,1,0.807018,1.07018,0.991228,1.57018,0.868421,0.561404,1.11404,1.11404,0.798246,1.12281,0.482456,1.0614,0.45614,0.184211,0.929825,1.07895,0.754386,0.447368,1.30702,0.842105,0.754386,0.5,1.22807,0.991228,
0.956522,0.86087,0.513043,0.852174,0.843478,0.547826,0.582609,1.37391,1.16522,0.965217,0.556522,0.713043,0.826087,1.34783,0.886957,1.37391,1.2,0.921739,1.05217,0.530435,0.617391,0.626087,0.913043,0.930435,0.686957,0.973913,0.608696,0.817391,0.773913,1.07826,1.21739,0.66087,1.22609,0.582609,0.713043,0.53913,0.973913,1.14783,0.408696,0.8,1,0.921739,1.06087,0.973913,0.547826,0.93913,0.791304,1.08696,1.08696,1.2,0.991304,0.8,1.06957,0.982609,1.55652,0.869565,0.556522,1.10435,1.10435,0.8,1.11304,0.478261,1.05217,0.452174,0.182609,0.921739,1.07826,0.747826,0.443478,1.29565,0.834783,0.747826,0.495652,1.21739,0.982609,
0.948276,0.853448,0.508621,0.844828,0.836207,0.543103,0.577586,1.36207,1.15517,0.956897,0.551724,0.706897,0.818966,1.33621,0.87931,1.36207,1.18966,0.913793,1.0431,0.534483,0.612069,0.62069,0.905172,0.931034,0.681034,0.965517,0.612069,0.810345,0.767241,1.06897,1.21552,0.663793,1.21552,0.577586,0.706897,0.534483,0.965517,1.13793,0.405172,0.793103,1.00862,0.913793,1.05172,0.965517,0.543103,0.939655,0.793103,1.07759,1.07759,1.18966,0.982759,0.793103,1.06034,0.974138,1.5431,0.862069,0.551724,1.09483,1.09483,0.793103,1.10345,0.474138,1.0431,0.448276,0.181034,0.913793,1.07759,0.741379,0.439655,1.28448,0.827586,0.741379,0.491379,1.22414,0.974138,
0.940171,0.846154,0.504274,0.846154,0.82906,0.538462,0.57265,1.35897,1.15385,0.948718,0.547009,0.709402,0.820513,1.32479,0.880342,1.35043,1.17949,0.905983,1.03419,0.538462,0.615385,0.623932,0.897436,0.931624,0.675214,0.957265,0.615385,0.803419,0.760684,1.05983,1.21368,0.666667,1.21368,0.581197,0.700855,0.529915,0.957265,1.12821,0.401709,0.786325,1,0.905983,1.05128,0.957265,0.538462,0.940171,0.786325,1.07692,1.06838,1.18803,0.974359,0.786325,1.05128,0.965812,1.52991,0.854701,0.547009,1.08547,1.08547,0.786325,1.09402,0.470085,1.03419,0.444444,0.188034,0.905983,1.06838,0.74359,0.435897,1.2735,0.820513,0.735043,0.495726,1.22222,0.965812,
0.932203,0.838983,0.5,0.847458,0.822034,0.533898,0.584746,1.34746,1.14407,0.940678,0.542373,0.70339,0.813559,1.31356,0.872881,1.33898,1.16949,0.898305,1.02542,0.542373,0.618644,0.618644,0.889831,0.923729,0.669492,0.949153,0.610169,0.79661,0.762712,1.05085,1.21186,0.669492,1.20339,0.576271,0.694915,0.525424,0.949153,1.11864,0.398305,0.779661,0.991525,0.898305,1.04237,0.949153,0.533898,0.932203,0.779661,1.07627,1.05932,1.18644,0.966102,0.788136,1.04237,0.957627,1.51695,0.855932,0.542373,1.07627,1.08475,0.779661,1.08475,0.466102,1.02542,0.449153,0.194915,0.898305,1.05932,0.737288,0.432203,1.26271,0.822034,0.728814,0.491525,1.21186,0.957627,
0.92437,0.831933,0.495798,0.848739,0.815126,0.537815,0.588235,1.33613,1.13445,0.932773,0.537815,0.697479,0.806723,1.30252,0.865546,1.32773,1.15966,0.890756,1.01681,0.537815,0.613445,0.613445,0.882353,0.915966,0.663866,0.941176,0.605042,0.789916,0.756303,1.04202,1.20168,0.663866,1.19328,0.571429,0.689076,0.521008,0.941176,1.11765,0.394958,0.773109,0.983193,0.890756,1.03361,0.941176,0.529412,0.92437,0.773109,1.06723,1.05042,1.17647,0.957983,0.781513,1.03361,0.94958,1.5042,0.848739,0.537815,1.06723,1.08403,0.773109,1.07563,0.462185,1.01681,0.453782,0.193277,0.890756,1.05042,0.731092,0.428571,1.2605,0.823529,0.722689,0.487395,1.20168,0.94958,
0.916667,0.825,0.5,0.841667,0.808333,0.541667,0.6,1.325,1.125,0.925,0.533333,0.691667,0.8,1.29167,0.858333,1.31667,1.15833,0.891667,1.00833,0.533333,0.616667,0.608333,0.875,0.908333,0.658333,0.933333,0.6,0.791667,0.75,1.03333,1.2,0.658333,1.18333,0.566667,0.683333,0.516667,0.933333,1.11667,0.391667,0.766667,0.975,0.883333,1.025,0.933333,0.525,0.916667,0.766667,1.05833,1.04167,1.16667,0.958333,0.775,1.03333,0.95,1.49167,0.85,0.533333,1.05833,1.075,0.766667,1.075,0.466667,1.01667,0.45,0.191667,0.891667,1.05,0.725,0.425,1.25,0.825,0.716667,0.483333,1.20833,0.941667,
0.909091,0.818182,0.504132,0.834711,0.801653,0.53719,0.603306,1.31405,1.1157,0.917355,0.528926,0.68595,0.793388,1.28099,0.85124,1.30579,1.14876,0.884298,1,0.528926,0.61157,0.61157,0.876033,0.900826,0.652893,0.92562,0.595041,0.793388,0.743802,1.02479,1.19008,0.652893,1.17355,0.561983,0.677686,0.512397,0.933884,1.10744,0.404959,0.760331,0.966942,0.876033,1.01653,0.92562,0.520661,0.909091,0.760331,1.04959,1.03306,1.15702,0.950413,0.768595,1.03306,0.942149,1.4876,0.859504,0.528926,1.04959,1.06612,0.760331,1.06612,0.471074,1.01653,0.446281,0.190083,0.884298,1.04132,0.727273,0.429752,1.23967,0.826446,0.710744,0.479339,1.21488,0.933884,
0.901639,0.819672,0.5,0.827869,0.795082,0.532787,0.614754,1.30328,1.10656,0.909836,0.532787,0.680328,0.786885,1.27049,0.844262,1.29508,1.14754,0.885246,0.991803,0.52459,0.606557,0.614754,0.877049,0.901639,0.655738,0.918033,0.590164,0.795082,0.745902,1.02459,1.18033,0.647541,1.16393,0.557377,0.680328,0.516393,0.934426,1.09836,0.434426,0.754098,0.967213,0.877049,1.0082,0.918033,0.516393,0.901639,0.762295,1.04098,1.02459,1.14754,0.942623,0.762295,1.02459,0.934426,1.48361,0.852459,0.52459,1.04098,1.05738,0.754098,1.05738,0.467213,1.02459,0.442623,0.188525,0.877049,1.03279,0.729508,0.434426,1.22951,0.827869,0.713115,0.47541,1.22131,0.92623,
0.894309,0.813008,0.495935,0.821138,0.788618,0.536585,0.617886,1.30081,1.09756,0.910569,0.528455,0.674797,0.796748,1.26016,0.837398,1.28455,1.14634,0.878049,0.98374,0.520325,0.601626,0.609756,0.869919,0.894309,0.658537,0.918699,0.585366,0.788618,0.747967,1.01626,1.17073,0.642276,1.15447,0.552846,0.682927,0.512195,0.934959,1.08943,0.439024,0.764228,0.95935,0.869919,1.00813,0.910569,0.512195,0.894309,0.764228,1.03252,1.01626,1.13821,0.934959,0.756098,1.01626,0.926829,1.47967,0.853659,0.520325,1.04878,1.04878,0.747967,1.04878,0.463415,1.02439,0.439024,0.195122,0.878049,1.02439,0.723577,0.430894,1.21951,0.837398,0.707317,0.471545,1.21951,0.918699,
0.887097,0.806452,0.491935,0.814516,0.782258,0.540323,0.620968,1.29032,1.08871,0.903226,0.524194,0.669355,0.806452,1.25,0.830645,1.28226,1.1371,0.870968,0.983871,0.516129,0.596774,0.604839,0.862903,0.887097,0.653226,0.91129,0.58871,0.790323,0.741935,1.00806,1.16129,0.637097,1.14516,0.556452,0.677419,0.508065,0.935484,1.08065,0.435484,0.782258,0.951613,0.870968,1,0.903226,0.508065,0.887097,0.758065,1.02419,1.00806,1.12903,0.927419,0.75,1.00806,0.919355,1.46774,0.846774,0.516129,1.04839,1.04839,0.75,1.04032,0.459677,1.01613,0.435484,0.193548,0.870968,1.01613,0.725806,0.427419,1.20968,0.846774,0.701613,0.483871,1.20968,0.91129,
0.88,0.808,0.488,0.808,0.776,0.544,0.616,1.28,1.08,0.896,0.528,0.664,0.8,1.248,0.832,1.272,1.128,0.864,0.976,0.512,0.592,0.6,0.856,0.88,0.656,0.904,0.584,0.784,0.736,1,1.152,0.632,1.136,0.552,0.672,0.504,0.928,1.072,0.432,0.8,0.944,0.864,1,0.896,0.504,0.88,0.752,1.016,1,1.128,0.92,0.744,1.008,0.912,1.456,0.84,0.512,1.056,1.048,0.744,1.032,0.456,1.008,0.432,0.192,0.864,1.008,0.728,0.424,1.2,0.84,0.696,0.48,1.2,0.904,
