Distance Traveled,,,,,,,,,,,,,,,,,,,,,,,,,,,,,,,,,,,,,,,,,,,,,,,,,,,,,,,,,,,,,,,,,,,,,,,,,,,,,,,,,,,,,,,,,,,,,,,,,,,
0.00065625,-0.0912188,-0.0912188,-0.133,-0.0487813,0.0153125,0.109812,0.105,-0.0074375,1.9331,3.10096,2.96155,3.90569,4.27235,4.42861,4.41183,4.81612,5.39275,4.73443,5.44157,5.84188,6.46227,6.14053,6.16095,6.15555,6.01668,6.17697,6.98532,7.67929,8.48886,6.47093,6.47173,6.45827,6.86551,5.98071,8.36783,6.94143,7.10615,7.1209,6.69241,6.71969,6.86351,7.17467,10.7082,7.78328,6.92399,6.65411,7.9601,9.50885,7.1911,7.74203,7.26621,7.83947,6.50309,6.853,6.86938,9.31341,7.67608,6.96883,8.64418,6.43294,9.22812,8.61041,7.77189,7.78166,6.51946,6.3125,9.97541,7.33872,8.94845,6.66879,8.33717,6.50951,8.39798,6.43466,6.91975,9.35356,8.15236,6.8622,9.06479,7.33792,7.53564,10.3398,7.37487,6.92182,9.16287,8.34675,7.18106,10.1512,6.64,7.32075,7.23074,6.50459,6.98035,10.1694,9.0061,6.85855,8.74748,6.93817,6.85921
0.195562,-0.021,0.011375,0.217,-0.0301875,0.0564375,-0.0091875,0.294438,-0.044625,2.51648,3.22791,3.45166,4.29556,4.07636,3.78864,4.76689,4.82627,4.98147,5.06304,6.52026,5.19245,6.68328,6.14579,7.05483,6.68035,6.12953,6.18854,6.08936,7.48319,7.16662,8.30193,8.4476,7.8045,8.56477,6.42544,6.21361,7.57902,9.39252,7.14918,8.66261,9.68061,10.9639,6.82276,6.84003,8.54602,10.4163,6.83256,6.82509,6.82226,7.28706,8.58462,9.39801,8.30828,6.61233,6.832,8.31216,6.82991,8.29901,9.16047,6.60744,6.6047,7.26644,8.11221,6.83305,11.5554,7.0511,9.69242,9.33386,9.86963,9.64814,5.33356,6.83658,9.12656,6.62765,6.83136,8.75408,6.8412,7.66217,9.94705,7.30933,7.86929,8.16878,10.3604,6.82486,10.251,9.61317,8.59862,9.38352,8.88584,8.91839,6.8119,6.61935,7.25469,6.83127,9.15742,6.40032,7.04155,8.00119,8.11637,7.25536
-0.0798438,0.190313,-0.264906,-0.115719,-0.462,-0.0750312,-0.075,-0.209781,-0.462,2.65697,3.01608,4.41652,3.36147,4.83969,4.68805,4.6155,6.67283,6.4773,5.30583,6.46753,5.43173,5.91631,6.65803,6.7091,5.93728,6.52535,6.0798,6.47848,7.11316,8.28241,7.10627,8.16723,6.53343,8.80587,8.66213,8.43509,6.52552,7.75206,6.51552,7.60098,6.32426,6.18486,7.83393,7.15835,5.996,6.49468,6.1184,7.71802,7.40328,6.9313,7.43486,7.60639,7.1449,10.1934,7.63548,9.3597,10.3059,6.51669,7.19392,7.93783,8.91737,9.36421,8.34688,6.98782,6.5191,5.92618,6.51754,7.34391,7.4908,7.73801,6.72176,6.10897,9.78719,6.518,8.71735,8.15907,8.25483,7.9245,7.58939,8.94822,8.54126,7.32974,9.89095,6.92614,9.66907,9.06612,7.94676,8.6678,7.79884,6.51019,6.11181,6.31322,6.10993,6.30403,6.50853,6.10699,7.0933,6.51394,6.51787,6.3034
0.402938,0.179,-0.063875,0.00984375,-0.084,-0.189,0.125781,0.091,0.0161875,3.34322,2.99818,2.41636,3.92191,3.79255,4.55621,4.6887,5.57078,4.74086,4.88927,5.34059,6.5511,5.63183,5.6351,5.59064,5.52792,5.83117,6.51594,6.57306,6.35727,5.74793,5.7302,6.70089,7.61231,6.95332,6.10061,7.4982,7.60834,8.68997,9.80593,9.0367,6.07405,6.40831,6.75498,6.26498,6.7877,6.33225,6.73817,9.97168,7.91551,8.41442,7.69522,10.0763,9.48446,5.9877,6.71654,7.5122,8.15413,6.95273,7.91781,6.95296,9.98677,10.0702,10.0818,6.85473,6.73238,9.74847,10.2953,10.0762,10.0696,7.75096,8.53266,8.10439,6.91496,7.32215,7.22125,10.0713,6.12883,6.7695,6.51527,8.508,9.10303,10.0761,9.98897,6.94683,6.94248,6.91956,9.24635,6.31781,6.54221,6.12517,7.54444,6.4089,6.51791,6.52699,6.32192,8.55317,6.95912,6.75258,6.95931,10.106
-0.267969,-0.0671563,0.000875,0.021,0.0203437,0.0315,0.0137813,0.209562,-0.021,2.22192,2.91946,3.17435,4.63767,4.13622,3.71887,4.97275,6.02833,6.15051,5.42039,5.79335,5.35859,6.83778,6.58769,5.85405,5.4717,7.89336,8.2171,7.56553,8.2,7.87574,5.8405,5.15294,7.18271,6.45421,6.37374,8.09832,6.57794,6.40575,7.09185,7.28893,6.77823,6.58252,7.31377,8.91955,8.73685,10.4836,8.65542,7.11625,6.86036,6.57103,9.1979,7.00113,6.98797,10.002,8.73536,10.5393,7.85615,8.92685,6.78967,10.0001,7.58747,8.50513,8.92207,10.0849,11.0653,10.8256,7.58151,7.34178,9.34167,7.43854,7.32867,8.60385,6.92245,9.14956,6.96791,6.91847,8.91772,6.95135,7.44193,6.97624,11.2526,9.19514,8.06073,10.1767,6.79233,11.7127,8.75816,6.49639,6.92153,6.48779,6.79349,7.12418,7.10624,8.22756,10.1517,6.92642,6.93508,6.7063,6.69996,6.70935
0.392,-0.0013125,0.084,0.237563,0.378,0.259,0.0544688,0.187688,0.0704375,3.18617,3.54695,3.75694,4.2094,4.20574,4.48925,6.1232,5.20123,4.61089,4.8601,5.72726,7.14992,6.02986,6.34876,5.99902,6.48239,5.66326,6.26225,6.69866,6.3736,8.07407,8.08053,6.85099,6.9049,7.21405,9.06461,6.20837,6.81101,7.93794,6.90359,7.95711,8.1751,10.602,9.37737,7.12288,7.54523,6.90611,7.68109,6.33293,6.25942,7.65176,7.11774,10.3816,7.2622,6.68188,7.12918,6.90868,8.84481,8.20103,9.86656,6.90219,7.67886,10.3847,11.3048,6.90873,7.30727,7.3426,8.01168,7.10389,7.07802,7.0912,12.5796,9.05464,7.88654,7.11088,9.47366,7.54822,12.2832,10.4131,8.90964,6.89951,6.90558,7.77503,6.90615,7.33864,7.33806,10.3508,7.75907,7.26758,9.28399,8.75369,6.25489,7.09435,7.75594,6.90274,7.86933,7.31892,7.26912,7.84401,8.74419,8.93117
-0.169094,-0.168,-0.0665,-0.14,-0.254625,-0.007,-0.115938,-0.079625,0.00284375,2.54949,2.70298,4.42995,4.70835,4.255,4.8814,5.61238,4.99802,5.9739,5.27578,5.12457,5.26843,5.63535,6.15708,6.691,6.09801,6.67543,8.69584,7.00201,7.25544,6.70835,6.54412,6.06542,9.06898,6.60704,7.51473,6.20367,7.52213,6.68681,9.44396,10.7455,9.37914,8.28289,11.4553,6.82309,6.6848,9.07941,9.03988,8.55126,6.80703,9.58091,6.83346,7.14894,7.65526,6.26467,6.68725,6.47791,7.30722,11.4895,10.5952,8.57261,10.9315,8.12265,6.68256,9.91497,8.79605,8.35327,7.64443,6.89304,8.64748,9.68072,8.23466,6.6894,5.84754,4.38926,10.3987,8.26918,6.68226,8.00311,8.51457,6.64549,8.09716,9.19365,9.04935,11.4922,9.13184,8.61264,8.09343,8.81526,6.68176,10.193,9.97023,8.06881,10.1725,8.49356,8.31204,7.2694,7.84731,8.41537,6.66317,6.68946
-0.301,0.063,0.0258125,-0.032375,-0.07,-0.260094,-0.0384825,-0.119219,-0.343,2.62824,4.39375,4.40387,4.22912,3.77544,5.6195,5.32092,5.50858,5.20539,5.71531,6.11264,6.40117,5.78763,5.9216,5.34212,6.21569,7.34281,6.89363,6.92008,8.89346,6.63832,6.60581,6.64332,8.332,9.50789,7.71545,10.1169,8.18585,8.00014,8.30928,8.00051,6.75766,7.61996,8.10622,7.48268,7.81953,6.89969,6.89848,10.708,6.90369,6.47324,7.32562,7.56588,9.03619,8.88098,7.7511,10.9903,9.05234,8.00401,7.35297,6.9688,6.89056,7.75838,7.76623,7.11385,6.90218,6.90793,13.3018,6.68334,6.913,10.5588,9.68576,12.2831,7.75236,7.11545,6.89939,7.7674,6.91061,11.4178,8.40791,7.97071,6.90334,7.761,6.8898,7.31151,6.8826,6.89129,6.91344,10.107,7.11805,6.88745,7.10442,9.05135,6.89545,7.76098,9.46148,6.90345,7.11037,6.87989,6.90097,7.33141
0.0102812,-0.056,0.03325,0.03325,0.007,0.046375,-0.0153125,0.023625,-0.056,2.29508,2.77552,3.62731,3.66766,3.47172,4.54563,4.3437,5.59726,4.86471,5.98743,6.56975,5.58045,6.96822,6.5215,6.24607,5.69804,5.84624,6.2661,6.03543,6.32058,5.50872,7.28843,6.64998,6.99534,6.65595,6.62788,6.73277,6.65419,6.68417,6.91037,7.34065,7.86536,6.72333,6.01557,7.09171,4.59103,8.06592,8.56218,7.12035,8.98237,7.3601,9.56297,7.56962,10.3227,9.76586,8.10433,6.7666,8.69589,6.71716,7.00328,7.73785,6.99617,6.71827,6.72563,8.87477,8.14879,9.82236,9.32348,10.038,9.26618,7.53236,8.38837,8.84481,10.4618,10.3209,7.86268,9.54463,10.7029,8.59523,8.23108,9.13001,6.55674,7.41528,8.15666,7.27143,8.37061,8.74458,10.3857,6.99086,8.37923,11.0077,9.95751,9.17717,10.2337,7.19732,7.2687,8.79021,8.40359,7.91916,8.25973,7.01195
0.0931875,0.111562,-0.0021875,0.14,-0.0170625,0.0940625,-0.044625,0.0452813,0.175656,1.70125,2.2255,3.56226,3.36998,4.30093,4.20028,4.01277,4.62295,4.19866,4.86309,5.41373,5.09422,5.88819,6.3452,4.99342,6.33723,6.30886,7.03381,7.44046,6.34703,5.58823,6.65392,5.46623,6.51642,7.08682,6.51511,6.4145,6.78132,6.62376,8.17986,6.40341,7.80763,8.19423,6.48513,7.99651,7.87975,6.30708,6.69887,7.17505,8.67793,8.00885,10.4989,9.31688,7.30203,9.06105,7.49541,8.35871,6.28852,6.47994,7.43615,8.52949,7.28896,6.74648,8.63978,6.48656,6.28928,6.30213,9.46291,8.07691,9.11243,7.12927,7.20509,6.31613,6.47213,6.9742,8.15803,8.86372,6.48008,6.48853,7.90816,6.38762,11.1793,6.92558,6.4813,6.47667,6.48055,9.78868,7.67053,6.11365,8.6979,6.29561,5.70706,7.2847,6.28808,11.0367,7.48321,9.07766,9.30652,7.65325,7.48545,7.76848
-0.163188,-0.0487813,-0.030625,-0.207156,-0.118781,0.0048125,0.049,-0.070875,-0.177406,1.52632,2.18982,2.84206,3.44569,3.21938,4.39301,4.10553,4.8255,5.99963,5.73817,5.92769,6.40245,5.20631,7.09065,6.67475,6.96873,7.15275,8.85165,7.1894,6.55131,7.49569,6.40593,8.1103,7.69407,7.59887,6.65418,6.86002,8.5166,6.32287,7.55396,6.81785,7.58683,9.97147,7.05431,7.47935,7.6166,8.03837,6.95459,7.59825,8.65452,6.7375,7.52733,9.89544,8.95597,8.77739,9.2467,10.3494,8.09333,6.92818,6.80853,9.47661,7.48521,6.24477,5.82694,6.81412,8.52749,6.95807,6.01351,6.65026,6.65007,8.50305,7.06882,9.41256,8.34796,10.3532,9.82918,6.44661,7.83426,6.44017,6.9551,8.31959,9.38689,10.3012,10.0911,7.76198,7.61593,7.67235,6.02501,6.43532,7.05992,6.64271,8.46259,10.3748,9.1153,9.90823,10.3548,8.48508,8.83873,8.56168,8.36827,8.98613
0.122719,0.0459375,0.312594,0.248281,0.403375,0.511,0.416281,0.429625,0.567,2.22476,2.96845,3.67545,3.49923,4.47005,5.64314,6.15532,5.40281,5.7876,5.68219,6.8024,6.18461,5.37486,6.44354,6.53054,6.02754,7.00476,7.40626,6.66648,7.37357,8.14146,8.28266,7.90746,7.75086,6.6578,7.74378,7.29048,7.57627,7.73642,6.65276,8.50427,9.04021,8.80696,8.69295,6.6587,7.30687,7.53698,6.23179,7.0847,7.07781,6.57804,6.45466,6.87247,6.44998,6.93187,8.34864,7.55937,8.73344,8.91738,10.6686,10.9301,8.81312,8.80672,6.87853,9.61783,7.00739,7.93125,7.65316,6.87732,9.82284,7.48782,7.5154,6.88229,10.3004,8.45253,9.01105,8.58902,7.95367,6.8726,7.26395,9.4514,7.52436,6.88099,7.31112,7.30482,8.95804,8.57828,7.23132,11.016,7.08555,7.87799,10.0198,10.0881,9.44953,6.87669,7.21741,7.30436,8.60088,8.16094,10.2988,6.87276
-0.259,0.01225,-0.144594,0.011375,-0.126,-0.11375,-0.105,0.063,-0.0520625,2.46615,2.21695,3.5901,3.76848,4.43359,3.45588,4.80621,5.0993,5.56595,4.88078,5.73294,5.83065,5.52988,5.173,7.74802,7.49776,6.54778,6.78134,6.60726,6.7799,6.4554,6.97945,6.70374,6.30439,6.97427,6.14922,6.77722,5.63115,6.87117,6.45901,6.01426,5.56361,8.12875,7.90404,10.9724,7.48116,7.13251,6.46302,6.88069,8.11072,7.68309,6.6638,6.6691,8.87914,7.87338,10.3333,9.3668,6.45535,6.47247,7.27079,6.65825,6.87254,8.07671,6.46697,7.51118,6.46807,6.66283,6.66097,11.7125,9.78603,7.06944,8.66596,6.67224,6.68012,6.66661,8.12836,7.54678,10.1053,6.8934,7.69554,7.9264,8.32459,8.68365,8.52428,8.74357,6.6688,8.5295,7.92854,8.52098,6.66351,7.0846,6.86996,6.45685,7.46367,6.85719,6.67218,6.66907,9.78386,7.0777,6.66061,9.78682
-0.0433125,-0.125125,0.00196875,-0.0404688,-0.0380625,-0.152469,-0.115719,-0.322,-0.03325,1.39367,2.47878,3.39476,3.01065,4.5325,5.03989,5.52092,5.55259,4.07245,4.88012,5.5289,6.16871,6.90632,6.66304,7.07876,7.23264,6.86319,6.90356,6.44453,7.81341,7.69943,6.90836,7.09445,6.6948,9.72654,9.00417,8.15702,7.40122,6.52193,4.89839,6.8149,9.35211,8.12081,7.23628,7.33613,6.20434,6.85929,7.69706,9.58297,10.4708,10.5877,8.03792,7.01079,8.39622,8.09567,10.481,11.0963,7.52607,11.5526,9.26637,11.6599,7.10633,8.14325,8.77842,6.69883,11.2424,7.5413,6.90492,6.90481,7.54196,6.96251,6.85835,6.89899,6.25288,7.76191,6.85894,7.12073,6.27204,10.0321,8.85632,8.58854,9.83229,7.73021,6.90257,11.6274,7.51871,7.95913,6.89736,6.69255,9.40612,9.91888,10.3487,7.02778,6.90254,9.37956,9.2662,7.8086,8.19647,6.68049,10.4606,10.5675
-0.126656,-0.035,0.035,-0.150719,-0.161,-0.1295,-0.112,-0.076125,-0.098,2.87014,3.59811,3.44286,4.00277,4.11729,4.48263,4.65134,5.34837,4.39139,5.39829,6.10087,7.33139,6.40912,5.63643,5.74765,7.12663,6.52335,7.12926,7.40669,6.93582,6.82175,6.82016,6.48967,7.46774,7.63051,6.78575,7.36696,8.62258,7.77915,6.55556,6.87025,8.06696,6.25866,6.26717,6.66487,9.39853,8.67393,6.37938,9.55124,7.37193,9.59061,7.9355,10.3991,9.30689,11.1012,10.0339,7.36404,9.75382,8.18786,10.0249,7.23923,7.82242,8.0121,6.73581,7.19223,6.66506,8.4051,9.9449,6.8564,7.91008,7.69881,6.64387,5.19918,6.71139,6.6673,10.2347,6.5494,10.4445,10.6521,7.34629,7.49633,6.55162,6.76359,7.31838,6.87235,9.56257,7.90707,9.43438,10.8391,6.65442,6.4516,7.08022,6.66081,6.65408,9.36062,6.75774,6.55976,10.3566,6.65987,8.60831,7.56643
0.149625,0.161,0.17675,0.056,0.098,0.252,0.0689062,0.062125,0.125781,1.33048,2.76391,3.54804,3.24801,4.23677,4.11469,3.92695,3.49597,4.55072,4.93827,6.03344,6.01887,5.61732,6.84101,5.88857,6.33737,6.64569,6.31909,5.77181,5.4059,5.88893,6.36447,6.76755,6.4528,7.89837,5.88987,7.90421,7.41517,6.79277,6.6263,6.68761,5.70789,5.99538,9.67699,8.5317,8.46634,9.86599,7.85878,5.64968,6.82159,8.09427,8.33045,8.03931,7.64105,9.66998,9.74872,9.11914,9.21173,9.74623,9.39456,9.85737,7.08684,9.41255,7.82866,7.18208,6.10161,6.63236,7.73005,5.88856,10.0282,5.88744,6.97883,6.61985,8.65623,7.54047,7.54013,5.88743,5.88916,6.90265,7.60452,5.88765,5.88675,5.71209,5.7045,5.88492,5.8935,5.89477,6.99042,9.01944,10.1811,6.31709,8.20555,8.82509,9.17992,6.2612,6.08924,9.32506,6.10246,6.31158,8.82845,6.3129
0.0301875,-0.119,0.186813,0.0417812,0.0021875,0.126,0.135625,0.247844,0.154,1.897,2.98176,3.94029,4.94317,4.5184,4.26467,4.91093,4.72829,5.08735,5.61922,6.80865,5.69094,7.03644,6.42473,7.3111,7.21364,7.31063,6.84048,7.2702,7.54473,8.93317,7.92402,7.13658,7.16094,9.86928,7.52021,7.92901,7.38819,9.85883,6.94758,6.53259,8.68528,6.95755,6.72792,9.17183,7.81588,8.42139,7.12093,6.76333,6.74161,8.90052,6.9505,6.66675,7.38732,7.64621,6.44274,8.23558,9.13805,6.09924,7.16117,11.9162,8.02257,8.37647,8.49035,7.99759,7.81174,11.9189,11.1346,6.96004,10.0894,9.49996,8.03741,6.9496,7.16772,10.5997,6.95683,7.812,7.84894,9.13029,6.94816,6.72513,6.23328,7.30826,11.3081,6.73349,7.86434,7.83367,8.05739,9.71103,8.23834,8.05338,7.85262,7.20088,8.90186,7.39071,6.95221,6.72616,8.04171,8.81266,7.37891,9.98399
-0.385,-0.280438,0.06825,-0.07,0.01925,-0.035,-0.0150937,0.102594,-0.07,1.995,2.89078,3.68177,4.08119,4.97526,5.4668,4.40095,4.34014,5.74391,5.63937,7.0532,6.82426,7.77493,7.15989,8.24962,7.67592,6.70776,7.92171,7.73845,7.24653,7.18101,6.70131,7.06422,6.46487,6.54502,8.20484,9.37515,7.18412,6.90695,7.15155,7.5302,6.54813,7.19605,7.19308,7.15304,9.54629,9.30121,7.99646,8.33167,10.8044,10.2068,7.78418,9.24257,7.13674,6.77057,6.75181,10.2708,6.90975,6.74845,9.28716,7.30148,6.75589,6.96851,9.5406,6.27527,6.53369,9.47156,7.77293,7.12826,7.38432,6.75636,7.66651,10.7697,7.12464,7.57396,8.87715,8.93729,6.75092,7.79043,7.57137,7.33082,8.6423,7.97307,8.10073,7.68052,8.79682,11.4494,8.05701,6.76302,10.3515,10.1257,7.96838,9.11226,9.74102,7.56504,9.2534,6.75765,6.54994,11.4461,7.59521,6.75193
-0.0339063,0.056,0.125125,0.109812,0.014,0.0767812,-0.206719,-0.0964687,0.028,2.71141,3.86337,3.64534,4.53366,3.52237,3.24935,4.56527,4.91901,5.13365,5.7731,5.62961,5.65114,4.61566,5.66397,4.91361,5.13672,5.74381,5.93871,7.04807,6.94602,7.75842,8.60402,7.33005,8.97237,6.73317,7.86842,8.28821,6.6063,6.27629,9.26411,6.74011,9.04597,6.27021,9.89659,7.95315,6.8564,7.79531,8.7027,7.03356,7.97485,7.81978,7.38612,6.85719,7.16651,7.63904,7.70626,6.66339,6.32473,7.58199,9.23607,11.7531,8.64259,7.30872,8.48837,6.72433,7.26287,7.2552,8.10583,7.18346,7.34939,6.95116,6.59709,7.20469,7.74926,6.71099,8.29698,6.48988,7.41387,6.56309,6.94501,8.48019,7.5994,6.67179,7.99565,10.5105,8.82722,7.66562,8.27577,10.1461,9.7626,8.38195,9.08193,6.47382,9.58438,6.94218,6.74166,6.74144,7.58599,6.50576,6.16691,6.94374
0.0575312,-0.035,-0.098,0.0745938,-0.266,0.0522812,-0.063,0.00196875,0.0137812,2.17523,2.76526,3.48468,5.03295,4.80398,5.10534,5.4409,4.79983,5.85826,5.87337,5.74925,5.60287,5.43568,6.39999,7.43869,6.77988,7.30224,6.9791,6.31147,7.0066,8.43579,7.27875,7.37103,7.02729,6.42492,6.84472,6.19745,6.14531,7.34369,7.80539,7.00215,8.33711,10.6493,7.53989,8.2355,6.94093,6.3383,8.52211,7.06719,6.33772,6.5338,6.34175,6.61592,6.88396,7.33011,8.91853,9.08542,6.15081,6.34216,6.61205,6.76005,6.34173,6.43365,6.53979,9.19376,8.69012,10.6443,8.12178,9.91139,6.9404,6.34142,6.34215,7.92912,6.3428,8.61451,6.34523,8.55076,9.33064,9.66047,10.6485,8.33711,6.92813,6.33534,6.34438,7.83301,7.24723,6.99557,7.33657,6.33415,6.53923,9.91148,8.64667,6.34737,7.42442,9.26149,9.59459,6.34548,9.31626,8.11832,10.1356,8.92918
0.126,0.175,0.189,0.126,-0.0835625,-0.062125,0.062125,0.119,0.119,2.21346,3.32406,3.13492,4.45975,3.72547,3.19589,4.42462,4.9965,5.26872,5.53174,6.0169,5.71564,6.01063,6.11543,5.45541,7.21751,7.46172,6.30449,7.07395,6.8374,5.55322,6.84447,6.84724,6.80219,6.16839,7.25727,6.12351,8.29562,7.42839,6.58848,6.96533,7.25886,8.23264,8.63567,9.11758,8.36859,6.90015,7.02654,9.96895,6.79082,6.96713,8.77631,6.83151,7.10572,6.79602,8.36224,9.53125,8.28225,10.2706,6.78216,9.15217,7.62278,6.777,8.04735,8.24729,8.23174,6.92852,6.84789,9.76617,8.73976,11.0648,8.20848,8.73791,7.44751,9.46234,10.158,8.03929,7.18707,8.48795,6.81378,9.31161,8.94411,6.77475,8.04111,7.62153,8.91085,6.77202,6.80883,9.94325,6.96161,7.19688,7.62565,7.83094,6.79108,8.06639,6.59144,7.87321,7.33072,9.34615,6.80246,10.3577
-0.239969,-0.0295313,-0.273,-0.06475,-0.00065625,-0.124,-0.091,-0.1575,-0.133,1.1619,4.42695,3.46365,4.4684,4.47589,4.8014,5.20796,4.79585,5.16431,4.73009,6.08157,5.03299,6.84624,7.68051,7.80522,7.42617,6.81135,6.53302,6.55425,6.92037,6.74924,8.13124,6.16481,6.92047,6.71327,8.50072,6.55734,8.66271,8.44701,8.56013,6.91936,7.60551,7.12784,6.19878,5.77458,8.31263,6.71345,7.32614,8.48301,6.34076,6.6891,6.14719,6.34618,6.38547,6.70209,7.76246,6.5058,10.2889,10.1132,10.4937,8.97854,6.71391,6.507,6.71605,9.11032,9.91776,7.04098,7.33931,7.33063,7.33575,6.9153,11.3102,8.58733,7.75743,8.71638,9.61723,9.264,7.31964,6.92187,8.3946,6.71713,6.5064,6.10303,6.71097,8.90577,6.91266,7.97465,7.10519,6.81885,9.10791,8.15439,11.5034,7.04717,7.12035,6.7963,6.70915,7.5464,6.91423,7.12614,7.33134,12.4672
-0.19775,-0.343,-0.597187,-0.408187,-0.36925,-0.291594,-0.287,-0.213063,-0.483,2.00195,2.61287,2.97029,3.14472,4.14394,4.31926,4.80279,5.47889,5.45319,5.48244,7.07162,7.29413,7.06148,5.67941,6.2754,6.82819,7.63843,8.54285,7.60808,6.86683,7.44199,6.85794,8.03633,7.29113,6.37455,7.43454,6.70727,6.84982,6.94365,10.1684,7.03592,10.2295,8.44358,8.26869,7.23858,8.77103,9.53583,5.99125,7.30315,8.96645,10.3107,8.20019,9.53472,8.78899,8.02619,10.9474,9.42895,11.1549,6.37454,5.51695,7.60585,6.95668,6.87512,7.6549,6.57449,9.52941,6.86137,8.44602,7.3673,9.38379,8.63195,7.84148,7.57423,7.51779,6.87335,8.8029,7.91152,6.86939,8.1605,6.8801,7.51353,8.99837,9.22326,8.52383,9.4533,6.65855,6.65887,9.44831,6.87757,7.26232,7.71629,8.25978,6.8746,6.77198,10.7309,9.67833,6.94954,10.599,9.14945,9.81482,8.96212
-0.0398125,-0.014,0.00109375,-0.165812,-0.227281,0.0229687,0.02625,-0.0389375,-0.307344,2.11869,3.47946,3.62709,3.92094,4.47939,3.29294,4.43035,4.6451,4.7662,4.20248,4.99366,5.94876,5.50125,5.24754,5.56517,6.00687,7.10367,5.49084,6.8559,6.24516,8.02399,6.68427,7.76739,6.17474,5.81239,7.6186,8.15413,7.849,8.67891,7.71049,7.54247,7.13726,9.432,10.0531,7.75758,7.16687,6.72668,8.56473,6.85802,6.07173,6.64771,6.63766,6.84086,7.09136,9.66674,8.934,10.9401,7.06161,10.6327,6.94223,6.88316,6.8588,8.39687,9.064,8.23555,11.1652,9.54467,8.23618,10.343,11.3318,9.56713,6.64535,7.79868,6.92823,7.34963,9.83578,8.5476,11.4945,7.47187,7.1169,6.83353,8.07021,6.47437,6.92827,6.94194,10.1925,8.85732,7.57905,6.94185,10.4697,8.48812,8.45141,9.48734,10.0325,7.36603,6.28608,6.93166,7.8121,7.7508,7.85937,7.13806
0.063,0.345406,0.35175,0.322,0.135188,0.314562,0.428531,0.401187,0.392,1.90466,3.48087,3.45105,3.54382,4.16101,4.427,4.35408,4.80078,4.96192,5.26847,5.90719,6.5766,7.37228,7.00845,7.38589,6.73868,6.79809,6.6659,7.21415,5.79238,6.80856,7.13978,6.94761,8.00677,8.44692,8.3773,6.90395,5.86453,6.22434,7.61131,9.47395,6.80805,7.60808,10.2321,7.93455,6.88972,6.95847,9.36193,9.80596,7.36668,8.74824,8.05294,8.36337,6.96665,8.59846,6.96502,8.35253,7.48843,6.95032,6.95067,6.90867,10.6655,8.69204,6.96227,6.9546,6.52747,8.03923,7.17917,7.38604,8.69492,6.95394,6.96088,7.62111,6.95714,6.96288,6.9711,9.9732,6.95741,6.96612,8.8817,6.96325,8.46775,7.61029,6.74672,6.74318,8.47947,6.94947,7.59517,6.94161,7.38302,6.95224,7.62571,6.95113,6.96534,6.96002,6.93785,6.71406,6.91986,6.95316,7.39654,6.95364
-0.427,-0.445594,-0.231656,-0.651,-0.0240625,-0.410156,-0.539,-0.154438,-0.434,2.36591,2.85046,2.79815,3.30302,3.84565,4.19832,3.73987,4.54371,4.83014,4.4743,5.48141,4.88684,5.86286,5.48003,5.93188,7.15126,6.10227,6.08693,8.16324,7.13425,8.12671,6.15687,5.734,8.31139,9.00269,6.82785,7.62737,6.44465,5.07881,9.05221,7.6042,7.92148,6.96383,7.96495,7.91222,5.08201,6.37998,5.24701,6.73439,6.99273,9.61179,6.69943,6.40749,6.49913,7.3306,6.66691,6.49457,8.86264,6.29246,6.60113,6.60274,8.11367,7.13217,7.30295,6.64776,9.39849,8.43299,6.34586,6.74807,8.42944,6.15089,10.6122,10.1697,7.60186,6.15062,8.48724,8.73009,8.60924,7.15712,8.52941,11.3052,6.73043,7.34376,8.80777,11.3024,7.34467,10.0195,11.3024,8.59895,9.93642,8.18275,10.6519,7.35073,7.2938,9.34289,8.10524,7.10191,7.0206,7.30068,7.86336,7.70383
0.37975,0.423063,0.221813,0.644,0.306688,0.4865,0.318938,0.158594,0.21,2.18705,3.34435,3.21967,4.46559,4.20746,4.47625,5.46394,5.3552,5.38535,5.80733,6.71396,6.7136,6.60457,5.87177,6.31837,5.78391,6.58666,6.42991,5.87345,6.32624,6.29618,6.84584,6.06553,8.01882,8.47156,8.13806,8.50995,6.49876,6.53092,7.66443,7.13565,5.92901,9.37775,8.8181,7.99343,6.53323,8.50565,7.75027,7.41772,10.3167,6.75746,10.3712,10.1271,8.9544,9.45354,9.60036,9.05585,7.63975,6.80307,10.1201,7.27448,11.1009,8.20294,9.71156,9.23072,7.41888,6.331,7.48927,9.16662,6.75885,9.458,8.52013,7.55149,8.55061,7.62887,6.48202,9.92393,7.8066,10.068,7.20307,8.63329,11.5699,7.54248,6.96311,6.75497,9.06757,9.04257,7.72174,10.6749,6.32002,6.49914,6.73437,8.48845,6.70506,10.7163,8.84517,5.70786,9.15418,6.50014,7.83994,8.83691
-0.245219,-0.269,-0.147,-0.062125,-0.0172813,-0.0406875,-0.00809375,-0.21,-0.00809375,1.92492,3.7666,3.17929,4.35596,6.00629,5.84652,6.28411,6.55349,5.80937,6.29922,6.74195,7.09944,7.05083,7.73694,6.32841,7.12781,7.16251,8.04106,8.3842,7.19432,6.81546,7.61424,8.05396,7.90781,8.02079,6.66971,7.79308,6.87136,6.56373,8.25669,6.63341,8.71152,9.74349,7.34387,6.63523,7.46461,8.69255,6.57545,6.80992,9.28545,8.3635,7.25979,6.21605,7.22033,7.51855,8.79828,7.39354,9.61336,8.10079,7.2416,6.43253,7.13401,7.8818,8.6262,9.08819,8.61799,9.4793,7.39953,7.51266,6.42615,6.45372,6.01862,7.56511,10.3498,8.50145,8.73311,11.3889,7.84894,9.1095,8.70247,8.32644,7.5851,11.6049,7.79881,6.43899,6.21364,7.55641,10.5684,6.62887,6.97623,6.62957,9.94498,6.62029,7.58161,8.19576,7.30823,8.57677,10.1611,8.75514,6.62076,7.33492
-0.116812,0.221156,0.211969,0.425688,0.148094,0.049,0.049,0.179375,0.0741563,2.55043,2.95431,3.72036,3.98821,4.38342,3.70296,5.43311,5.18166,5.24697,4.84309,7.08226,6.10507,4.46554,8.28835,7.9907,6.35656,7.85185,7.71959,10.0895,9.32396,7.38499,7.11573,9.33602,8.78795,6.83082,7.69468,8.1331,8.62789,8.94472,7.08112,7.08472,8.32974,6.88405,6.5105,7.11843,8.28095,6.42948,7.26411,9.38604,7.07065,9.81079,7.92051,6.50811,7.23349,7.62226,6.51281,6.90493,8.08882,7.02378,7.29759,6.8325,6.727,9.72678,7.52527,8.33269,6.85187,8.99555,7.05436,6.76048,7.91113,9.88128,7.291,7.31007,7.77726,7.05145,7.02801,7.71529,6.97381,7.23241,6.64656,8.50987,7.30986,7.11696,9.3817,8.32445,12.6086,7.0894,7.47075,6.22215,8.12599,6.64595,6.6324,8.12685,8.02315,6.43281,7.10135,9.72914,7.04358,7.88114,8.06315,7.11719
-0.063,0.014875,0.016625,-0.140875,-0.167562,-0.014,-0.385219,-0.240187,-0.0500937,1.55996,3.39936,4.01294,3.71773,4.58031,3.79362,4.51857,5.31599,4.94697,5.11605,6.33591,5.83723,5.61558,5.87827,6.1615,6.15048,6.72152,6.78281,6.36956,7.00621,7.72951,7.17529,7.1977,5.52131,8.88276,8.70354,7.61814,6.41864,10.1718,5.09216,7.73328,9.11305,10.1124,6.94639,8.75159,8.07887,9.59953,8.55138,7.85023,6.87887,10.1944,7.09507,7.33685,6.80574,7.96593,9.97621,9.49268,8.46793,9.5234,6.78679,7.19743,6.78254,6.57824,7.2079,7.85488,6.91968,6.5742,8.35502,7.20406,9.55611,9.97069,6.7894,6.66134,6.99874,7.48263,6.92171,7.4169,10.0277,8.72856,6.81542,7.421,11.8787,7.2058,7.5454,7.34402,9.32305,8.48559,8.31347,7.19781,7.07158,6.78416,6.73266,7.06572,7.41869,7.84167,7.08498,6.98883,6.78555,7.07384,6.85213,12.4961
0.145469,0.042,0.27825,0.079625,0.223125,0.132562,0.187031,0.189,0.049,1.86969,2.74625,3.55973,2.71957,2.88277,4.39292,3.71504,5.55368,4.93964,4.12238,5.48501,6.32301,6.58024,6.48972,6.01169,6.63094,6.6383,6.66254,6.45766,8.47925,7.09193,7.31126,7.84252,6.50298,8.2285,7.00466,11.5381,7.4581,10.8979,8.05841,7.70228,7.78804,8.11291,7.64102,6.49928,6.62201,6.29561,6.68285,8.32179,9.34037,6.51604,6.45327,6.68132,6.86993,7.83414,8.7865,7.77752,7.51217,8.82325,8.04207,6.67746,10.339,9.13991,6.88398,6.90243,7.50743,6.50159,7.55204,9.89936,8.21361,6.09636,9.94388,11.9883,9.06574,7.11705,10.1172,6.50705,6.6857,6.68143,10.1401,6.67638,7.13238,11.0297,7.48915,7.50769,6.4997,8.72749,6.71661,6.71488,6.68174,11.0712,7.50809,10.1504,11.2661,11.9127,9.78331,6.68555,6.68135,6.68511,6.68546,6.68944
-0.0039375,0.258781,0.091,0.0293125,-0.00415625,-0.0175,-0.21525,0.042,-0.0492188,1.70193,3.07218,3.7792,4.25387,4.08565,4.42283,6.00509,5.69614,4.68104,5.85619,6.02957,6.37994,6.42768,7.3804,6.98434,7.77655,6.73988,6.52046,7.71398,7.91317,7.24072,8.85822,8.87306,8.40491,6.5351,6.75059,8.85434,8.71439,7.53996,7.6937,6.85051,6.48589,7.7419,6.99218,6.72093,6.47867,6.40087,6.22273,6.67507,10.0878,6.87426,7.60829,10.097,7.37273,8.21667,8.15631,9.3417,7.52054,6.75887,10.4477,9.6124,7.10573,8.07323,10.6995,7.73611,7.43273,7.3648,6.58661,7.26223,7.63797,6.9791,6.98115,6.75819,6.69477,6.58395,7.18788,6.57857,6.9754,7.16086,11.5537,7.18374,9.60038,6.53589,8.18515,9.58326,8.69685,8.93608,6.76148,6.77306,7.37961,7.62411,8.81351,9.70103,7.26154,7.79748,6.74592,8.28107,7.194,8.72295,6.97935,7.36687
0.112875,0.4375,0.222469,-0.007,-0.098,0.05075,0.0312812,-0.020125,0.161,3.14948,3.10021,3.74618,3.45833,4.16557,3.60263,4.1872,4.67151,4.82284,5.46646,5.49856,5.27294,6.38637,7.33443,6.97171,6.12481,5.94589,6.38633,6.79132,6.87987,6.86251,6.64236,7.10666,8.63354,7.87302,7.65256,8.55938,7.22995,7.61524,8.93561,6.83112,10.2278,8.29821,8.60379,9.99644,12.0857,8.93917,6.80449,6.5954,8.07516,8.87745,9.14773,8.94103,6.97994,6.60335,6.80797,6.38689,7.75978,12.0773,9.15226,7.56269,7.01873,6.80407,8.08237,7.45688,11.1403,10.0976,8.06496,7.2336,8.77668,6.81662,8.30213,8.68529,10.4128,7.85007,10.4063,9.99539,11.1348,8.40531,7.27682,8.37104,6.6063,8.19341,7.3251,7.23862,8.09212,9.87482,11.0666,10.2737,12.3426,8.01954,9.35965,10.4394,11.0345,6.38074,9.58956,7.42419,6.80236,8.28916,10.7986,8.19489
-0.22575,-0.0212187,-0.27825,0.004,-0.613375,-0.343,-0.585375,-0.644,-0.266,1.7654,3.24559,2.8896,3.30971,4.19926,4.73342,3.51878,4.65702,5.07869,5.49887,5.87552,7.23164,6.991,6.54035,5.71757,7.72852,7.42488,6.5558,8.00121,7.43502,7.85632,7.37239,7.37241,8.52413,9.12934,9.13478,9.02533,8.19652,6.81546,9.66605,10.6378,10.1543,10.2135,10.1536,8.43121,8.56394,7.85225,6.99477,8.32511,6.5852,10.1433,6.80346,10.1471,7.48013,10.1515,6.99088,7.4319,7.14128,9.39582,9.14004,7.20209,10.6987,10.4883,8.91719,8.79368,9.72847,7.42953,9.17587,10.6988,9.31796,8.72299,8.51733,10.1591,10.8592,6.77316,8.50925,10.9066,6.98761,7.28698,8.96032,6.76025,6.54018,6.75642,11.799,7.995,8.16654,11.5649,9.14035,9.91798,8.93422,7.70237,5.67619,5.01809,8.73042,6.98143,9.24569,6.98463,6.97913,8.40624,6.98463,9.69081
0.154,-0.04725,0.063,0.287,0.0783125,0.063,0.0525,-0.053375,-0.0415625,1.86076,3.18159,3.81191,3.8034,3.60304,4.04068,5.40293,5.27522,5.19631,4.94605,6.25218,7.38998,6.50019,6.99428,8.08442,6.8657,6.70866,8.76549,6.95491,8.25653,7.03933,8.28918,9.1892,9.38048,8.81602,7.77565,6.76825,8.35002,8.46752,6.0972,6.96806,6.95177,6.76087,9.2649,6.82398,7.74561,6.54677,6.54472,6.95496,7.11314,6.77317,7.54341,6.75678,9.71494,9.34633,7.17749,10.9832,7.75509,10.4779,6.92132,7.13816,6.89457,7.13216,8.5465,8.17869,6.54622,6.76051,9.92223,8.73089,7.59937,6.3309,6.75546,6.54535,8.29247,9.28742,7.30084,9.08037,9.79807,7.62669,9.81971,6.98144,9.25958,6.8682,6.73861,6.77006,6.75023,6.75429,6.97247,7.78492,8.62109,8.44535,10.3402,7.82813,7.19767,8.92173,7.1096,12.4856,7.75544,6.97608,7.20076,8.94249
-0.028,-0.0984375,-0.231,-0.0662812,-0.0590625,-0.189,-0.131688,-0.273,-0.231,2.81624,3.5712,3.56744,4.45616,5.14134,3.99988,4.95132,5.19724,4.66184,6.15507,5.35887,6.42806,5.94275,7.54009,7.49729,6.16161,6.77528,6.90065,7.89152,7.11055,7.4795,7.68392,6.65824,7.61577,7.93892,7.93488,7.62139,7.20107,9.36644,8.04941,7.2694,9.0537,7.73056,8.77455,8.18972,7.61095,7.79761,7.85284,8.28803,8.12217,6.76953,8.97191,7.47907,7.63681,6.9808,7.45045,6.76312,6.98103,8.81726,9.72967,10.0917,6.23136,7.5011,6.97912,9.09485,7.63505,7.97375,7.36273,6.97685,7.84325,8.0546,7.62513,10.0244,7.41249,9.76656,7.97886,8.20895,7.92842,10.7673,7.32266,11.3624,8.06657,8.5,5.88983,10.7742,8.99915,10.2502,6.97943,9.74574,9.59141,9.73369,8.49765,7.97347,9.81275,9.14778,10.5999,12.1941,9.907,9.03778,7.84918,9.55687
-0.084,0.01925,0.26775,0.021,0.147,0.021,0.209125,0.234281,0.0105,2.48463,3.71261,3.96076,4.74016,4.58384,4.24937,4.42543,4.14288,5.32609,5.39427,6.60218,5.70976,6.07739,6.11421,7.22201,5.88304,6.51989,5.51468,7.10519,5.84324,6.53134,7.37721,6.96901,7.37696,7.35383,7.20542,6.75555,6.9506,7.68191,8.23558,8.26087,7.1963,7.08663,8.05301,8.87601,7.618,7.44593,8.67228,8.23512,8.95612,7.13089,9.09649,6.98232,8.46549,7.86216,8.81389,7.84097,6.55904,9.01567,8.49458,8.77716,8.94068,6.7795,10.1585,7.91661,11.2767,6.77281,9.06273,10.3123,11.8405,11.2081,8.22757,12.4164,9.23486,7.40673,7.61075,8.0397,6.7684,11.0188,6.7584,8.4063,8.77335,11.1444,11.8724,6.84903,8.59128,10.989,9.10102,7.61419,7.46944,6.79845,7.60488,7.1954,9.09217,6.75789,8.24633,7.89745,9.5542,7.31238,7.84945,7.51148
-0.14,0.0818125,0.133,0.259,-0.0120312,0.0982187,0.14,0.133,0.0406875,2.40711,2.72488,4.48956,2.96688,3.96255,4.92856,4.22572,4.57305,4.26616,5.12297,5.19071,5.2318,5.39843,6.12046,6.00641,6.75945,5.80523,5.89847,6.53339,6.62085,7.83412,8.29073,7.44942,8.01059,7.34905,7.13553,7.64037,9.11002,9.00332,7.30003,7.74143,7.13931,6.8853,9.0673,8.62884,7.95064,7.95593,6.67198,6.52752,7.39372,6.88605,9.66408,10.1075,9.08444,7.25779,10.1358,11.3674,10.0296,6.88574,7.58036,7.25138,10.1107,8.81234,6.74635,8.3444,7.40572,7.8278,7.27886,6.52462,8.82045,7.63908,6.73078,8.42509,7.07031,6.51776,6.88554,7.99256,7.19402,7.68526,8.37447,6.10783,6.22669,6.87471,6.73288,6.91271,6.93391,6.87847,8.24794,7.31303,6.66736,7.49132,10.4492,12.5763,7.67393,6.31855,7.67322,6.43229,6.66697,6.8801,6.87817,7.96664
-0.161,-0.161,-0.175,-0.207594,-0.369688,-0.329,-0.172375,-0.007,-0.0686875,1.21008,3.66815,3.55429,3.55959,3.90153,4.27377,3.63559,5.3264,5.7405,6.4159,6.28,7.30518,6.87171,6.69476,7.016,7.60824,7.04714,7.71995,6.46323,6.20886,6.90942,7.10244,6.832,8.66373,7.10708,8.96396,6.75245,6.70655,6.5991,6.91867,8.86279,6.90404,10.1879,6.96495,6.69807,7.46318,9.28165,6.69953,7.03711,6.83094,9.16127,9.71481,9.29232,8.21948,8.63076,7.61146,6.84046,7.72639,7.99085,6.90874,6.82436,9.82769,8.44391,9.41105,8.71009,9.14621,6.81791,7.24415,7.89494,12.3478,6.82373,6.90619,6.6908,6.70009,6.81364,8.52908,6.68641,7.24755,10.8062,9.13336,7.89289,12.2341,9.99078,6.89296,6.81446,7.87055,12.3616,6.83086,7.45528,6.90209,6.82706,8.74746,12.3447,6.81747,7.04145,6.81685,6.82386,6.80719,9.21965,7.1001,6.81628
0.0864062,-0.035,0.174125,0.139562,0.091,0.168,0.175656,-0.0190313,0.147,1.39285,3.11989,2.91239,3.91998,3.40694,4.29345,4.86981,5.18537,6.17016,4.7044,6.17779,6.56736,6.06148,5.95863,5.72497,7.2011,6.63406,7.24555,6.06156,6.31655,7.41236,8.24664,7.49282,6.99526,8.13586,6.90236,8.93265,6.6183,9.04413,6.36709,6.80879,8.4336,6.30983,6.3016,7.9809,6.89898,10.2938,8.42111,6.73349,7.75608,7.09403,6.76826,8.09219,7.11987,7.79085,6.9054,7.66963,9.48647,6.31186,6.68482,9.20156,6.8899,7.54679,6.73334,7.47934,6.31945,6.2523,9.07242,9.40807,7.36448,6.68239,6.91133,6.90302,10.8198,8.08995,8.0686,7.57797,7.1172,7.75387,9.91414,9.7336,6.73325,7.9581,6.89196,6.68061,6.89123,8.14551,8.13143,6.68909,6.2688,8.79042,10.4182,8.83196,7.05335,6.89755,7.6049,8.86113,10.9897,9.26074,9.6873,7.07328
0.100625,0.267969,0.402937,0.335344,0.195125,0.252,0.240406,0.159031,0.308,2.08277,3.09958,3.51552,3.81966,4.26473,3.9169,5.1923,4.57205,5.23924,5.03973,7.39828,5.53754,6.02484,6.84436,6.74971,6.87328,7.91287,7.1736,7.78027,6.19952,6.71494,6.1069,7.31546,8.01209,7.3942,8.12061,8.75122,7.51475,7.97603,6.91719,7.43644,7.53236,8.63581,7.64432,8.80285,8.98568,6.04524,6.29979,7.65161,6.54483,6.98264,7.1112,7.75349,10.8,8.7794,9.5363,9.7485,8.85898,6.90519,6.96346,10.5077,9.23418,6.92607,7.19331,7.19906,7.12924,7.41389,6.90531,8.27057,7.45356,8.16003,6.97362,10.1482,6.69845,11.6072,8.42705,6.90851,7.67473,6.97912,9.30339,7.23298,6.92667,7.40868,7.37416,12.1294,8.86942,8.64375,10.2622,8.17971,7.60998,8.22112,6.97273,7.19554,9.05743,7.92096,8.86191,12.5248,10.7758,10.1803,7.09758,8.19103
-0.189,-0.126,-0.126,0.042,-0.0811563,0.0347813,-0.0212187,-0.0949375,-0.018375,2.30601,2.64809,2.88181,3.01669,5.07207,5.99612,4.418,4.81207,5.84501,6.8546,6.27139,6.41518,5.84676,7.86716,5.90094,6.76086,6.88601,7.46437,7.04603,7.86823,7.51891,6.46832,4.90693,7.51802,7.69753,5.76379,7.79036,9.26344,6.14463,7.38364,7.61945,6.85232,6.46154,6.83441,5.77878,6.24465,6.82245,6.4466,6.87469,7.06291,7.03222,10.0381,9.60284,6.51479,6.4571,6.25973,6.60879,7.44361,8.38797,7.88179,8.11016,7.51764,8.44519,7.0207,8.22648,8.05842,8.74973,6.97398,7.68142,7.51703,6.61735,7.02223,9.42219,7.64367,6.83287,7.3544,9.17937,7.5082,9.33326,7.04181,7.21066,8.77093,7.98154,7.03261,8.32552,6.63064,8.36526,8.11414,6.84611,7.74977,12.9639,7.90145,7.52132,11.6283,10.966,6.83431,6.82956,8.74587,11.3123,10.6213,7.50591
0.0161875,-0.294219,-0.296188,0.0535938,-0.146125,-0.146125,-0.105438,-0.104125,-0.133656,2.13161,2.36613,3.64599,4.35738,3.43337,4.07887,4.36797,4.15063,5.8775,6.02878,5.73976,5.9549,6.42959,6.69969,5.06887,6.71197,6.58161,7.52359,6.48832,8.42824,7.71008,7.27643,8.01858,6.11755,6.7781,6.39303,6.62893,6.93835,7.83871,7.82653,8.03486,8.57595,6.8154,7.93417,7.62678,8.2439,9.90217,9.92407,9.11543,6.99761,8.72058,10.917,7.65411,7.44064,7.23815,5.62924,6.59456,6.80543,8.33207,8.03392,7.25267,8.66846,10.5132,10.8282,9.10636,6.80782,10.0943,7.00643,6.81301,7.21061,7.23137,10.6265,7.01681,7.24913,8.50102,10.002,5.7409,6.81018,7.47887,6.80501,6.80723,7.21367,7.22703,6.79633,6.81183,7.82702,6.77676,9.14222,6.62728,7.0332,7.41409,6.82494,6.8251,7.43171,6.60772,9.89676,7.65982,8.25645,6.80134,8.74443,7.85048
0.446687,0.518,0.408625,0.353062,0.408625,0.448,0.585156,0.637438,0.516,2.14989,2.94709,3.66896,3.50337,4.02336,4.67577,4.64602,5.44321,5.53564,6.13011,6.20908,5.87466,6.14959,5.99825,5.53966,6.90929,7.48328,8.43014,7.55767,6.7585,7.54829,7.02298,8.93611,7.90661,8.28703,7.29308,8.87857,8.57567,9.51538,6.55428,7.11001,8.31898,7.33958,11.1353,8.00754,10.6882,6.34827,9.46645,7.21463,10.7996,7.75195,7.56798,6.9089,9.22727,8.31417,9.5751,6.90278,7.33841,9.21258,7.78355,6.69607,6.68641,6.9093,7.06563,7.93777,6.47706,9.04099,6.89941,7.12449,7.36547,7.27327,6.55232,6.9133,8.3585,11.4413,8.57348,6.90709,8.13749,7.91254,8.40435,9.49144,8.20463,8.21354,7.14122,7.92662,8.01062,12.4363,8.9332,10.7343,6.88766,8.19409,7.69428,6.91787,7.27698,9.26568,7.10899,8.11808,7.76549,9.31371,6.72458,7.20586
-0.247187,0.105,0.007,-0.142844,0.0945,-0.0651875,-0.126,-0.147,0.07,2.46292,2.69813,4.4716,4.3462,4.57189,4.26386,5.4717,5.46019,5.55312,6.35231,6.903,6.38417,4.82161,6.21018,5.24983,5.39674,6.63502,6.542,5.78718,6.79637,6.52203,7.26293,6.91496,6.34022,7.14953,7.88801,7.98473,7.39759,6.99642,7.55193,8.95838,6.76571,7.72338,6.95042,8.14272,6.88134,7.16365,7.2564,6.82406,7.20873,6.53344,6.76584,7.33166,8.25676,11.2333,6.55259,8.99396,7.88201,8.61591,9.16843,11.2315,7.7307,8.14405,7.78085,9.16924,7.99543,6.76864,8.64466,11.2373,6.769,7.85128,6.9681,7.61607,8.38406,7.63844,10.6687,6.99556,9.1642,9.40578,8.99726,11.9872,6.98412,10.7035,6.76082,8.51434,9.59338,12.4135,9.60912,7.3434,7.04334,8.29015,8.07964,6.98794,8.50413,8.51688,7.86343,6.98289,6.11213,9.70338,9.90977,8.58158
0.0605937,-0.175437,0.0549063,0.049,-0.00021875,-0.0409063,0.238,0.200812,-0.056,2.21889,3.05874,3.03085,4.164,3.02042,3.97377,3.59166,4.11093,4.85502,4.07915,4.44727,5.68752,6.72328,6.41808,6.79705,7.71331,6.64715,7.58409,6.71753,7.74085,7.50585,7.52922,6.09033,5.25559,6.49389,7.14192,8.18814,6.69492,6.72011,8.0269,6.72117,6.51642,8.26292,9.54533,9.03323,9.8532,11.5503,9.34767,7.73202,7.98027,9.21436,7.5193,6.7241,10.5694,9.95706,10.6693,10.9976,8.91825,10.414,6.72795,6.51157,6.51329,6.71781,8.98343,7.98329,8.23274,7.07311,11.3182,10.0479,8.17867,7.76716,6.50993,6.72066,7.28788,8.45721,11.1787,9.65724,8.8582,10.2328,9.01731,8.19023,11.7607,7.70462,7.70044,9.23081,7.79107,8.18091,7.88233,9.24156,9.44603,8.94288,6.88852,8.37254,9.92406,7.75126,6.72836,6.71854,6.88965,10.8946,10.3437,9.44354
-0.448,-0.193375,-0.538781,-0.16625,-0.252,-0.61425,-0.563062,-0.399875,-0.574,0.509176,3.11329,3.86398,3.87683,4.30276,5.2172,5.58613,6.05499,5.6092,5.54116,6.28161,6.53043,5.83462,6.60156,6.41722,7.31839,7.70969,8.99703,5.70618,7.63122,8.53767,6.72588,6.95624,6.64704,6.65388,7.04146,9.05559,7.94693,9.18217,9.04018,6.15281,7.01451,6.79884,6.04069,6.61361,8.61293,6.72473,7.05013,6.43271,6.93496,7.25292,10.9263,6.72151,6.91523,10.2513,10.9708,6.86078,9.32866,8.34789,7.64214,8.91457,7.84931,7.14816,8.06911,8.98721,7.23183,8.25433,7.9273,7.01391,9.66532,8.21059,6.71229,6.8673,6.43854,6.88127,10.2836,7.85334,6.81398,6.71639,12.495,7.66003,6.7119,7.55487,7.76687,6.72168,9.98489,9.64878,7.33979,7.12916,7.10035,8.81025,11.8533,6.72463,6.71453,9.55589,9.31804,6.71577,9.53433,6.92019,10.7039,10.1388
-0.160125,-0.08225,-0.138031,-0.385,-0.07,-0.0511875,-0.0190313,-0.0190313,-0.0170625,2.09999,2.92612,2.66481,4.39582,4.50036,5.43939,4.77211,5.36172,6.27457,5.05729,5.38705,7.53479,6.43817,6.56803,6.85495,6.73036,6.69578,6.64291,6.92595,6.90583,7.0054,8.14866,6.64789,6.64868,6.84062,6.45901,8.78939,9.89008,6.43547,6.43849,10.1994,9.63993,7.12662,9.62881,9.88464,7.76552,8.54047,10.6261,6.90073,10.1952,10.1683,8.65229,6.72045,6.5097,7.51877,6.72235,6.72398,8.40601,10.0337,6.30248,8.90813,10.8408,10.1854,10.0644,9.85234,9.33309,11.4028,9.15183,8.50713,8.30452,9.24656,9.86262,6.93173,6.62384,10.1649,9.78435,8.11138,7.0522,6.93773,8.39022,7.34779,8.94279,9.34132,9.24769,7.98916,6.98616,9.65482,8.39996,10.0258,7.7711,7.66941,8.40733,6.89992,8.72402,8.51489,8.41931,11.242,7.73085,7.76799,6.83616,6.71613
0.238,0.119,0.308875,0.356781,-0.084,0.0835625,-0.0398125,-0.013125,0.028,2.45737,3.52933,4.07955,3.79665,4.80952,4.83568,4.77587,5.61244,5.02327,4.57368,5.89494,6.07402,6.88725,6.73235,7.33951,7.83933,6.60863,6.19596,6.23429,8.01225,7.03989,6.72458,6.92104,8.10424,7.26248,7.02353,7.8006,8.34151,10.0523,8.17701,6.84296,7.61063,7.60976,9.13137,6.9541,9.55809,7.94394,7.45802,8.89743,9.33395,9.99718,7.79809,9.62188,10.5124,9.69736,10.9308,9.11514,10.9307,11.2262,7.80113,7.68218,9.1269,8.47969,8.42334,7.20742,6.95315,9.40041,7.3894,7.22673,9.25941,8.21015,7.25736,10.9301,9.98554,6.73851,9.56647,6.95003,6.72339,6.95588,6.95002,6.73532,7.15763,8.69143,11.9506,10.5466,7.59834,9.94486,8.46341,9.40262,8.18162,9.77389,10.12,8.69147,8.63113,8.02268,7.10358,6.9478,6.94605,6.72675,10.3451,8.46606
-0.0896875,-0.252,-0.0938437,0.159469,0.225094,0.07,0.02975,0.0035,0.0352188,1.65141,2.54169,2.88176,3.72186,4.94637,4.07106,5.30734,5.83506,5.8391,5.83815,6.0611,5.83576,7.19256,7.45648,5.96034,7.50866,7.12862,7.67052,8.56337,7.7227,6.7686,7.71349,8.5653,7.87185,7.2806,7.20221,7.88644,9.22404,6.44787,7.15442,8.21741,6.50691,6.49958,7.85582,8.56391,8.46758,8.29459,8.59957,7.469,9.59856,8.58733,7.1377,6.07963,9.44304,7.57427,6.96779,6.50446,7.13232,10.0179,6.9682,6.49565,6.92906,8.55895,6.2869,8.21841,7.52945,8.55827,7.55008,6.4922,6.83437,10.449,6.70937,6.496,7.98951,7.38626,7.08558,8.28621,7.82513,7.70327,10.713,9.74009,6.744,8.65837,7.09456,7.40872,9.61302,8.84842,8.33512,10.2298,9.79694,7.13875,6.96972,7.18695,6.53605,8.92455,7.18101,6.97034,7.31042,9.87209,10.0187,11.9545
-0.168,-0.278031,-0.239969,-0.0422188,-0.107625,0.02975,-0.259,-0.0842187,-0.0570937,1.50535,2.27871,3.08017,3.87276,4.85461,4.8522,6.15633,4.7734,5.48875,6.20973,6.21783,7.02237,6.92445,6.92481,7.38022,6.4774,6.97508,6.19759,7.712,7.81242,6.9513,6.64361,9.07888,8.57344,6.62885,6.98944,8.38664,6.85229,9.07378,9.47876,6.10445,7.45777,9.75788,8.9439,6.95245,9.98048,9.59431,8.1767,6.10555,9.20794,8.70917,8.17392,7.96092,10.739,8.60238,10.325,6.96862,7.5152,8.90225,9.15411,8.4401,6.75457,8.27353,9.77193,9.22392,9.14406,8.66426,9.77046,10.027,8.51064,6.97496,6.75204,7.1911,8.2783,7.40772,6.96995,8.27509,8.30483,9.02332,10.0145,11.9414,8.4936,7.98095,7.01251,9.57579,7.25642,8.1394,6.54061,7.19145,6.30917,6.9653,8.83513,7.23128,10.6078,9.79108,9.86475,8.25483,11.9495,9.75177,6.97243,9.3707
0.203,0.0107187,0.0658437,0.0627812,0.0627812,0.0802813,0.021,0.188562,-0.000875,2.53805,3.49319,4.26503,4.15264,4.9111,4.15407,5.21705,5.66124,5.57707,6.12442,5.00509,7.71759,7.90257,7.10087,7.62184,6.76855,7.91668,7.63195,7.5578,6.97389,6.7938,8.49121,6.18804,5.37627,8.91808,7.90662,8.94129,6.87288,9.4244,9.85573,8.84633,6.94456,8.59318,7.1876,9.6461,6.97321,6.72751,6.50594,6.96885,7.28135,8.46099,9.26495,6.74815,8.60093,6.94841,6.95315,7.15713,8.08958,8.61504,6.94799,6.94235,7.69769,8.84234,9.33629,6.74833,7.37973,6.94483,6.94378,9.79979,8.09277,8.61457,9.94705,7.60234,7.58911,8.89278,9.10524,8.67492,6.52597,8.03078,7.58411,7.16965,8.12951,6.79599,6.51178,6.9493,10.1968,11.1543,9.50047,10.8569,8.46421,6.49354,6.88466,10.2454,7.58867,7.70242,8.34108,6.93951,6.31574,9.92698,6.9383,9.10311
-0.0675938,-0.574,-0.364,-0.301,-0.168,-0.312594,-0.553,-0.60025,-0.246312,2.28125,2.83774,4.06067,3.47205,4.04283,4.6828,4.73721,4.86456,5.38059,4.82272,5.40996,6.44861,6.10118,6.41865,7.48764,6.36796,6.6713,6.67665,6.77618,6.54359,8.62816,8.32958,8.62909,9.28424,8.21613,6.7639,7.68703,7.48691,6.76791,6.92597,7.54855,7.18171,6.54194,6.76451,6.54176,6.98207,6.98471,6.16467,7.24664,7.48343,6.98916,6.93713,9.34243,10.2011,7.63503,12.2365,10.0309,11.1238,8.39772,6.98157,6.98327,9.15416,8.72704,9.16396,8.09516,8.75103,9.3863,8.88938,10.2432,8.11483,6.97978,7.81317,7.19727,10.7406,7.85923,7.62284,6.76188,6.76346,7.90905,10.6756,7.67353,6.7689,9.41426,10.4801,7.47254,8.29442,7.85624,6.97772,6.9752,7.16831,8.87385,7.36862,8.31437,7.17656,6.98506,6.97245,10.073,9.80895,7.43792,9.4199,10.6279
0.371,0.079625,0.33775,0.216125,0.6545,0.0553438,0.4515,0.161,0.021,2.68842,3.80257,2.5319,3.54778,3.54716,4.43543,5.29383,5.77989,6.56212,5.46071,6.54742,6.05016,5.90904,5.77096,6.04983,6.12145,6.09972,6.33696,6.432,6.34487,5.51843,6.72844,7.15465,6.08842,6.8751,6.82948,6.99911,5.89119,6.83465,7.93129,8.89632,9.23602,7.70536,8.37333,8.11519,6.97831,7.17136,8.91047,7.75867,7.93369,7.55398,6.82794,7.92866,7.75435,7.59623,7.68679,7.74591,9.23508,9.59723,6.83603,7.25312,10.032,9.17492,11.5654,8.11111,6.61217,8.73795,7.19534,8.23751,10.1424,9.42176,9.58764,7.65038,9.77051,8.31405,11.3043,12.1377,7.24151,7.88251,8.09489,8.02588,10.8939,9.58794,9.83323,9.16653,11.2911,10.2056,11.7316,12.5368,6.81775,6.81519,6.39331,8.08753,8.09334,6.13784,7.17624,7.00978,12.7105,6.82056,6.81474,8.51926
0.413,0.812,0.46025,0.4235,0.401406,0.353938,0.32375,0.314125,0.322,2.03492,2.38095,3.88867,4.59979,3.97355,3.5333,4.8965,5.30702,4.60401,6.01489,5.99061,6.89962,6.88391,6.47616,6.69229,7.34228,7.28343,6.80238,6.90997,6.68322,7.94505,6.88101,7.45308,7.85234,7.84401,7.58129,9.40179,8.07439,9.30136,8.01767,6.05613,7.25897,9.40144,7.97795,9.80627,6.68266,6.68698,6.67741,7.11222,6.67659,6.6896,6.88471,8.13523,6.63231,6.68833,8.34763,7.12049,6.67551,8.13907,6.68244,6.67956,6.68282,10.6512,7.71565,6.88818,10.9106,7.08478,6.88944,7.51465,6.47246,6.68526,7.51249,6.47316,8.34749,7.52794,6.89895,7.67056,7.30284,10.1526,9.93966,9.81099,9.18611,10.4411,10.222,6.88532,7.05733,7.71717,6.89577,8.97186,9.80486,6.51267,7.32468,9.10446,7.10906,6.47029,7.31193,6.87746,6.67572,6.67664,6.88162,8.12875
0.0763438,-0.161,0.0588438,0.069125,0.049,0.0894688,0.0238438,-0.238,-0.07,2.79907,3.5897,4.23969,4.18972,5.08798,4.97067,5.70995,5.34337,5.67116,5.855,5.94553,6.39373,6.79491,6.32355,5.67608,5.64614,5.58209,6.00608,7.11545,5.91379,7.75436,7.08336,7.78513,7.98401,5.91147,7.57638,6.94163,8.1559,10.9029,7.87495,6.88685,7.78236,7.18415,7.57531,7.23185,6.06752,8.494,7.92923,6.93128,6.30073,7.38367,6.38102,11.1178,6.95095,8.9552,10.7712,7.83889,7.44712,7.69207,6.77254,6.7442,6.39089,7.37714,7.85562,6.18445,6.98215,7.78051,6.38892,6.97895,10.0288,6.78238,6.93531,7.58447,9.67938,7.37686,6.37738,6.71099,7.98467,11.003,6.37696,8.85459,7.84015,9.22864,7.68166,6.51404,8.97879,7.5746,9.15975,10.3404,6.57384,8.90511,6.38737,8.116,8.54462,6.88176,6.75194,11.127,8.74162,7.74297,7.96994,8.57215
-0.273,-0.0737188,-0.280219,-0.223125,-0.117906,-0.0339062,0.0319375,-0.276063,0.0844375,1.09763,2.63175,3.11052,3.84977,3.29581,4.2915,4.43922,4.78627,4.43803,4.68274,6.07798,5.74991,6.4942,7.37254,6.40864,6.10824,7.32617,7.59877,6.68927,6.61215,7.96085,8.19861,8.72039,7.1472,6.44513,6.95082,6.9507,8.30085,6.11386,7.38356,6.3967,7.50081,8.7208,6.95007,8.20029,10.2195,6.5699,7.59907,7.74309,6.95053,7.04043,9.44004,8.39908,6.94446,6.75726,7.80557,6.94591,6.94814,9.11294,6.78987,7.60003,7.80845,7.16,7.47787,6.78638,7.01547,8.86208,7.43167,9.98693,12.0863,8.09421,6.99965,8.68294,7.16779,7.56469,8.5181,7.21045,6.9876,6.73166,6.94738,7.00393,8.08074,6.95357,8.89582,8.46125,8.47246,7.15936,8.45453,6.94534,6.94446,7.80873,6.73294,6.72173,6.93289,8.88333,9.54977,6.98915,6.94506,7.38347,6.93943,8.67383
-0.042875,-0.0798438,-0.087,-0.056,-0.053375,0.00304653,-0.142188,-0.212187,-0.2765,1.39501,2.36983,3.47239,2.89944,4.19765,4.03987,4.45671,5.77022,5.7291,6.05895,5.66774,6.84251,5.83453,7.16025,6.42314,7.08669,7.29847,8.45314,7.82845,6.80388,7.1944,6.77459,8.59911,8.30929,9.56945,6.80723,10.37,6.92651,8.01975,6.62481,9.28056,8.17265,6.74246,6.03624,8.98394,8.29131,8.38463,7.66908,7.33473,10.2086,9.36985,7.43524,6.96769,6.80326,10.2971,11.3799,10.4931,9.5349,7.44147,11.3763,6.79948,7.51862,6.59721,7.07544,8.90396,6.79648,6.78234,6.79352,6.80952,6.58054,7.38922,8.09994,6.5881,9.26791,8.1223,10.0676,7.78781,12.1098,9.9704,7.23828,9.63042,10.3586,7.85372,7.93374,9.34896,7.42191,9.56992,6.57643,10.198,6.98668,6.79222,11.1144,7.86057,11.7628,9.12538,6.77899,6.79279,7.21595,9.33901,8.03823,12.2973
0.0520625,0.014875,-0.063,-0.0135625,0.07,-0.00371875,0.09975,-0.00546875,-0.0269063,2.11803,2.50963,3.85779,3.9179,4.35127,4.26681,3.79606,4.63021,4.83616,5.1606,6.69906,6.34425,6.84265,7.36987,7.88072,6.54773,7.54556,7.36473,6.94823,7.66869,6.12233,7.41439,7.87452,7.17727,10.5742,8.89521,7.55631,6.00958,5.69455,8.10728,7.60777,6.16375,6.06598,6.18871,9.29994,9.67423,9.54126,10.4512,6.76958,8.39128,7.60446,8.05167,8.63589,9.1384,8.66779,6.17257,6.33918,6.57685,6.76348,6.94857,6.34589,7.82012,7.86704,8.66655,6.76107,6.76513,10.4534,10.3436,9.5143,7.88629,6.53922,7.31748,8.3982,6.12564,7.72072,6.38945,7.51618,9.7228,6.76478,12.0456,11.4683,6.7619,6.7639,7.71813,8.66568,6.78197,6.75819,8.87483,6.99832,6.39195,6.96697,9.29859,8.54166,7.66496,8.7469,9.86913,9.07549,8.87322,8.22895,8.98181,7.72427
0.00853125,0.063,0.102375,-0.0343438,0.014,-0.0315,0.0859687,0.151375,0.032375,1.38401,2.28111,3.54149,4.18981,4.25367,4.8148,4.66133,4.57626,4.5466,5.93483,5.815,5.74649,4.89644,5.36388,5.5304,5.80978,5.44631,5.51152,5.8805,6.44579,7.05894,6.52535,6.12333,7.11013,5.81161,7.11322,6.67325,6.71593,8.05849,8.38329,7.62129,8.67764,6.68535,8.8409,8.05664,10.5313,8.91796,6.78689,10.0431,7.95452,7.5775,8.99112,7.4305,7.3294,7.91298,9.01078,9.70168,7.75131,11.377,9.11334,8.13967,7.11658,9.27517,6.89436,7.05567,8.1778,10.2907,6.68249,7.53967,9.68422,8.84359,8.99747,8.60533,6.89378,9.00641,11.2067,6.89459,11.1132,8.19724,6.87487,6.89009,9.92029,9.25421,7.65675,6.89626,7.92262,6.68345,9.44215,8.92756,9.62806,6.89655,9.97222,6.67784,7.96413,8.18918,9.23273,8.61258,6.67272,6.89317,11.8967,9.03126
0.371,0.252,0.180688,0.311937,0.14,0.357,0.255281,0.476,0.413,2.27038,3.21772,4.11125,3.83154,4.03118,4.40364,4.38097,4.44466,4.70888,4.67814,5.46311,6.04528,5.25568,6.56323,6.31154,6.20605,7.86033,7.85135,7.15567,7.05598,6.01047,6.30171,7.38657,5.4968,6.14781,7.56208,6.94388,5.81769,8.10291,6.43768,5.99102,7.38434,7.98372,7.74886,8.41283,4.78313,6.51251,6.72479,7.36699,7.5474,8.59528,6.49337,6.07545,6.50914,8.20469,6.9411,7.54584,6.97082,6.70913,9.2366,7.03707,7.75251,6.49264,9.01535,10.4852,6.3762,6.50638,6.48766,8.14049,7.30983,7.08135,6.78833,8.31295,8.20057,10.2863,7.59912,11.0341,8.59273,7.75016,8.7907,7.33017,6.91318,9.42639,10.4729,8.75353,6.30167,6.70829,6.72048,7.77784,6.69454,6.72958,6.49291,9.42987,7.33406,6.55168,6.70539,6.49211,7.96475,8.54694,10.2033,7.32151
-0.182875,0.0435312,0.063,0.0940625,0.063,0.063,0.063,0.00896875,0.063,1.65866,3.74301,3.39288,4.7774,5.0337,4.55063,4.93705,4.94281,4.77397,5.57738,6.10399,5.92064,6.7142,5.92052,6.22695,6.72237,7.52647,7.57001,6.76845,7.41109,7.4023,6.80168,6.5598,7.14544,6.99682,6.76115,6.7699,6.97864,6.76384,6.71656,6.55111,6.76428,6.76911,10.0835,6.57365,8.3111,7.63462,7.66542,6.34064,8.03753,9.76475,7.6084,6.92996,8.45778,7.50532,6.75803,7.46436,6.24494,6.82243,9.28149,7.39575,10.9839,7.82366,7.03316,7.12605,8.45888,10.7873,7.5952,7.35582,11.6663,11.3702,7.84542,6.90287,7.79877,6.55085,6.93255,6.54984,11.0536,7.12662,6.69145,9.55649,8.25868,6.93096,6.93746,8.02351,8.87293,9.3052,7.51379,8.84051,7.9715,7.30403,7.12799,8.44755,7.35676,10.0488,7.67818,8.24739,8.1711,8.07585,8.0241,8.00229
-0.0339062,0.133,0.105,-0.049,0.0877188,0.0105,0.217,0.23625,-0.0102813,1.99889,3.12072,3.83307,3.30593,4.68368,4.70311,4.66016,5.71079,5.83623,5.71858,6.34287,5.77871,6.4989,7.12077,6.33852,6.78576,7.20579,6.57998,6.25517,5.86855,5.88326,6.58866,6.07546,6.58303,7.01743,6.58723,5.85566,7.01044,8.20336,8.21121,8.71944,7.21841,6.4141,8.13787,7.0012,6.58383,8.84752,6.38067,9.42389,7.50401,7.77962,6.56971,6.58981,6.78143,6.82967,6.34332,8.60502,6.44293,6.57471,10.9728,8.19189,8.13774,6.13773,6.78771,9.62192,6.57723,6.55639,6.36985,6.54581,7.46279,6.45561,6.34653,6.56089,7.98016,8.01005,6.58214,10.014,8.1932,6.5694,6.56491,9.85872,6.33042,6.58319,6.49171,6.54871,10.1398,7.46937,10.1342,6.54622,5.95655,6.54403,5.93137,6.36879,11.4541,6.74831,6.15475,6.77997,8.1857,7.6755,6.57079,8.08176
-0.18375,-0.230562,-0.41048,-0.179375,-0.136062,-0.179594,-0.133,-0.14,0.378,1.97957,2.94704,3.95651,4.0634,4.16881,5.06094,4.11878,4.43045,5.19308,5.97965,6.83984,7.00429,6.10365,5.97995,6.49548,5.92576,7.31045,7.09305,7.6901,6.90501,7.66176,8.57226,7.26741,8.23062,7.20213,6.47709,8.66614,6.67018,9.03378,7.32004,7.85627,6.25646,7.57383,10.353,9.48318,8.35422,6.67964,6.57349,6.89654,6.79054,6.68206,7.37594,6.12461,10.9391,10.3754,9.13895,7.62489,6.75452,11.2128,8.76435,7.97016,6.53739,5.2721,6.96854,5.59127,8.86189,6.78397,5.81454,6.68576,7.44163,9.46302,8.43718,10.1,9.06106,8.82394,7.96068,7.10694,7.53913,6.67354,6.76525,9.32646,12.0149,6.441,6.753,10.7067,9.7665,6.87734,7.70546,6.96514,6.76026,6.63307,6.75454,10.1025,9.40523,7.80141,6.89292,10.6707,8.97022,6.87711,8.81762,8.17887
-0.115937,-0.0485625,-0.0363125,0.00328125,-0.007,0.063,0.060375,0.0301875,-0.021,2.20577,2.92545,2.9226,3.57659,3.59787,4.2723,4.81963,3.79521,5.22795,3.34361,4.66936,6.10747,6.04816,4.90553,5.25078,6.11664,6.50371,5.77924,6.37212,6.29026,7.30256,6.94982,7.63149,6.9615,8.64176,8.97429,7.63606,9.15599,6.1013,8.30719,8.97908,7.75056,8.88845,8.43249,6.89689,7.63543,7.6221,8.89692,8.68544,7.83081,8.97868,7.19189,8.10355,9.00182,8.97342,8.78068,7.43051,7.36412,7.17939,6.78014,7.36268,6.76242,6.6213,8.50983,6.96798,8.17737,6.73613,7.41276,8.65802,8.30698,6.95337,8.88539,7.29376,10.5836,6.73835,7.39612,8.90937,9.09276,10.4186,6.92071,6.56727,9.86084,10.1585,7.63659,7.40934,7.25745,6.95816,6.55938,6.64562,8.26511,7.576,9.34224,7.03168,10.2032,7.82129,6.76004,6.77493,6.96514,6.56365,10.208,7.41156
-0.105,-0.0301875,-0.0251563,-0.0573125,-0.02625,-0.0266875,0.042,-0.0861875,-0.322,2.2169,4.06602,3.74709,4.98989,4.41208,4.00067,4.68664,4.56656,3.77991,3.89846,4.32452,4.7037,5.52667,5.57719,6.65713,6.82835,5.98667,5.81527,6.02116,6.85721,6.40149,6.14172,6.3957,6.4035,7.51977,6.3649,7.51968,6.62817,8.12955,8.47624,6.46397,6.79591,7.08124,8.82299,10.3164,7.66358,8.17238,6.88538,9.18953,6.4527,7.7386,7.96394,7.09871,7.24464,7.30874,6.24499,8.96819,6.88598,6.87416,6.87373,7.09722,6.87935,7.09769,7.19832,6.88467,8.39515,6.87976,8.17661,6.87901,7.01665,8.81305,6.66667,6.88668,11.3897,7.74027,9.89257,7.09426,8.52185,7.97263,7.3862,7.09162,11.1263,7.08934,6.88281,6.87489,6.87226,6.8876,7.52787,9.17341,6.67471,6.88207,6.88653,9.87666,11.0749,6.88402,7.44217,6.87263,12.2546,6.9346,7.24302,6.87032
-0.0492188,0.0164062,0.007,0.0527187,-0.00240625,0.0625625,-0.0665,-0.0065625,0.00109375,1.90405,1.59314,3.74627,4.17394,4.60863,5.05311,5.77254,5.07368,6.16969,6.21355,6.7753,6.28333,6.72232,6.87131,6.70553,6.80212,5.45507,6.75849,6.46471,6.44564,9.08771,9.08731,6.03247,6.48992,7.00735,8.61869,10.6517,6.46956,6.09132,6.83305,6.30514,7.63264,6.68011,7.80983,5.23711,6.09503,6.43394,6.10494,8.47807,7.98378,7.41568,6.09323,8.38487,6.84804,6.08901,5.90459,7.36367,7.36888,6.6106,10.8339,6.2895,5.8207,6.48011,8.92726,7.42814,6.67265,7.79681,6.14994,7.15091,9.72261,9.69392,6.1051,6.29054,7.61329,6.10359,7.59993,8.91927,7.35987,6.10757,6.29295,6.66945,6.94939,9.90793,5.90797,11.0215,9.70426,6.47422,6.80521,7.58307,6.11212,7.4279,6.0876,5.90021,10.6685,7.99047,7.99106,6.46291,6.2775,6.08095,5.79819,6.08309
0.184844,0.119,0.322,0.588,0.434,0.798,0.448,0.539,0.714,2.31422,2.56164,3.41653,4.27696,3.90581,3.69825,3.98409,5.74832,5.0339,5.5188,7.07193,5.39449,5.76038,6.14161,6.43285,6.5634,7.02414,8.25364,7.12007,6.23612,6.37551,8.59731,8.69155,7.02698,8.18068,7.36269,6.9521,8.17505,6.4438,9.08749,8.86761,8.52412,8.76221,6.76464,5.87233,6.12546,5.95578,6.92072,6.85448,8.66925,9.08325,7.39854,6.85836,6.5559,9.64715,6.76815,7.53923,6.97882,8.029,7.3008,6.7707,8.7009,6.86028,7.54861,8.49984,7.3478,6.76194,7.77923,8.03716,7.5152,8.23864,7.72482,7.77874,8.66356,8.4665,9.62821,6.69362,7.37093,8.6871,6.95374,8.08311,9.30901,11.7994,7.34601,7.741,7.99047,6.84419,8.6636,6.84824,9.87795,11.0862,8.09681,7.34626,7.28648,8.75399,8.22881,8.02013,6.75618,7.29938,6.76154,8.02365
0.276937,0.0455,0.298375,0.0929688,0.101937,0.0704375,0.154875,0.0584063,0.335344,2.268,3.5891,3.02392,4.0297,4.29405,5.27543,5.77321,5.21294,5.87107,5.88092,6.48979,5.72085,6.96176,5.75437,6.66508,6.50735,5.86099,6.39072,6.06623,6.9104,8.34471,8.80251,6.74554,6.99836,7.47307,9.31803,8.62789,8.18148,6.93336,7.6789,6.73679,6.70973,6.74033,8.65875,8.36053,7.18749,6.32,6.94027,7.5916,6.48715,5.8597,7.68158,9.99728,7.30528,10.1808,7.23185,9.1135,9.45014,8.83722,7.17959,7.99562,7.5017,8.66303,7.35773,6.69942,6.59615,6.86667,6.28627,7.5681,9.07857,9.56493,6.68142,6.52332,6.27516,10.8977,6.29047,4.98365,8.28214,8.65459,6.95045,7.20506,6.52307,6.52987,8.30426,7.82864,6.92511,8.87102,6.9349,10.8952,9.7136,6.46885,6.44836,5.2942,6.25997,6.87036,7.21058,9.68077,8.65689,10.8013,7.46005,5.02191
0.371,-0.266,-0.0168437,-0.0476875,-0.16275,-0.0207812,-0.1015,-0.287,0.0450625,0.910425,3.60313,3.98602,3.89225,4.97832,5.20346,5.1109,4.85282,5.99476,5.24633,6.28918,5.4386,6.23918,6.4905,6.62265,7.79887,7.14291,6.98432,7.34789,8.23107,6.34474,7.55645,7.63325,7.82823,5.84258,7.74834,6.5477,8.88499,6.12364,6.54529,6.3104,6.54614,6.46746,9.33422,8.5136,6.13036,6.77925,5.32151,6.5668,8.87085,9.04062,6.31467,9.00295,7.6869,8.02668,6.74607,7.67664,7.61728,6.45496,7.15989,10.6564,6.54467,7.96496,7.92367,6.10954,6.95627,7.15516,9.61032,7.57353,6.34646,7.7706,6.32576,9.90673,6.34315,7.97681,6.53773,6.54905,8.5935,6.55392,6.54574,6.54563,8.38396,6.35166,6.35123,7.37183,6.5472,6.53851,6.51312,9.82796,6.3425,7.15341,7.24205,6.54776,7.54544,9.82484,6.34093,6.54985,7.35127,6.54022,6.74985,8.34625
-0.21875,-0.106313,-0.0540313,-0.1575,0.0643125,-0.0732812,-0.275844,-0.0343437,0.0144375,2.22071,3.30643,3.00444,3.91887,4.05322,4.06837,5.50135,6.19284,6.15466,6.53403,6.58309,5.56185,6.52781,6.51583,6.50058,6.4998,6.00093,6.75385,6.52045,6.58267,7.38403,7.36578,5.86213,5.25616,7.53648,7.90917,9.70334,8.14025,8.04007,9.82517,8.24925,7.54808,7.66105,8.22988,10.1446,8.63004,7.51313,10.5206,7.95854,11.1527,7.84716,6.24985,7.2644,7.30474,6.73698,8.52231,9.78607,8.42386,7.58942,8.99363,8.62101,8.23764,8.534,9.05611,8.58829,11.5407,11.5407,11.5329,9.5117,7.09758,7.71219,10.8883,6.93262,11.0412,8.70581,7.1753,6.72091,8.6919,8.77958,8.10304,11.533,9.69965,10.1857,9.78697,11.049,7.80474,6.94,8.68529,7.10912,10.9919,6.94077,9.86268,8.92891,7.59754,9.89828,6.34174,10.0074,6.9379,8.29357,8.63502,7.4995
0.105,0.0995313,0.10325,0.105,0.0875,0.459156,0.0413438,0.132563,0.028875,3.05701,2.86697,3.77864,3.82839,4.64321,5.20597,5.49201,4.63371,5.40282,5.34326,5.78732,6.31108,5.7379,6.10622,5.54057,5.28462,6.65305,7.42257,5.61567,8.2317,6.64359,6.96111,8.45272,7.53409,7.97537,6.91397,5.54434,6.13095,6.8052,7.65246,6.51381,8.47756,7.04907,6.96265,7.17762,8.2677,9.51946,9.4223,7.73698,8.62692,9.3636,8.20818,6.38172,6.95765,7.08303,6.67159,9.57405,10.0561,6.9595,7.19427,7.92448,10.735,7.43524,6.50399,7.53925,7.86664,7.17472,10.2858,9.29825,7.83045,8.22853,6.88649,9.35449,7.87387,9.22276,8.53594,8.1149,8.91794,9.98774,6.66723,7.09329,8.33118,7.35012,7.09222,7.55225,6.68671,8.13463,7.31347,8.11395,6.90028,6.66286,6.45959,6.70494,9.78695,10.4322,9.26957,9.19792,6.71114,6.72014,6.66833,7.28045
0.532,0.511,0.434,0.281,0.504,0.596969,0.203656,0.35,0.504,2.03716,3.82076,3.20526,4.38372,4.62663,4.26715,4.65978,4.94919,5.67118,6.14848,7.22286,6.13948,6.97051,7.11939,7.01106,7.15725,7.15617,6.7693,7.93372,7.82362,8.09346,6.83175,6.74862,6.63833,6.33305,7.24561,7.97412,8.49686,8.0204,8.45633,8.26723,10.4301,6.8444,7.00503,8.46531,8.81901,8.79518,8.84597,8.94847,7.60055,10.9194,8.23126,6.90952,6.75344,7.34289,8.40118,6.25958,9.44315,8.57801,7.43064,11.0125,9.27471,10.1094,8.54857,9.47348,11.4486,8.84524,8.43186,6.32712,8.1478,7.72424,9.81923,8.90667,9.49013,8.63183,6.68526,7.99999,7.72081,6.79847,7.04666,7.75842,8.41021,7.21493,7.20512,8.77066,9.45398,10.7274,7.76413,10.4993,9.6295,7.51474,6.1216,7.9645,6.7539,6.52475,6.74216,11.4555,10.9606,6.11314,6.74735,6.74964
0.090125,0.357,0.300344,0.379312,0.161,0.161,0.263156,0.251781,0.0216563,2.00349,2.66023,3.89405,4.11433,3.96197,4.85635,4.8202,5.59417,5.59483,6.30338,5.17152,5.95645,5.59525,5.3514,4.92854,5.79083,6.57407,6.24695,4.40301,6.44203,6.92341,6.02908,5.72614,6.91855,8.20752,6.34208,6.74989,7.87782,7.1659,6.75066,8.04122,8.84751,8.72954,6.75779,8.45054,8.09965,6.53396,6.3355,7.95787,6.32337,7.80345,7.508,9.37594,7.11782,7.29078,7.87848,6.53413,6.91122,8.52594,6.53127,7.86867,8.65242,9.58884,8.00333,7.46258,7.66166,7.47684,8.84823,7.37311,11.039,11.8733,8.63871,7.91316,6.93387,7.06221,7.46133,7.15962,10.9543,8.3973,8.63026,8.21814,7.70067,8.80101,8.04585,7.11487,8.75903,8.62481,6.94469,7.57837,8.00483,8.24907,7.37784,9.6711,8.42969,8.56212,8.63621,6.74424,8.26388,8.87047,11.5689,6.73294
-0.252219,-0.224,-0.534625,-0.182,0.0724063,-0.308,-0.336,-0.371,-0.3395,2.37991,3.43567,3.39664,3.35443,4.59691,4.17794,4.29805,5.29144,5.65487,4.91825,6.7192,7.01612,6.71596,6.30847,6.90912,6.54719,6.66168,6.76663,6.77421,7.47609,7.74515,7.39164,6.90239,8.65076,7.33694,8.40686,9.25847,8.77961,6.77255,9.81487,6.90441,9.37737,6.74247,9.21793,9.75449,7.1319,9.26614,7.93051,6.90985,7.7079,6.49511,6.08276,11.388,7.5521,6.68361,6.90001,6.91482,8.34453,7.6399,6.8064,8.27475,11.3679,7.47686,11.8103,6.6927,7.33691,6.68845,8.19774,6.91024,10.9931,10.3477,7.66984,6.91767,7.51196,10.343,7.67191,9.19884,6.89304,6.4744,8.89623,9.77149,6.25384,8.65202,8.42666,8.6224,6.89965,6.46753,6.4334,10.2817,11.397,10.1355,6.89753,7.75971,9.20828,11.2872,10.7502,6.89875,8.89998,8.65204,10.9944,7.77111
0.140875,-0.049,0.0728437,0,0.0555625,0.00678125,0.0225312,0.0934062,-0.049,2.39495,2.76194,3.41615,3.2394,3.9965,3.90822,5.45251,5.47398,5.82063,5.58349,5.98386,6.2313,6.61556,6.17217,6.12356,6.10875,6.83725,7.42718,6.82619,6.86595,9.24725,7.37605,8.20533,7.86305,7.34685,8.82284,9.55439,7.60023,6.42092,7.46523,9.44308,9.51031,8.28896,7.37269,8.22735,6.72582,6.94775,8.48402,6.93999,8.90516,7.48532,7.62654,6.65111,7.07473,9.90729,6.47197,10.8347,12.4216,9.17951,7.2423,10.3195,7.28224,8.89632,10.4857,6.82561,7.02442,6.72717,7.86672,11.631,10.538,7.23742,8.46669,9.10166,7.03239,10.3503,7.0243,7.45151,6.6223,6.61489,9.16484,13.0336,6.61929,6.81514,7.02342,11.1714,7.81821,7.45213,6.61807,7.03034,6.61961,6.62683,6.62192,6.63014,6.82057,8.47145,9.48573,6.79697,10.5429,11.0344,6.81517,8.82938
0.028875,-0.035,0.120312,-0.028,0.021875,-0.14,0.168,0.173031,0.184844,2.62979,3.56627,3.9194,3.9523,4.95413,4.79817,4.01241,5.09907,5.98377,6.91927,6.71462,6.59584,5.94119,7.04904,7.07975,6.24358,6.25253,6.86736,7.23581,7.02963,6.91714,7.0601,6.60573,6.93713,6.93832,8.42635,8.38117,8.62588,8.09657,8.95626,8.53396,9.50896,6.67173,9.12608,5.853,7.1754,7.78408,9.75517,6.93277,9.06493,7.89108,7.80733,6.82947,9.58566,9.99024,11.4626,7.80444,6.71938,6.50459,6.43326,8.31282,9.32031,9.98795,8.61938,8.77386,8.15607,8.15517,10.1805,8.73479,7.59016,9.07332,10.4028,8.45125,6.93561,11.0533,7.81071,9.30788,6.70787,7.80465,6.93966,6.94257,8.2757,10.4019,11.7327,7.79415,7.99225,9.10373,10.7482,8.88052,10.7123,7.37116,6.93345,8.00929,7.36493,8.00132,6.93024,8.23123,7.58634,8.67529,6.93546,11.2021
0.0459375,-0.035,-0.0947187,0.00875,0.0616875,0.0223125,-0.0444062,-0.142188,0.0273438,1.56038,2.96172,3.12996,3.54149,5.05903,5.49555,5.3433,5.03919,6.96179,5.65741,6.32116,6.63515,6.92295,6.36188,6.64618,7.55453,7.32109,6.28746,6.92381,8.62521,9.6943,8.6621,6.80324,7.94026,6.94613,6.78616,9.70888,8.82535,6.25921,7.67505,6.26457,9.99775,5.84668,5.67756,9.46692,7.55845,6.65571,7.36658,7.06236,6.53422,9.54045,8.27181,7.08253,6.23687,6.0958,9.41298,7.58997,9.95824,6.94348,6.5311,6.53113,8.67024,8.67098,6.97167,7.1663,8.98626,10.6144,9.69722,8.36621,7.02725,7.01653,8.485,10.3805,6.32965,11.7121,6.74586,8.85804,7.42735,9.80298,9.18116,8.34341,10.3189,6.74356,6.60385,6.74732,6.6873,6.53438,7.96281,7.07438,10.4807,10.7477,8.31333,11.1192,8.30183,6.74495,8.48001,8.01398,9.80855,7.53285,11.2489,8.58231
-0.151594,-0.095375,-0.128406,-0.112,0.021,-0.0748125,0.0196875,-0.164062,-0.252,3.13278,2.43582,3.00333,3.68651,4.88247,4.79889,3.54338,5.59712,5.82116,5.82219,6.99492,6.17581,6.7758,6.12584,7.42232,7.08489,5.68691,7.01345,7.40737,6.90916,7.94163,6.41359,6.64827,8.73765,10.2913,7.63964,6.55007,7.11381,7.55085,9.25848,7.0134,8.12541,7.4956,6.94203,8.23094,6.34638,6.62082,6.7161,6.82594,6.93082,6.59122,8.24029,8.50871,8.486,11.6958,9.75604,9.47659,7.0892,7.80857,8.67549,11.7048,8.94555,7.59653,8.3845,8.50272,7.16028,8.28334,9.55746,7.13264,8.47351,11.8843,8.517,8.71668,6.93551,7.86512,7.39047,7.56079,6.71884,7.12832,6.92913,10.8372,7.65239,7.77858,10.0033,8.79159,7.6846,9.52927,8.01315,8.43891,7.12358,6.93611,6.92786,7.13579,10.1916,8.86166,6.72597,6.71151,11.5778,9.60811,9.51018,6.93938
