fitness,,,,,,,,,,,,,,,,,,,,,,,,,,,,,,,,,,,,,,,,,,,,,,,,,,,,,,,,,,,,,,,,,,,,,,,,,,,,,,,,,,,,,,,,,,,,,,,,,,,
42.5755,-27.0419,-47.8439,0.141,-54.2084,-65.8552,10.572,0.868,-0.617,-0.49,154.389,327.35,413.468,728.747,1021.1,1220.87,1380.44,1502.56,1666.2,1804.02,2022.54,2214.45,2301.6,2527.97,2649.44,2700.74,2896.65,3006.53,3212.29,3284.18,3470.46,3552.62,3622.78,3667.06,3785.8,3851.44,3945.64,3993.96,4150.48,4148.78,4221.17,4301.85,4399.82,4476.12,4614.38,4685.31,4756.59,4889.99,4926.06,5005.69,5069.67,5170.16,5207.59,5334.84,5331.13,5395.39,5430.9,5534.19,5600.11,5594.64,5654.69,5726.88,5725.56,5809.49,5848.34,5858.06,5895.52,5920.51,5951.62,5972.32,6014.91,6050.1,6129.1,6110.24,6149.2,6152.31,6189.6,6285.41,6262.84,6304.45,6320.34,6357.23,6392.43,6395.73,6422.56,6371,6432.53,6440.58,6453.86,6484.26,6500.6,6545.22,6568.81,6595.69,6593.37,6596.81,6608.38,6632.85,6641.8,6653.9
4885.41,4834.08,4747.63,4659.5,4594.09,4547.75,4524.16,4472.22,4398.05,4338.44,4330.71,4291.58,4284.18,4315.89,4257.4,4257.87,4258.81,4268.87,4272.53,4241.85,4293.4,4308.8,4357.28,4341.89,4379.92,4414.96,4390.6,4512.41,4499.41,4534.37,4557.13,4592.1,4630.19,4674.72,4718.69,4710.57,4753.34,4792.51,4806.68,4793.98,4837,4882.2,4915.54,4922.58,4978.97,5022.4,5058.07,5087.12,5122,5111.77,5149.65,5181.43,5202.95,5234.93,5231.04,5267.8,5275.02,5288.51,5318.94,5330.29,5333.06,5407.88,5404.22,5416.8,5446.55,5481.91,5497.05,5532.42,5551.2,5570,5567.55,5587.18,5604.56,5630.2,5651.04,5657.43,5665.92,5703.76,5704.94,5737.53,5748.12,5763.09,5783.86,5824.04,5821.38,5838.64,5844.16,5869,5873.8,5887.38,5894.17,5929.93,5934.88,5938.25,5966.5,5985.11,5996.03,6000.98,5991.97,5989.99
4369.77,4298.8,4175.71,4114.36,4034.72,4002.35,3957.76,3873.55,3852.48,3802.96,3786.35,3786.17,3785.92,3768.45,3784.06,3776.14,3786.24,3810.72,3844.79,3887.96,3901.91,3934.43,3961.78,3994.72,4018.39,4041.25,4077.15,4128.64,4135.84,4165.76,4210.14,4211.21,4251.78,4268.49,4324.61,4355.84,4392.92,4423.36,4442.9,4447.53,4476.46,4534.35,4557.42,4546.05,4605.53,4602.11,4642.74,4661.52,4658.97,4685.9,4699.23,4705.95,4768.3,4787.77,4829.92,4837.16,4839.61,4874.32,4884.15,4926.09,4950.67,4948.54,4956.69,4982.42,5004.04,5008.57,5030.84,5054.88,5064.45,5092.66,5104.83,5134.64,5167.46,5153.45,5155.28,5205.66,5208.28,5223.3,5245.21,5249.74,5292.1,5294.8,5317.75,5338.47,5351.91,5384.32,5393.9,5408.3,5431.98,5451.62,5471.96,5460.26,5482.83,5507.01,5502.04,5514,5531.52,5538.92,5546.95,5555.69
3727.42,3707.66,3694.46,3647.48,3601.63,3536.38,3479.51,3454.6,3398.15,3358.76,3363.17,3332.18,3351.62,3353.44,3322.61,3364.09,3370.73,3383.85,3396.52,3409.1,3444.3,3441.5,3487.31,3492.84,3502.56,3502.74,3514.76,3556.33,3574.48,3604.03,3630.01,3640.36,3672.31,3654.59,3707.58,3745.84,3758.82,3774.35,3828.09,3845.58,3847.27,3907.72,3946.06,3985.27,4010.14,4056.26,4073.71,4084.71,4113.85,4176.63,4174.99,4202.51,4240.29,4244.12,4261.55,4301.11,4285.24,4340.85,4336.71,4367.61,4380.86,4406.05,4430.35,4471.23,4506.7,4532.87,4557.83,4563.56,4597.04,4629.1,4647.82,4652.81,4707.43,4710.51,4728.24,4770.33,4786.52,4787.14,4813.37,4828.08,4864.82,4874.6,4900.29,4907.86,4940.27,4958.86,4985.78,4985.33,5027.21,5027.72,5031.63,5071.2,5051.34,5049.52,5067.77,5092.32,5141.19,5161.58,5178.94,5202.88
3510.91,3498.79,3453.99,3380.57,3346.33,3309.17,3270.19,3225.18,3213.69,3146.57,3148.28,3139.52,3155.26,3140.43,3175.88,3189.9,3217.99,3246.24,3279.69,3306.93,3332.12,3362.07,3346.13,3395.79,3428.74,3457.07,3481.78,3526.66,3564.31,3567.64,3595.97,3631.75,3647.13,3674.78,3735.13,3746.81,3784.29,3831.63,3865.76,3878.17,3923.68,3930.21,3939.82,3984.3,4031.39,4063.78,4073.45,4102.08,4148.45,4191.72,4217.77,4230.36,4252.33,4302.18,4339.79,4369.61,4377.47,4411.34,4450.09,4460.26,4474.72,4483.7,4502.6,4525.86,4572.07,4572.27,4578.96,4624.61,4651.92,4651.98,4718.63,4729.66,4738.87,4769.19,4789.25,4824.13,4846.14,4864.33,4890.91,4897.34,4894.54,4947.36,4935.11,4991.89,5004.52,5002.82,5026.91,5050.3,5056.63,5075.31,5096.19,5138.11,5128.01,5136.47,5167.23,5187.76,5204.72,5216.03,5252.47,5256.66
3411.34,3378.07,3337.64,3331.12,3298.87,3285.22,3260.37,3264.37,3228.79,3198.68,3151.47,3158.42,3150.68,3150.41,3164.8,3184.45,3197.76,3214.31,3250.42,3263.13,3296.15,3310.45,3337.78,3354.75,3355.05,3355.05,3378.43,3402.59,3438.17,3454.84,3503.25,3543.27,3556.04,3576.33,3596.1,3626.85,3654.64,3698.79,3736.37,3747.53,3755.52,3786.98,3862.22,3893.13,3911.26,3932.08,3971.14,3979.88,4050.17,4049.29,4053.83,4081.95,4117.85,4139.87,4188.34,4199.13,4228.16,4267.98,4273,4288.36,4332.7,4396.43,4442.85,4438.94,4479.35,4516.74,4528.23,4549.01,4569.39,4576.96,4622.95,4637.31,4675.99,4709.86,4713.72,4740.73,4774.89,4794.16,4822.01,4828.88,4849.58,4860.49,4860.54,4898.13,4929.76,4949.72,4972.18,4983.16,5012.23,5033.62,5062.26,5055.81,5097.09,5100.4,5104.62,5130.11,5162.94,5186.37,5192.28,5200.81
3336.77,3303.89,3254.1,3229.53,3223.48,3164.94,3145.04,3110.19,3097.28,3068.62,3064.91,3042.67,3056.49,3033.74,3095.46,3114.69,3112.58,3107.98,3124.93,3185.47,3153.71,3161.74,3189.5,3244.34,3239.33,3241.67,3274.77,3286.2,3341.45,3352.97,3364.37,3392.64,3412.48,3490.41,3520.46,3524.16,3552.1,3601.95,3661.93,3684.77,3731.91,3707.49,3778.5,3817.23,3846.54,3849.37,3887.14,3928.93,3944.11,3967.9,3995.25,4013.07,4047.97,4085.31,4104.28,4132.29,4122.71,4150.44,4191.98,4211.31,4247.21,4276.7,4270.39,4301.85,4321.43,4367.44,4372.58,4377.83,4391.97,4418.39,4428.5,4455.46,4475.66,4505.88,4536.92,4539.71,4584.16,4586.47,4593.46,4618.14,4661.83,4664.29,4699.21,4729.05,4738.72,4777.5,4801.1,4796,4827.26,4864.36,4869.86,4896.42,4905.46,4935.02,4941.17,4982.7,4962.11,5001.75,5013.36,5043.77
3283.82,3280.55,3225.57,3195.46,3167.91,3127.92,3095.54,3072.18,3003.38,2994.19,2973.13,2990.47,3020.55,3025.73,3035.14,3068.58,3093.99,3101.88,3132.01,3142.77,3184.75,3193.46,3226.16,3244.13,3248.52,3280.11,3306.48,3350.76,3389.81,3396.07,3418.53,3479.04,3485.18,3546.23,3567.81,3609.61,3633.55,3679.99,3734.48,3748.85,3768.97,3834.74,3831.85,3868.32,3909.88,3909.17,3962.06,3988.26,4031.9,4063.93,4087.67,4123.08,4145.63,4190.23,4223.85,4256.58,4270.09,4288.39,4324.94,4326.97,4364.55,4384.14,4398.01,4425.59,4481.96,4492.3,4506.72,4520.49,4534.4,4563.87,4572.98,4601.89,4630.02,4638.39,4664.5,4692.43,4720.23,4738.76,4748.18,4783.93,4818.62,4837.99,4877.07,4869.23,4867.6,4903.67,4938.19,4931.24,4973,4996.42,5013.83,5016.94,5035.32,5051.42,5085.88,5121.65,5133.13,5151.96,5160.74,5179.7
3316.49,3280.57,3264.07,3271.77,3241.97,3201.58,3186.12,3156.17,3113.19,3091.08,3064.67,3076.48,3065,3102.95,3092.95,3104.59,3114.12,3149.98,3153.9,3152.61,3167.54,3199.43,3229.33,3226.39,3270.7,3277.91,3298.42,3347.72,3346.24,3370.66,3402.73,3423.35,3432.24,3469.34,3501.61,3506.51,3551.77,3562.37,3598.16,3647.88,3671.39,3709.38,3718.13,3716.28,3769.9,3779.18,3822.87,3855.28,3871.68,3890.04,3943.14,3950.81,3988.25,4023.2,4037.71,4041.87,4084.15,4116.29,4125.73,4146.63,4181.52,4181.28,4204.01,4223.83,4236.24,4258.41,4279.05,4303.57,4316.01,4342.9,4363.81,4382.65,4381.42,4406.6,4427.47,4441.31,4478.95,4498.4,4525.23,4528.36,4544.21,4562.21,4574.83,4609.41,4625.77,4648.42,4654.52,4672.84,4694.04,4729.33,4741.79,4743.51,4766.67,4802.79,4795.54,4802.59,4851.75,4841.8,4877.86,4888.52
3292.56,3248.17,3218.63,3191.57,3166.25,3161.41,3114.39,3087.55,3061.71,3076.92,3026.67,3032.42,3054.84,3072.53,3097.85,3083.53,3068.36,3116.98,3122.17,3118.21,3140.79,3133.25,3173.08,3171.86,3173.33,3197.73,3220.45,3261.1,3299.24,3307.38,3310.96,3351.68,3364.1,3401.37,3404.59,3446.72,3474.88,3497.98,3565.8,3558.46,3594.68,3631.92,3639.75,3676.97,3711.32,3728,3747.27,3783.75,3829.21,3842.8,3903.91,3928.69,3941.05,3963.8,4013.89,4040.58,4060.38,4076.46,4093.61,4093.45,4112.31,4157.08,4182.56,4198.03,4216.77,4232.16,4270.85,4266.37,4315.49,4331.32,4354.85,4360.07,4377.81,4413.47,4416.83,4459.69,4470.36,4476.46,4482.85,4508.33,4541.37,4543.51,4574.91,4603.64,4634.2,4633.88,4654.84,4698.81,4687.84,4703.23,4727.3,4727.14,4749.96,4774.57,4781.72,4807.54,4847,4853.1,4870.09,4925.44
3272.64,3221.14,3209.22,3193.56,3159.45,3141.97,3106.82,3101.83,3055.48,3052.51,3049.87,3067.4,3036.03,3006.09,3024.62,3042.96,3022.02,3042.53,3054.68,3061.65,3096.08,3129.41,3146.97,3209.05,3237.09,3287.66,3291.86,3336.45,3380.85,3386.02,3426.15,3435.78,3449.25,3462.56,3472.78,3503.42,3516.95,3568.9,3599.34,3637.16,3677.72,3702.75,3741.92,3752.47,3748.44,3796.73,3818.17,3847.55,3880.88,3891.03,3928.8,3949.39,4003.64,4007.99,4015.31,4042.51,4075.7,4090.36,4132.02,4145.94,4170.17,4156.53,4178.64,4217.56,4263.82,4301.06,4321.84,4332.42,4350.34,4367.19,4415.54,4429.49,4422.06,4433.19,4443.72,4481.95,4493.88,4521.06,4534.49,4564.07,4603.89,4613.27,4623.15,4620.33,4620.92,4651.65,4667.96,4680.82,4708.62,4718.23,4752.5,4752.81,4775.42,4800.01,4814.32,4831.54,4849.35,4873.69,4874.23,4910.88
3289.79,3238.59,3194.84,3193.15,3175.15,3164.51,3158.56,3152.23,3096.46,3089.28,3072.64,3073.33,3082.99,3094.76,3102.46,3108.34,3158.22,3160.47,3159.31,3172.35,3200.92,3230.47,3280.93,3301.18,3341.98,3357.49,3381.73,3410.07,3433.11,3476.26,3479.84,3499.18,3502.5,3556.11,3600.51,3647.6,3650.69,3664.07,3670.51,3734.35,3741.66,3771.27,3838.93,3870.69,3877.94,3932.03,3956.24,3984.91,3981.3,4002.56,4023.42,4050.22,4069.31,4115.53,4130.91,4197.58,4227.16,4220.91,4268.61,4286.99,4313.46,4326.66,4348.56,4382.04,4406.42,4427.08,4484.5,4493.1,4506.61,4518.72,4571.75,4589.99,4599.54,4606.26,4637.41,4686.64,4698.98,4716.23,4711.98,4741.46,4776.86,4782.92,4812.33,4839.14,4836.62,4853.29,4879.9,4890.55,4900.64,4910.24,4931.75,4969.86,4974.94,4998.14,5029.7,5048.9,5058.8,5073.74,5082.98,5116.15
3283.85,3240.2,3206.63,3202.99,3163.52,3123.86,3053.95,3047.12,2995.68,2956.26,2970.62,2948.06,2923.16,2918.54,2949,2952.07,2992.09,3047.36,3036.06,3055.03,3072.16,3082.95,3149.56,3157.02,3172.56,3188.04,3239.04,3254.73,3281.33,3296.48,3335.51,3363.44,3374.27,3404.92,3480.39,3466.45,3512.48,3531.12,3544.97,3615.76,3620.3,3656.74,3682.27,3732.91,3771.75,3812.27,3822.58,3833.9,3873.8,3897.18,3902.51,3939.55,3946.63,3980.41,4023.22,4066.09,4084.86,4108.87,4118.46,4136.44,4160.75,4195.51,4220,4289.36,4295.34,4326.16,4341.91,4350.35,4406.8,4433.27,4476.54,4518.98,4529.58,4561.39,4546.52,4550.29,4594.4,4598.74,4619.4,4644.7,4683.14,4704.72,4725.26,4737.22,4763.08,4774.26,4780.62,4818.27,4819.6,4806.91,4821.66,4857,4876.72,4873.6,4907.81,4916.41,4948.33,4946.9,5008.69,5003.28
3259.33,3234.34,3224.54,3193.58,3115.2,3086.82,3082.61,3072.31,3034.03,3004.55,2979.8,2964.89,2996.39,3007.8,3019.81,3031.47,3060.93,3061.3,3069.18,3083.42,3102.57,3091.43,3138.91,3198.18,3230.52,3269.72,3296.58,3362.82,3352.27,3359.62,3406.54,3457.79,3468.24,3480.67,3517.41,3580.87,3603.1,3629.3,3671.42,3672.42,3712.01,3714.94,3737.43,3779,3784.31,3836.9,3851.1,3858.77,3885.07,3916.71,3946.62,3978.04,3987.2,4029.3,4049.42,4071.52,4109.8,4172.5,4194.8,4199.06,4230.48,4230.5,4255.68,4298.77,4308.61,4331.36,4333.07,4361.12,4393.08,4425.03,4441.81,4476.69,4479.05,4501.9,4515.43,4531.47,4549.46,4555.32,4562.16,4578.25,4609.91,4629.63,4642.93,4692.95,4720.31,4732.57,4741.78,4796.26,4821.37,4847.36,4848.75,4872.69,4861.5,4860.09,4885.65,4936.18,4956.82,4962.09,4976.02,5003.58
3282.38,3227.88,3178.27,3173.71,3144.38,3111.37,3084.97,3056.1,2994.89,2945.39,2922.44,2905.13,2945.8,2943.54,2997.7,2990.38,2988.54,3030.11,3045.06,3058.88,3067.42,3075.54,3127.56,3151.66,3175.45,3198.68,3226.44,3253.69,3269.9,3284.41,3285.21,3293.38,3332.17,3353.16,3391.6,3453.27,3456.96,3475.75,3503.88,3573.89,3603.12,3644.67,3655.66,3676.27,3706.57,3764.93,3773.37,3802.98,3814.87,3852.52,3921.46,3914.61,3964.66,4011.25,4047.12,4062.2,4058.46,4108.07,4152.11,4159.13,4211.22,4214.22,4253.62,4266.13,4278.27,4333.9,4352.18,4348.24,4377.3,4417.62,4415.7,4432.14,4439.35,4489.63,4488.01,4525.1,4531.71,4583.35,4598.5,4639.36,4662.04,4670.9,4679.3,4691.66,4684.29,4719.57,4721.52,4759.26,4787.64,4814.38,4818.1,4851.02,4864.7,4884.62,4877.21,4908.07,4941.17,4937.27,4976.24,4977.05
3264.03,3206.03,3199.45,3180,3152.78,3152.61,3120.9,3054.57,2980.81,2970.68,2961.99,2943.45,2954.66,2964.84,2975.6,2976.02,3024.37,3025.1,3026.64,3047.56,3037.64,3069.84,3106.66,3126.14,3162.78,3166.88,3183.21,3244.25,3252.36,3292.87,3295.93,3320.73,3321.05,3345.45,3364.98,3380.16,3401.52,3445.46,3480.57,3502.43,3507.63,3560.52,3579.52,3639.66,3685.19,3695.38,3731.82,3770.01,3814.78,3835.78,3829.77,3846.85,3875.67,3931.14,3952.34,3967.86,4040.5,4061.49,4084.7,4115.17,4123.9,4146.02,4166.61,4175.33,4193.37,4229.07,4235.5,4260.19,4271.27,4314.79,4333.51,4348.21,4361.65,4399.67,4427.64,4442.93,4436.28,4464.53,4492.16,4478.53,4528.69,4546.11,4557.17,4574.3,4597.76,4593.01,4608.99,4612.79,4655.32,4675.27,4693.98,4702.19,4703.34,4734.25,4751.26,4763.24,4785.54,4785.74,4817.29,4825.52
3294.73,3283.97,3250.53,3219.87,3186.02,3184.26,3179.89,3135.46,3115.37,3070.48,3038.29,3029.33,3052.57,3067.85,3063.46,3081.07,3102.36,3085.5,3140.45,3149.08,3196.95,3230.25,3257.65,3286.05,3313.51,3325.28,3351.24,3372.43,3381.3,3420.23,3436.47,3479.46,3484.68,3541.6,3561.59,3607.77,3615.19,3662.97,3692.6,3724.97,3726.16,3764.3,3776.28,3822.18,3813.51,3849.9,3881.28,3915.87,3936.27,3973.49,4009.97,4043.8,4076.19,4105.14,4117.7,4128.4,4151.23,4158.7,4166.3,4203.93,4247.19,4275.97,4300.22,4331.88,4354.42,4388.2,4406.45,4431.68,4444.76,4470.2,4504.52,4522.67,4552.64,4573.57,4598.44,4594.6,4638.87,4643.81,4671.81,4695.86,4723.93,4732.14,4742.86,4746.96,4747.62,4781.14,4778.29,4788.73,4804.54,4829.19,4815.35,4849.48,4864.79,4897.67,4912.59,4918.16,4939.68,4958.63,4999.79,5007.13
3262.14,3210.33,3191.24,3166.51,3135.8,3105.94,3057.3,3069.41,3040.54,2974.55,2993.38,3022.5,2992.32,3014.4,3031.43,3061.46,3063.57,3079.19,3085.71,3088.06,3121.99,3163.89,3166.94,3190.64,3246.28,3268.6,3305.67,3307.55,3340.63,3406.57,3408.41,3450.42,3486.95,3531.72,3566.94,3578.92,3643.21,3657.72,3693.04,3710.53,3733.87,3751.43,3778.72,3790.6,3779.01,3821.15,3834.39,3845.61,3900.39,3941.27,3966.14,4012.82,4045.86,4057.47,4076.38,4108.89,4144.71,4174.03,4214.43,4238.17,4270.06,4273.16,4295.4,4329.4,4334.72,4357.91,4374,4407.11,4431.37,4429.47,4441.12,4457.21,4489.93,4508.12,4555.68,4591.49,4607.22,4614.96,4637.77,4653.57,4685.43,4690,4708.44,4704.52,4744.42,4770.77,4793.21,4791.84,4800.22,4833.97,4861.57,4862.14,4908.37,4948.85,4959.56,4982.56,4994.68,4992.29,5009.66,5035.12
3299.21,3261.56,3210.31,3171.66,3149.42,3133.34,3097.93,3029.24,3004.14,2995.2,2950.62,2966.94,2949.55,2933.36,2973.06,3000.68,3000.31,3039.17,3041.22,3069.1,3090.24,3101.7,3119.32,3138.37,3165.82,3161.5,3182.53,3209.44,3257.98,3266.28,3271.33,3341.38,3364.61,3375.65,3443.55,3493.26,3498.08,3525.02,3562.52,3628.37,3653.24,3695.73,3685.52,3725.04,3754.75,3792.43,3816.62,3851.18,3868.8,3867.54,3911.89,3938.56,3981.62,3998.55,4005.89,4057.35,4060.37,4075.05,4116.31,4158.57,4209.01,4237.59,4243.61,4269.19,4283.95,4340.39,4338.14,4356.12,4382.81,4387.86,4420.74,4432.37,4452.65,4476.75,4489.36,4520.79,4534.5,4559.93,4544.08,4560.1,4579.82,4615.02,4639.65,4657.05,4654.98,4693.22,4710.46,4695.62,4742.83,4783.17,4800.18,4813.35,4844.54,4852.01,4860.96,4893.78,4917.9,4937.67,4943.48,4959.15
3302.02,3282.46,3243.46,3214.58,3185.69,3150.7,3115.48,3080.69,3054.79,3039.05,3006.34,3035.29,3040.74,3032.93,3086.75,3102.31,3129.6,3124.35,3134.11,3129.69,3152.55,3183.83,3207.76,3245.77,3276.03,3294.08,3319.47,3341.97,3368.85,3382.4,3403.96,3449.24,3486.51,3501.93,3513.41,3560.3,3583.42,3630.92,3652.73,3666.42,3670.45,3720.2,3752.92,3773.96,3793.84,3796.03,3827.93,3857.11,3905.17,3906.67,3930.31,3942.24,3929.78,3984.21,4019.32,4009.81,4021.45,4072.1,4111.27,4130.76,4130.47,4165.28,4187.12,4200.08,4200.15,4234.11,4248.76,4253.68,4281.07,4329.45,4324.28,4351.53,4361.5,4378.01,4393.89,4433.82,4464.37,4472.9,4494.37,4492.87,4509.02,4528.43,4562.61,4571.12,4576.33,4595.7,4603.81,4610.21,4602.35,4622.84,4629.41,4639.7,4653.12,4681.16,4694.36,4713.09,4719.94,4736.15,4745.53,4770.09
3290.09,3277.18,3210.91,3218.37,3163.47,3170.79,3143.5,3161.18,3103.07,3042.43,3037.04,3087.05,3107.63,3096.15,3071.72,3128.04,3101.46,3148.5,3159.53,3198.66,3214.54,3219.49,3239.29,3259.36,3303.51,3316.83,3308.81,3356.3,3383.78,3423.5,3456.5,3474.25,3471.9,3491.6,3539.29,3596.06,3587.16,3651.73,3716.87,3720.22,3754.02,3764.05,3823.79,3822.22,3845.57,3853.81,3908.57,3956.5,3971,4014.24,4036.83,4063.92,4093.38,4125.42,4139.01,4167.08,4196.9,4225.38,4239.48,4276.52,4290.94,4309.67,4339.89,4355.72,4367.28,4402.52,4416.83,4457.36,4455.38,4519.48,4538.44,4549.57,4597.07,4604.86,4635.08,4660.28,4693.46,4707.91,4734.64,4742.83,4770.06,4776.2,4801.53,4832.97,4824.29,4852.12,4883.02,4885.75,4904.22,4912.45,4919.38,4945.81,4969.89,4967.83,5003.1,5008.12,5032.41,5065.24,5079.91,5106.91
3281.85,3224.63,3176.28,3139.24,3117.01,3114.96,3083.39,3047.79,2993.85,3004.63,2959.9,2979.57,3011.87,3027.04,3019.22,3028.63,3048.32,3056.76,3069.93,3122.22,3137.93,3145.88,3172.51,3181.42,3234.78,3266.58,3278.96,3331.74,3342.39,3393.17,3443.88,3483.05,3517.24,3530.32,3573,3621.08,3655.27,3692.73,3710.89,3753.15,3763.77,3794.29,3820.51,3831.83,3819.48,3858.39,3898.28,3908.06,3946.27,3959.45,4017.82,4031.22,4087.13,4102.48,4096.16,4127.58,4146.47,4165.16,4224.3,4250.34,4303.58,4340.78,4343.45,4354.44,4393.73,4436.29,4460,4482.34,4517.42,4530.67,4536.61,4580.61,4595.08,4611.63,4631.13,4666.84,4678.69,4699.09,4725.71,4746.42,4777.85,4787.8,4815,4816.38,4822.15,4853.43,4864.41,4903.31,4923.01,4958.72,4958.22,4992.88,5012.5,5004.61,5046.95,5052.14,5071.29,5094.51,5114.12,5127.53
3303.14,3257.25,3210.47,3161.69,3158.08,3174.41,3130.75,3103.66,3058.26,3006.36,2988.76,2970.68,2936.89,2936.62,2967.6,2994.43,3006,3040.86,3049.29,3065.96,3117.73,3135.01,3161.33,3163.44,3199.71,3235.68,3230.44,3284,3315.65,3346.77,3365.24,3394.12,3437.88,3470.79,3486.72,3521.65,3551.83,3595.51,3633.55,3673.54,3708.92,3745.47,3777.95,3809.49,3868.89,3866.38,3882.48,3891.87,3954.17,3973.84,4009.89,4043.75,4053.25,4054.75,4111.83,4147.1,4180.71,4223.31,4216.5,4221.67,4300.39,4303.27,4338.27,4365.75,4381.13,4398.12,4419,4432.54,4480.88,4495.12,4541.98,4576.47,4590.25,4614.58,4612.47,4630.09,4657.22,4676.72,4692.29,4697.06,4701.23,4721.67,4742.82,4771.05,4807.86,4813.45,4852.99,4858.59,4888.06,4899.74,4907.86,4938.08,4943.34,4960.54,4984.1,4990.67,5009.39,5026.7,5023.18,5048.03
3295.87,3231.08,3222.28,3216.15,3165.47,3146.99,3159.65,3140.03,3093.76,3077.51,3095.96,3092.19,3057.25,3065.26,3080.88,3088.17,3109.35,3113.35,3116.28,3128.99,3173.44,3201.19,3217.52,3220.15,3261.46,3262.15,3286.69,3278.71,3314.76,3334.2,3350.98,3367.31,3415.85,3422.35,3449.65,3477.96,3519.79,3548.35,3568.16,3602.49,3634.04,3648.22,3692.04,3707.65,3716.43,3731.94,3796.21,3816.62,3833.91,3868.28,3904.87,3924.78,3940.06,3971.77,4025.47,4037.42,4087.01,4097.5,4137.95,4151.14,4171.54,4203.38,4239.61,4245.48,4284.26,4294.2,4324.14,4349.64,4332.22,4359.05,4393.22,4434.57,4446.67,4456.67,4486.9,4512.73,4547.22,4574.35,4606.92,4600.9,4624.05,4652.34,4671.46,4702.44,4726.68,4725.36,4743.54,4759.01,4803.25,4821.98,4839.71,4866,4871.63,4890.9,4891.3,4909.86,4931.25,4947.03,4990.84,5020.82
3323.14,3296.38,3252.13,3258.9,3213.44,3191.64,3189.08,3178.66,3163.83,3161.66,3161.06,3174.93,3129.64,3148.07,3143.57,3159.2,3168.47,3189.44,3226.5,3226.64,3234.36,3282.38,3302.77,3329.93,3363.35,3398.49,3416.35,3435.9,3448.09,3477.73,3531.84,3539.82,3604.17,3637.68,3646.86,3680.54,3705.62,3730.94,3746.45,3756.92,3791.97,3821.67,3825.84,3857.51,3911.94,3919.48,3942.73,3972.89,3999.99,4017.87,4076.47,4084.69,4120.11,4151.08,4172.27,4212.43,4213.93,4263.26,4255.06,4287.26,4303.1,4310.23,4337.98,4376.66,4397.4,4464.65,4479.26,4509.97,4549.3,4551.02,4592.01,4624.72,4642.32,4644.61,4691.94,4714.72,4739,4752.95,4763.09,4754.68,4802.71,4805.19,4853.92,4872.21,4877.9,4915.5,4906.78,4935.22,4935.25,4980.08,4975.2,5027.96,5060.05,5079,5078.48,5085.21,5102.24,5101.88,5107.84,5141.14
3289.28,3249,3198.77,3145.01,3124.58,3087.41,3063.66,3017.18,2981.67,2971.67,2954.81,2942.35,2959.6,2960.99,2955.94,2993.86,2991.3,3009.6,3007.05,3015.07,3043.9,3082.83,3087.58,3121.9,3130.66,3151.66,3165.89,3207.1,3227.67,3220.99,3248.56,3305.68,3313.73,3319.2,3359.82,3397.29,3410.68,3453.06,3476.44,3504.74,3502.03,3557.28,3570.58,3583.43,3646.87,3650.51,3676.76,3698.02,3708.63,3729.69,3778.39,3764.05,3828.06,3842.31,3831.36,3858.77,3897,3907.54,3914.9,3957.37,3967.75,3999.12,4034.95,4029,4057.1,4100.07,4123.6,4122.74,4153.36,4204.67,4197.63,4227,4254.96,4282.28,4299.71,4310.68,4347.62,4391.4,4406.98,4408.87,4436.62,4446.6,4475.51,4485.68,4512.05,4526.56,4528.39,4542.32,4567.17,4606.68,4638.9,4669.89,4680.37,4690.23,4686.24,4730.95,4753.41,4761.25,4767.2,4775.72
3300.6,3273.03,3262.85,3227.28,3220.55,3172.06,3145.57,3087.56,3049.72,3029.06,3019.75,2999.63,3002.19,3010.84,3034.11,3048.54,3059.09,3060.37,3093.31,3138.36,3129.04,3154.07,3172.6,3208.41,3235.48,3261.75,3285.92,3309.89,3356.88,3372.85,3414.95,3461.74,3476.97,3481.4,3524.11,3572.38,3569.79,3586.84,3630.06,3672.33,3692.67,3738.71,3757.47,3793.06,3808.28,3830.55,3872.98,3883,3907.63,3938.48,3962.7,3985.05,4011.67,4055.25,4051.68,4075.51,4104.07,4119.31,4152.48,4186.07,4241.79,4251.78,4260.21,4288.25,4319.2,4344.09,4359.91,4384.77,4436.48,4453.36,4486.64,4512.74,4507.66,4515.36,4526.29,4554.09,4574.8,4601.93,4619.08,4648.56,4656.03,4668.88,4700.21,4723.9,4721.23,4759.22,4773.5,4822.88,4832.94,4835.88,4852.55,4853.36,4873.06,4893.64,4927.06,4922.25,4916.95,4939.63,4950.59,4953.24
3276.3,3249.47,3239.3,3190.01,3141.67,3104.81,3097.99,3085.94,3040.19,3009.87,3005.09,3007.88,3009.82,3013.15,3031.64,3065.58,3078.29,3116.74,3140.12,3184.95,3196.32,3237.99,3253.47,3286.77,3289.65,3321.02,3352.4,3379.62,3416.93,3417.84,3438.7,3457.41,3462.86,3530.35,3563.88,3654.68,3666.44,3713.46,3696.8,3738.9,3769.73,3810.64,3809.3,3847.01,3877.28,3905.64,3928,3969.77,3982.88,4006.29,4051.36,4107.07,4092.72,4116.03,4128.79,4190.53,4201.09,4209.18,4238.28,4257.47,4278.77,4286.42,4318.6,4336.84,4365.2,4377.77,4391.9,4406.03,4437.05,4479.55,4498.37,4515.62,4554.3,4588.5,4607.4,4640.1,4686.86,4699.45,4715.89,4744,4761.91,4814.36,4831.34,4823.7,4839.37,4858.06,4893.31,4886.32,4896.94,4905.54,4906.14,4932.83,4931.22,4934.3,4944.69,4960.06,4977.58,4989.13,5001.98,5029.44
3309.45,3264.52,3247.12,3241.16,3210.41,3180.55,3151.71,3117.14,3092.57,3032.31,3036.39,3048.01,3047.06,3030.33,3030.41,3075.76,3073.4,3090.41,3125.4,3137.27,3169.95,3174.02,3223.69,3242.5,3272.89,3309.35,3378,3388.56,3445.53,3485.23,3513.79,3570.23,3576.83,3615.88,3651.79,3713.62,3737.64,3775.33,3803.05,3838.25,3890.76,3907.98,3923.02,3956.85,3999.72,4009.2,4045.48,4066.9,4114.36,4124.61,4188.14,4199.96,4231.16,4235.61,4265.7,4291.19,4312.48,4351.07,4377.76,4389.17,4416.19,4456.66,4472.38,4480.09,4517.83,4544.19,4532.4,4570.38,4586.57,4643.51,4663.43,4695.86,4692.89,4726.26,4748.36,4755,4776,4812.15,4834.86,4858.59,4868.72,4879.7,4890.79,4925.62,4917,4921.87,4951.77,4976.72,4998.01,5029.92,5033.01,5048.97,5078.32,5093.13,5093.05,5081.86,5139.08,5147.56,5151.27,5178.77
3317.38,3274.66,3227.15,3176.38,3149.38,3168.49,3112.49,3106.68,3064.79,3049.67,3009.79,3021.43,3037.63,3035.51,3056.78,3036.76,3090.69,3079.21,3096.57,3096.86,3117.83,3136.04,3142.55,3169.1,3187.37,3241.65,3264.25,3279.09,3299.89,3341.88,3391.81,3432.74,3456.1,3481.18,3518.72,3539.3,3566.32,3602.39,3630.3,3672.72,3708.02,3722.89,3759.66,3783.04,3816.92,3869.86,3914.55,3924.48,3938.23,3962.14,3992.93,4040.88,4037.2,4087.6,4101.46,4136.98,4149.51,4214.32,4245.16,4267.58,4273.17,4295.94,4297.27,4328.2,4351.06,4360.74,4391.14,4421.32,4457.06,4468.42,4491.98,4496.75,4545.85,4556.91,4610.75,4599.52,4634.84,4632.93,4676.58,4704.53,4730.41,4771.96,4784.01,4809.56,4804.7,4839.81,4861.51,4869.53,4901.71,4899.14,4908.22,4946.43,4947.75,4966.64,5018.96,5027.2,5033.57,5049.34,5081.03,5084.23
3270.16,3251.41,3227.52,3205.76,3169.36,3181.42,3151.41,3099.11,3052.24,3078.88,3057.11,3045,3048.38,3057.02,3058.86,3045.5,3085.53,3092.25,3148.13,3157.68,3231.08,3208.89,3228.8,3245.01,3287.14,3286.86,3298.78,3358.43,3362.73,3396.99,3440.44,3461.48,3501.72,3528.09,3587.67,3624.91,3648.93,3718.49,3761.75,3809.64,3814.97,3816.9,3859.38,3873.53,3879.1,3938.71,3945.26,3995.34,4016.44,4026.72,4049.99,4080.54,4066.57,4106.27,4129.23,4179.16,4210.03,4223.92,4250,4305.78,4324.57,4330.16,4354.18,4378.92,4396.92,4413.49,4449.85,4469.49,4497.39,4508.68,4564.29,4562.3,4568.48,4614.51,4642.6,4688.76,4685.63,4686.1,4729.21,4773.66,4796.41,4810.47,4809.67,4819.16,4863.57,4868.51,4888.63,4896.01,4903.34,4927.03,4963.39,4991.07,5003.57,5025.92,5049.73,5062.46,5070.84,5108.41,5123.67,5126.54
3298.26,3261.88,3252.53,3223.86,3200.06,3181.98,3097.97,3082.32,3055.46,3045.61,3009.25,3024.21,3030.14,3039.97,3062.49,3076.25,3098.16,3132.12,3143.84,3163.97,3209.51,3236.34,3244.23,3267.1,3298.13,3318.17,3324.26,3362.61,3385.11,3442.17,3437.63,3480.41,3546.67,3582.31,3606.23,3625.94,3671.05,3683.21,3689.33,3699.19,3762.54,3763.07,3787.89,3794.98,3849.1,3884.68,3903.43,3885.82,3917.97,3967.07,3969.49,3998.7,4040.24,4056.13,4062.76,4122.47,4142.3,4172.67,4201.56,4235.79,4263.94,4302.72,4325.62,4366.66,4368.24,4405.92,4431.67,4452.18,4463.81,4502.79,4520.81,4549.23,4558.39,4573.95,4572.74,4610.83,4586.96,4620.89,4638.21,4682.21,4707.63,4709.2,4733.66,4752.25,4778.94,4783.11,4811.91,4813.9,4842.73,4857.01,4881.84,4882.44,4893.35,4926.36,4947.88,4970.06,4976.72,5007.94,5019.34,5044.39
3311.45,3264.84,3253.31,3215.38,3201.26,3145.36,3096.17,3056.04,3038.11,3011.3,3004.51,2997.43,2978.64,2988.8,3003.8,2995.14,3033.33,3012.71,3055.93,3099.01,3095.67,3147.39,3180.58,3179.24,3218.55,3277.05,3321.83,3327.3,3370.96,3409.06,3437.94,3464.74,3491.22,3533.77,3574.84,3597.5,3624.27,3638.18,3649.62,3678.97,3701.44,3755.59,3794.77,3824.57,3849.34,3904.57,3953.3,3998.33,4019.26,4018.3,4052.65,4064.56,4092.89,4099.02,4130.3,4146.59,4181.58,4190.54,4212.44,4236.19,4265.17,4298.82,4319.97,4321.53,4381.21,4387.57,4420.94,4437.3,4493.19,4498.74,4498.23,4534.45,4536.28,4588.05,4585.13,4623.53,4652.27,4665.72,4686.15,4726.36,4745.17,4775.76,4791.18,4799.74,4839.48,4849.57,4874.85,4898.19,4893.32,4920.74,4935.34,4958.28,4979.23,4996.05,5036.69,5037.65,5053.66,5059.63,5063.29,5095.76
3302.97,3250.3,3234.04,3191.92,3174.35,3149.63,3132.7,3095.33,3058.87,2998.67,3019.31,3000.92,2991.4,2995.25,3024.88,3010.55,3035.61,3040.48,3042.11,3093.4,3087.11,3133.73,3147.87,3191.86,3215.02,3255.81,3273.76,3315.24,3361.37,3399.29,3436.62,3508.63,3520.69,3546.03,3575.28,3575.06,3632.97,3669.76,3703.25,3716.57,3753.07,3799.78,3801.14,3837.92,3870.5,3884.38,3940.65,3956.24,3991.88,4004.26,4036.64,4046.72,4036.19,4076.36,4122.67,4121.48,4178.2,4198.44,4211.38,4253.74,4275.72,4315.1,4325.77,4334.14,4340.69,4380.62,4405.3,4452.98,4485.35,4493.15,4499.75,4533.34,4554.88,4566.73,4588.24,4602.9,4624.68,4628.37,4651.84,4657.37,4662.45,4689.16,4717.88,4728.2,4764.15,4779.69,4797.23,4826.23,4821.45,4843.25,4880.02,4908.76,4904.76,4927.87,4945.2,4950.51,4973.76,4990.78,4986.77,4997.13
3281.97,3234.87,3248.3,3195.63,3177.72,3121.39,3093.42,3081.98,3072.33,3044.15,3037.22,3034.52,3053.11,3047.7,3073.51,3080.06,3095.67,3108.24,3122.88,3128.92,3172.92,3233.08,3233.87,3272.93,3303.45,3331.93,3330.05,3387.41,3386.42,3430.54,3439.25,3449.6,3470.81,3541.94,3604.48,3597.59,3623.85,3654.14,3708.38,3759.28,3769.81,3784.89,3845.07,3850.99,3867.32,3917.11,3938.59,3961.12,3979.95,4015.41,4039.8,4089.82,4135.17,4137.24,4135.2,4196.75,4211.1,4260.67,4272.6,4288.41,4305.71,4317.56,4332.62,4366.52,4380.65,4404.65,4434.24,4469.33,4502.37,4515.19,4531.6,4550.69,4583.15,4568.12,4582.04,4586.1,4613.41,4628.1,4648.84,4663.05,4671.04,4710.6,4725.94,4742.16,4777.89,4780.72,4783.7,4830.15,4863.51,4880.63,4882.07,4899.46,4913.88,4942.19,4970.59,4995.22,5025.11,5077.34,5069.12,5118.32
3297.23,3260.53,3253.87,3207.72,3192.86,3192.49,3182.65,3135.07,3113.29,3054.84,3033.9,3048.09,3028.55,3029.79,3031.28,3049.7,3052.42,3077.86,3099.99,3124.94,3148.29,3141.51,3163.86,3200.67,3238.99,3258.42,3306.36,3312.38,3389.31,3410.04,3428.67,3454.31,3489.32,3513.2,3539.81,3570.4,3584.44,3609.21,3614.16,3644.51,3703.07,3712.11,3736.69,3787.05,3803.09,3796.11,3833.58,3854.37,3885.25,3902.48,3943.24,3983.19,3997.94,4019.64,4026.44,4080.39,4091.18,4114.02,4168.84,4202.8,4190.23,4241.66,4234.54,4301.71,4341.8,4346.93,4367.14,4385.49,4414.52,4458.95,4460.26,4468.63,4458.31,4496.73,4503.29,4507.47,4551.2,4578.02,4599.22,4608.97,4634.43,4651.54,4685.3,4675.74,4689.99,4707.27,4721.1,4763.05,4782.42,4788.16,4813.22,4839.46,4856,4874.16,4870.78,4903.28,4909.81,4942.04,4956.1,4986.51
3299.77,3258.81,3212.34,3178.21,3121.39,3111.64,3097.16,3059.75,3058.9,3008.58,3008.35,3027.32,3024.39,3032.15,3064.52,3061.13,3079.58,3098.84,3136.46,3150.92,3168.18,3181.46,3205.23,3258.66,3281.67,3294.22,3301.03,3312.61,3328.89,3365.46,3381.88,3436.67,3463.19,3519.35,3535.93,3559.88,3584.58,3601.29,3627.96,3647.06,3688.61,3717,3753.43,3741.02,3793.66,3815.94,3866.64,3881.72,3884.33,3935.61,3961.64,4010.31,4039,4078.36,4088.22,4121.18,4163.53,4150.09,4202.78,4250.33,4241.48,4281.89,4306.58,4311.85,4353.33,4375.23,4392.73,4433.17,4499.67,4497.43,4529.03,4560.58,4590.21,4633.22,4614.62,4633.51,4650.68,4689.42,4676.49,4692.75,4691.72,4723.52,4735.82,4768.48,4754.37,4783.78,4793.5,4845.77,4846.8,4871.49,4884.18,4922.53,4950.64,4964.5,4971.2,5002.86,5005.27,5000.86,5039.89,5063.91
3306.07,3262.98,3222.05,3179.48,3158.6,3118.02,3103.22,3083.5,3028.66,2977.43,3007.94,2996.71,3012.7,3055.49,3070.5,3057.45,3088.79,3079.5,3106.21,3112.18,3108.42,3121.91,3138.29,3118.77,3149.68,3160.5,3205.15,3228.25,3233.82,3256.79,3307.43,3351.69,3372.09,3405.95,3430.87,3446.68,3504.98,3549.7,3592.86,3614.93,3641.27,3665.47,3704.91,3730.71,3764.58,3787,3809.09,3847.19,3874.54,3910.78,3943.84,3966.3,3994.31,4009.01,4045.48,4089.69,4111.38,4139.83,4181.7,4208.42,4220.08,4236.45,4263.83,4283.88,4311.17,4333.92,4348.51,4375.44,4402.41,4430.76,4460.74,4469.76,4493.58,4497.47,4514.09,4550.88,4537.73,4551.88,4586.93,4622.69,4633.39,4651.31,4673.42,4683.76,4721.03,4735.57,4783.8,4790.36,4788.79,4806.69,4825.93,4849.04,4870.06,4908.04,4911.26,4911.37,4964.54,4963.51,5009.28,4985.19
3318.42,3289.12,3292.38,3269.15,3232.1,3172.6,3149.54,3108.56,3070.71,3024.43,2995.29,3004.01,3023.87,3019.78,3037.41,3048.57,3050.89,3049.49,3033.21,3067.37,3071.43,3106.48,3153.72,3185.6,3235.43,3275.43,3346.14,3376.98,3392.19,3433.35,3463.46,3471.12,3500.59,3546.18,3586.15,3612.89,3663.83,3663.44,3721.98,3730.47,3803.86,3823.98,3864.56,3904.47,3934.95,3974.21,3980.59,4020.92,4033.97,4057.82,4055.73,4094.19,4136.49,4156.81,4180.96,4203.75,4239.84,4250.68,4283.19,4289.54,4336.58,4366.89,4361.44,4399.59,4435.59,4469.8,4476.52,4528.05,4568.81,4590.11,4601.37,4637.33,4646.05,4638.02,4657.89,4664.42,4693.08,4710.87,4734.89,4773.44,4791.65,4807.12,4830.39,4842.96,4850.36,4892.42,4893.63,4901.02,4908.46,4945.02,4972.8,4985.46,5007.66,5024.94,5019.15,5035.65,5061.63,5072.51,5105.62,5126.91
3304.91,3267.35,3234.77,3214.87,3200.93,3172.07,3130.86,3091.93,3060.15,3034.2,3046.48,3060.64,3047.5,3044.13,3044.01,3047.17,3020.12,3082.27,3112.88,3171.14,3191.24,3216.99,3276.26,3283.75,3279.45,3299.6,3331.18,3329.56,3391.55,3406.41,3459.6,3466.53,3520.64,3559.04,3550.54,3607.75,3631.29,3643.56,3674.13,3698.55,3727.89,3781.15,3811,3809.25,3859.39,3866.2,3882.26,3928.77,3938.85,3985.84,3991.13,3988.35,4055.77,4072.22,4091.37,4119.31,4163.86,4172.22,4211.55,4219.2,4262.49,4289.56,4297.05,4335.89,4364.13,4380.42,4391.58,4415.08,4431.86,4450,4467.36,4486.65,4507.6,4523.81,4550.81,4588.13,4600.67,4608.45,4642.34,4649.58,4690.24,4717.02,4731.34,4747.55,4761.11,4764.41,4795.09,4809.68,4818.36,4851.57,4872.01,4915.83,4934.11,4945.74,4965.14,4974.07,4993.72,5011.89,5024.02,5045.34
3296.98,3249.44,3207.65,3206.25,3172.79,3134.82,3114.83,3080.21,3030.85,3049.67,3038.52,3028.62,3030.91,3055.78,3040.4,3039.05,3030.04,3034.29,3057.81,3081.08,3131.06,3151.25,3193.2,3242.15,3251.98,3260.85,3272.27,3316.05,3342.54,3375.16,3384.17,3427.56,3442.67,3478.08,3498.69,3517.74,3576.69,3615.84,3635.92,3637.8,3703.05,3725.38,3747.33,3780.8,3820.8,3877.18,3901.87,3920.84,3935.46,3982.36,3974.33,3992.35,4014.49,4067.87,4105.29,4145.78,4161.02,4176.99,4212.96,4271.65,4313.6,4334.99,4346.46,4363.54,4364.33,4366.95,4402.97,4410.82,4426.41,4435.31,4466.69,4509.43,4540.39,4578.21,4599.82,4609.46,4637.41,4646.59,4703.72,4719.9,4756.88,4768.59,4761.05,4801.31,4826,4835.67,4851.16,4870.44,4890.01,4891.4,4929.48,4934.22,4944.62,4978.36,4977.58,4988.41,5020.21,5052.42,5064.71,5087.97
3289.89,3235.96,3197.65,3165.89,3127.79,3105.63,3097.83,3054.68,3034.18,2990.47,2958.55,2951.4,2981.86,2980.09,2997.65,3024.12,3033.94,3033.25,3059.81,3088.29,3104.24,3130.95,3138.67,3162.76,3184.28,3231.1,3269.66,3290.16,3331.67,3375.14,3385.84,3406.64,3443.36,3458.99,3471.71,3503.59,3546.29,3576.77,3602.56,3645.11,3665.25,3680.49,3701.13,3715.41,3735.83,3795.08,3818.25,3853.69,3879.12,3914.72,3937.8,3948.57,3975.99,4001.85,4015.35,4028.9,4071.65,4102.22,4119.53,4137.51,4136.47,4187.23,4197.44,4222.55,4244.89,4280.18,4278.85,4315.7,4353.68,4372.4,4400.43,4422.66,4436.84,4454.38,4473.01,4488.19,4516.06,4495.57,4538.79,4548.32,4593.45,4615.69,4625.31,4665.02,4671.28,4674.6,4691.18,4701.61,4733.63,4750.97,4808.58,4823.04,4837.31,4865.99,4881.25,4921.71,4936.73,4917.43,4923.15,4940.98
3316.62,3276.01,3226.26,3172.48,3108.45,3080.91,3056.97,3040.04,3018.77,3018.24,2992.58,2969.21,2982.69,3001.77,2975.09,3026.23,3016.68,2972.91,2991.6,3035.05,3020.71,3100.73,3125.65,3117.66,3149.79,3187.9,3271.65,3285.78,3327.51,3371.59,3372.98,3395.17,3411.74,3469.01,3503.36,3525.58,3548.7,3592.24,3619.7,3671.94,3705.95,3728.35,3767.41,3776.09,3811.59,3853.01,3892.32,3891.51,3933.69,3966.16,3968.64,4001.97,4040.53,4045.12,4099.75,4112.39,4159.27,4169.11,4213.47,4224.19,4228.39,4287.43,4318.23,4347.51,4355.95,4409.98,4420.19,4412.95,4416.43,4456.82,4482.5,4521.8,4548.45,4564.66,4590.55,4593.21,4624.65,4638.25,4654.01,4657.41,4673.14,4701.79,4740.75,4759.87,4772.76,4782.85,4810.43,4807.18,4834.02,4828.47,4878.22,4881.03,4903.21,4917.41,4946.88,4953.45,4959.98,5001.12,5014.11,5040.6
3301.9,3263.54,3249.1,3236.8,3206.41,3165.73,3110.81,3070.8,3067.49,3045.78,3025.14,3012.51,3016.24,3017.65,3026.55,3038.22,3043.64,3074.8,3064.89,3086.97,3151.5,3169.92,3196.54,3214.9,3264.05,3280.06,3340.6,3371.48,3404.29,3426.27,3466.19,3511.6,3530.4,3574.83,3594.15,3619.3,3672.31,3681.77,3723.09,3752.47,3798.93,3824.28,3831.55,3869.77,3930.17,3952.99,3982.5,3988.09,4021.66,4039.81,4102.55,4117.55,4136.13,4165.05,4195.43,4213.9,4225.4,4253.73,4287.96,4319.29,4322.01,4352.02,4366.37,4380.38,4394.95,4402.77,4435.67,4466.27,4489.98,4515.69,4550.94,4552.63,4567.71,4603.6,4643.97,4655.21,4691.86,4704.77,4754.21,4769.38,4791.61,4813.16,4824.81,4841.98,4887.5,4901.43,4939.07,4931.42,4977.56,4998.06,5021.81,5033.12,5039.49,5059.18,5074.94,5079.08,5118.25,5137.61,5146.36,5149.66
3295.95,3259.45,3214.34,3173.11,3155.43,3158.66,3097.65,3063.86,3040,3038.14,3021.7,3013.51,3024.19,3035.98,3054.06,3099.04,3106.29,3118.14,3138.27,3167.36,3187.95,3189.21,3217.27,3241.15,3242.13,3282.89,3298.91,3314.92,3355.06,3372.21,3421.94,3447.24,3451.07,3462.92,3496.5,3527.7,3569.87,3592.77,3621.85,3641.17,3684.18,3709.9,3778.95,3791.46,3845.14,3885.26,3893.66,3928.46,3940.09,3988.03,3996.67,4051.91,4076.25,4073.79,4134.12,4170.52,4180.66,4192.17,4229.35,4263.94,4270.47,4289.17,4335.06,4338.94,4371.74,4378.8,4438.76,4442.77,4471.98,4521.51,4521.39,4542.83,4567.13,4590.81,4616.3,4629.24,4654.57,4689.48,4707.87,4753.75,4767.53,4761.56,4819.09,4845.74,4846.75,4885.58,4894.55,4907.87,4939.06,4947.21,4969.38,4972.73,4997.67,5019.29,5029.11,5061.18,5045.06,5083.38,5091.2,5101.89
3299.65,3264.58,3219.36,3206.53,3138.88,3160.4,3092.8,3042.68,3026.03,3001.81,2965.67,2979.91,2981.17,2986.47,3011.64,3005.81,3043.59,3060.28,3058.52,3072.99,3093.46,3137.56,3134.21,3156.84,3170.36,3172.2,3219.06,3235.58,3255.41,3298.54,3296.85,3347.73,3380.36,3440.15,3452.29,3456.92,3514.37,3527.97,3580.98,3593.65,3646.92,3682.4,3720.54,3780.68,3788.89,3820.37,3850.64,3897.81,3931.76,3981.85,3987,4006.22,4032.45,4070.01,4086.2,4105.76,4126.92,4155.6,4210.87,4217.79,4254.95,4248.9,4308.38,4320.02,4358.81,4356.32,4370.56,4411.97,4423.59,4455.49,4454.85,4478.9,4520.89,4526.74,4558.78,4579.27,4616.26,4642.59,4660.1,4652.9,4702.1,4689.66,4722.12,4741.77,4766.16,4774.01,4778.6,4830.77,4856.36,4861.04,4882.08,4919.06,4925.74,4934.8,4971.31,4963.98,4976.6,5011.89,5019.25,5079.32
3292.34,3235.9,3187.63,3166.81,3143.31,3104.16,3038.64,3007.99,2963.08,2921.34,2927.95,2922.21,2937.03,2916.57,2938.1,2961.41,2982.39,3019.88,3024.5,3060.02,3094.83,3124.01,3146.95,3163.93,3164.34,3179.03,3245.91,3267.44,3305.59,3329.93,3373.72,3402.83,3411.64,3456.77,3473.38,3529.28,3589.16,3619.95,3647.06,3677.33,3717.47,3749.91,3750.74,3768.4,3842.84,3875.67,3915.05,3924.57,3959.35,3991.12,4031.65,4044.07,4066.19,4088.82,4121.86,4162.89,4204.58,4232.68,4273.26,4256.25,4323.94,4373.76,4382.07,4387.99,4415.09,4441.99,4499.48,4523.26,4503.08,4557.28,4560.35,4580.25,4607.72,4612.24,4616.4,4678.05,4699.96,4738.43,4730.35,4745.46,4786.18,4800.94,4816.79,4837.02,4868.04,4919.45,4892.88,4944.06,4947.94,4937.88,4955.36,4979.35,5012.5,5023.94,5039.64,5072.55,5081.89,5085.98,5121.78,5140.92
3313.15,3275.97,3269.42,3265.09,3215.58,3193.31,3163.48,3105.72,3111.83,3067.23,3047.74,3064.01,3070.14,3072.83,3069.01,3077.38,3087.23,3144.79,3144.9,3148.06,3187.03,3209.38,3241.43,3246.47,3275.18,3313.24,3351.95,3389,3394.93,3427.56,3471.52,3490.87,3515.86,3569.7,3584.83,3650.35,3661.52,3672.81,3688.25,3723.63,3764.21,3820.92,3831.31,3846.88,3867.06,3898.42,3908.92,3948.84,3982.26,4010.37,4013.75,4047.49,4074.71,4086.59,4123.98,4124.08,4146.97,4183.24,4225.16,4243.42,4282.59,4316.54,4331.27,4370.53,4384.51,4417.82,4457.79,4465.35,4500.81,4518.9,4517.19,4549.49,4563.64,4555.99,4590.13,4610.29,4640.57,4638.47,4685.95,4687.3,4716.2,4732.83,4746.51,4762.18,4781.68,4793.64,4799.24,4835.63,4830.83,4867.12,4881.96,4918.74,4931.79,4943.08,4980.44,4983.63,5001.66,5016.66,5039.05,5052.41
3284.58,3243.93,3198.62,3144.01,3167.69,3138.57,3112.51,3079.96,3039.44,3001.44,3013.82,3012.54,3014.37,3035.3,3005.76,3042.18,3061.63,3069.32,3115.9,3120.75,3158.13,3187.78,3239.88,3246.49,3272.61,3298.67,3335.23,3363.99,3380.89,3412.99,3418.99,3448.59,3481.8,3521.65,3538.25,3618.87,3667.98,3716.89,3735.12,3770.82,3797.76,3827.39,3827.61,3885.99,3887.03,3935.22,3975.07,3976.26,4006.84,4035.55,4089.52,4125.58,4121.98,4165.24,4191.96,4207.91,4231.71,4278.59,4308.08,4311.08,4332.91,4343.15,4394.49,4434.11,4437.27,4461.88,4497.7,4512.43,4526.49,4557.5,4562.36,4540.22,4600.62,4607.01,4626.56,4671.03,4688.82,4711.84,4721.11,4734.77,4741.07,4757.74,4767.77,4786.93,4812.74,4820.73,4857.24,4867.4,4877.45,4902.94,4929.6,4956.79,4952,4994.94,5012.41,5030.2,5034.35,5062,5087.05,5110.78
3286.68,3238.36,3211.12,3198.04,3181.71,3156.17,3134.99,3123.42,3099.82,3058.19,3077.65,3058.14,3054.81,3046.13,3080.73,3077.89,3113.68,3111.42,3132.88,3185.34,3210.06,3217.29,3257.03,3253.34,3257.19,3289.93,3316.76,3356.34,3418.81,3433.78,3486.93,3504.53,3530.97,3522.13,3507.12,3552.33,3609.32,3618.89,3629.51,3654.47,3683.34,3723.92,3758.19,3763.87,3788.77,3811.55,3858.12,3856.56,3888.37,3934.32,3944.07,3966.21,3997.61,4037.63,4042.09,4056.64,4078.73,4081.57,4081.26,4119.61,4146.44,4131.62,4158.55,4168.17,4202.31,4225.06,4248.05,4263.25,4274.02,4289.09,4306.02,4319.75,4316.29,4367.71,4399.63,4454.65,4482.04,4480.3,4489.53,4515.62,4541.96,4556.43,4561.68,4573.89,4599.17,4631.02,4629.88,4652.11,4675.91,4694.23,4724.71,4757.97,4770.39,4763.93,4792.33,4814.93,4828.09,4849.03,4873.13,4904.76
3305.79,3260.7,3204.29,3199.8,3155.7,3171.1,3128.92,3070.62,3041.1,3019.08,3028.79,3013.02,3074.87,3070.44,3097.5,3101.62,3109.04,3123.19,3149.19,3152.25,3212.73,3191.47,3227.79,3236.59,3276.87,3296.58,3329.27,3357.46,3353.6,3411.51,3445.08,3474.68,3490.41,3532.65,3538.49,3575.77,3606.53,3629.08,3666.84,3715.75,3709.6,3752.73,3792.11,3814.15,3852.77,3901.35,3937.72,3945.95,3987.93,3984.45,4015.93,4022.99,4082.54,4120.71,4130.48,4159.02,4204.18,4217.3,4231.01,4258.53,4272.22,4289.29,4306.17,4333.92,4364.77,4392.41,4402.57,4416.76,4418.15,4424.47,4443.63,4497.74,4520.86,4530.99,4547.22,4549.56,4575.61,4597.12,4614.69,4649.8,4669.52,4699.63,4718.46,4745.48,4762.24,4789.5,4794.82,4787.5,4791.22,4824.6,4830.11,4849.29,4889.98,4922.92,4932.64,4947.33,4952.05,4960.09,4974.08,4989.49
3278.22,3244.13,3221.84,3168.52,3127.05,3133.7,3105.69,3087.32,3054.62,3026.56,3006.17,3027.92,3033.81,3031.51,3042.44,3076.91,3075.2,3091.01,3122.48,3140.94,3138.78,3177.66,3152.52,3228.14,3232.55,3245.67,3295.23,3349.15,3385.91,3401.76,3434.52,3451.4,3462.26,3505.05,3555.24,3568.86,3580.44,3617.01,3659.75,3705.57,3733.41,3752.07,3808.46,3810.06,3840.72,3856.59,3888.31,3942.89,3942.73,3988.4,3994.86,4032.63,4038.26,4089.47,4111.41,4133.23,4164.87,4178.36,4202.53,4238.84,4283.18,4317,4324.39,4353.41,4391.13,4412.22,4440.63,4466.87,4500.51,4499.85,4504.44,4568.66,4564.1,4587.59,4612.45,4649.52,4661.59,4665.03,4704.58,4700.46,4701.6,4707.17,4713.82,4733.92,4743.89,4769.76,4792.28,4810.89,4815.33,4826.02,4845.96,4852.61,4855.67,4864.99,4899.84,4891.93,4927.86,4927.63,4948.77,4963.96
3308.83,3268.6,3245.52,3199.59,3156.57,3110.81,3077.16,3027.19,2997.87,2959.44,2938.95,2930.74,2946.35,2991.79,2982.84,2994.16,3005.24,3033.73,3032.16,3061.63,3088.4,3113.26,3145.13,3154.67,3167.12,3190.12,3231.25,3287.77,3295.68,3335.03,3353.93,3421.48,3448.29,3504.53,3536.23,3539.22,3575.8,3585.57,3615.08,3631.81,3659.61,3656.23,3688.79,3707.75,3742.27,3772.83,3797.4,3860.47,3864.12,3886.59,3911.58,3952.81,3986.79,4000.29,4001.83,4052.64,4077.16,4113.99,4139.73,4167.04,4176.26,4214.48,4270.41,4284.71,4306.33,4361.62,4387.35,4409.76,4410.58,4431.34,4448.55,4473.12,4487.7,4502.81,4530.43,4552.72,4553.03,4596.44,4633.29,4622.75,4692.25,4707.87,4734.4,4754.64,4750.98,4779.17,4805.06,4831.49,4840.99,4846.04,4863.92,4894.33,4915.21,4950.37,4968.56,4953.63,4975.81,4990.63,5010.11,5030.14
3297.47,3270.79,3243.39,3201.33,3192.42,3139.87,3112.45,3086.03,3060.38,3021.12,3019.96,3018.88,3029.48,3039.1,3036.28,3037.6,3026.87,3071.43,3102.88,3088.08,3112.54,3122.13,3178.21,3153.53,3196.63,3259.73,3258.61,3288.02,3320.13,3340.23,3363.74,3366.58,3360.26,3406.7,3438.31,3474.36,3499.7,3521.12,3545.76,3562.95,3584.52,3650.46,3655.81,3675.02,3706.5,3729.93,3760.6,3785.39,3825.89,3828.68,3850.17,3892.14,3916.22,3958.4,3978.27,3993.1,4004.41,4055.62,4107.98,4134.97,4144.89,4177.5,4200.86,4245.66,4266.95,4270.24,4304.33,4335.95,4356.03,4412.59,4434.98,4450.71,4456.27,4493.16,4516.62,4532.88,4580.03,4583.09,4617.68,4629.16,4642.34,4688.1,4671.38,4716.45,4732.55,4760.52,4779.85,4782.21,4822.97,4807.86,4802.73,4837.08,4844.57,4884.64,4895.07,4933.32,4932.52,4972.69,4968.11,4982.35
3275.15,3221.27,3212.76,3220.82,3186.22,3188.81,3178.58,3142.87,3118.19,3105.97,3102.09,3092.96,3073.65,3089.62,3110.25,3140.84,3125.95,3155.57,3172.19,3155.95,3135.29,3177.54,3201.31,3243.1,3268.28,3295.2,3331.71,3346.57,3374.23,3425.06,3456.21,3514.44,3540.04,3616.51,3655.94,3673.9,3678.29,3741.06,3774.07,3795.08,3826.04,3862.84,3878.52,3903.72,3934.94,3972.29,3987.09,4022.18,4047.99,4042.6,4051.15,4103.88,4163.57,4184.49,4188.05,4234.23,4249.3,4297.71,4329.56,4325.9,4327.18,4378.43,4406.18,4430.09,4449.63,4462.61,4501.35,4532.23,4544.04,4564.83,4598.65,4602.96,4622.48,4650.95,4696.28,4719.05,4735.86,4743.1,4773.78,4790.35,4792.47,4814.27,4833.13,4868.64,4864.03,4893,4902.02,4906.56,4942.82,4984.12,4990.9,5027.62,5051.62,5071.84,5068.55,5111.78,5108.06,5133.39,5157.33,5164.69
3295.88,3266.3,3270.16,3231.27,3208.43,3209.22,3147.33,3116.95,3095.34,3061.3,3040.85,3034.6,3061.6,3091.62,3112.3,3120.51,3145.67,3173.74,3185.41,3234.52,3255.11,3263.03,3286.81,3313.65,3320.55,3335.68,3363.37,3400.91,3409.66,3444.08,3461.13,3469.14,3487.65,3525.08,3536.33,3576.24,3622.58,3663.84,3686.91,3717.25,3739.1,3762.8,3775.16,3833.93,3873.3,3912.69,3911.34,3949.13,3981.57,3998.49,4046.63,4062.05,4077.61,4097.95,4152.59,4163.82,4177.63,4183.38,4215.57,4238.89,4255.09,4301.71,4303.35,4339.23,4366.38,4397.2,4411.71,4424.05,4421.16,4457.76,4470.7,4500.95,4523.74,4535.43,4551.79,4567.55,4601.67,4640.66,4661.54,4659.22,4676.17,4697.77,4738.97,4750.31,4758.22,4753.96,4801.79,4785.2,4827.06,4841.32,4868.27,4875.09,4878.58,4884.17,4921.98,4940.71,4985.64,4977.91,5000.05,5009.52
3309.1,3250.37,3229.97,3191.74,3157.5,3104.07,3087.15,3097.67,3086.87,3058.99,3047.91,3037.6,3038.84,3062.61,3049.8,3064.19,3065.54,3071.78,3106.25,3090.7,3144.99,3146.82,3156.33,3208.91,3203.38,3215.67,3245.5,3309.06,3356.69,3387.74,3413.23,3447.95,3468.94,3484.52,3493.87,3510.76,3535.35,3557.23,3614.19,3643.29,3656.72,3694.46,3727.85,3750.94,3775.1,3799.25,3813.42,3825.83,3849.38,3886.62,3927.43,3957.56,4017.74,4024.91,4052.22,4098.59,4128.12,4142.02,4149.57,4171.6,4213.39,4243.23,4271.03,4288.61,4299.58,4332.44,4375.72,4419.13,4454.33,4487.55,4511.64,4526.09,4553.32,4575.62,4598.6,4625.08,4640.34,4659.92,4670.98,4718.7,4746.42,4756.99,4774.6,4806.44,4840.05,4859.32,4873.54,4888.84,4907.74,4926.42,4935.46,4939.07,4962.03,4968.13,4993.46,4991.59,5038.16,5053.97,5076.66,5083.94
3306.62,3256.06,3234.21,3208.78,3192.99,3197.3,3173.46,3119.46,3088.79,3066.48,3046.09,3045.71,3068.21,3049.13,3067.44,3088.02,3089.47,3120.26,3154.87,3134.6,3179.09,3206.98,3241.95,3303.55,3302.55,3323.44,3374.47,3400.49,3419.8,3460.39,3495.15,3527.2,3574.86,3558.45,3577.3,3583.74,3672.04,3700.39,3719.88,3772.12,3798.57,3825.03,3845.17,3863.1,3888.34,3923.94,3971.8,4015.48,4033.88,4062.45,4073.63,4098.93,4120.74,4131.25,4160.54,4190.68,4228.35,4249.39,4288.48,4325.46,4321.63,4327.42,4347.28,4384.69,4410.72,4425.42,4464.28,4457.06,4478.54,4539.64,4541.9,4555.31,4571.09,4584.37,4608.73,4632.78,4663.45,4724.25,4752.56,4721.99,4737.77,4764.74,4781.76,4791.9,4823.1,4843.71,4873.13,4879.5,4947.03,4961.13,4949.94,4982.48,4981.06,4996.92,5016.07,5015.95,5044.08,5053.66,5084.06,5116.39
3323.64,3267.3,3210.77,3192.36,3169.66,3139.2,3111.92,3078.33,3047.29,3010.64,3020.57,3006.2,3036.67,3031.34,3074.93,3052.18,3066.37,3078.14,3120.1,3132.48,3164.88,3202.58,3212.66,3232.11,3275.77,3275.22,3301.36,3343.11,3377.18,3425.59,3420.16,3469.89,3506.79,3529.1,3575.5,3608.54,3620.64,3638.4,3681.52,3712.65,3707.47,3738.08,3766.06,3791.52,3797.78,3850.71,3866.29,3896.21,3906.24,3960.2,3986.33,4040.19,4035.96,4084.54,4115.9,4113.09,4128.69,4151.34,4188.09,4185.74,4204,4247.96,4290.8,4317.79,4332.77,4384.16,4385.86,4410.69,4408.42,4432.73,4452,4480.76,4511.43,4529.61,4554.36,4561.04,4584.18,4632.82,4636.87,4677.37,4703.85,4717.28,4750.19,4745.52,4770.78,4783.59,4805.48,4827.02,4829.32,4831.27,4862.41,4893.47,4892.84,4909.27,4929.31,4950.83,4949.61,4983.36,4979.42,4994.39
3316.2,3277.22,3227.71,3199.84,3147.38,3111.07,3094.46,3106.92,3076.3,3026.39,3002.3,3017.14,3002,3025.39,3054.94,3037.23,3054.65,3084.14,3086.17,3095.92,3120.4,3156.05,3199.39,3228.66,3243.88,3270.14,3310.98,3322.72,3327.5,3335.69,3349.15,3391.09,3423.06,3449.23,3465.34,3503.12,3527.52,3546.68,3571.06,3593.38,3639.39,3660.43,3696.09,3723.61,3744.07,3778.65,3795.11,3836.97,3871.68,3897.98,3922.77,3936.05,3985.16,3982.31,3990.04,4029.96,4044.64,4101.07,4114.92,4140.08,4174.45,4204.46,4239.43,4255.96,4284.63,4278.65,4299.28,4333.52,4356.05,4372.67,4387.03,4403.21,4451.71,4488.15,4517.63,4543.61,4550.45,4570.73,4581.67,4600.86,4623.53,4643.67,4659.07,4669.21,4679.67,4735.94,4730.64,4767.66,4783.73,4797.31,4835.35,4851.88,4863.2,4874.79,4901.26,4930.34,4951.91,4956.11,4980.45,5010.64
3284.8,3276.1,3222.39,3191.1,3174.47,3164.11,3132.16,3095.54,3069.78,3017.65,3023.46,3031.1,3063.96,3049.27,3070.7,3088.59,3091,3105.66,3130.87,3137.3,3122.65,3179.54,3168.76,3207.61,3231.1,3241.07,3262.72,3306.13,3322.83,3363.78,3371.22,3406.25,3419.67,3453.95,3497.57,3491.73,3489.86,3496.5,3523.25,3559.71,3551.85,3580.04,3606.96,3652.86,3674.51,3687.01,3700.32,3743.92,3769.64,3796.95,3829.67,3856.7,3870.75,3894.13,3931.73,3928,3953.25,3980.42,4010.7,4044.28,4067.18,4084.15,4100.99,4134.44,4180.03,4181.88,4228.86,4238.11,4263.23,4249.22,4292.26,4303.13,4307.48,4341.06,4370.61,4419.24,4451.56,4447.93,4482.88,4525.13,4524.26,4522.13,4544.22,4543.39,4588.27,4607.06,4636.34,4648.89,4661.32,4666.96,4710.21,4726.82,4751.36,4744.38,4760.47,4797.12,4804.1,4821.15,4839.29,4860.15
3276.08,3225.34,3210.88,3203.02,3159.33,3141.98,3104.69,3075.73,3056.55,3010.16,3006.11,3022.63,3018.6,3045.58,3042.91,3049.06,3080.67,3103.22,3137.21,3184.2,3206.53,3247.04,3273.55,3283.88,3318.74,3328.14,3363.59,3383.92,3402.27,3462.43,3463.82,3469.27,3504.36,3538.5,3576.35,3615.29,3663.76,3689.1,3723.68,3751.96,3802.8,3792.25,3816.27,3853.61,3879.17,3904.48,3929.01,3987.2,4017.07,4030.15,4052.34,4103.47,4105.26,4141.46,4133.94,4165.28,4198.7,4215.79,4247.39,4292.06,4313.07,4351.33,4371.16,4396.99,4439.98,4466.08,4475.93,4494.63,4497.3,4512.02,4537.7,4578.16,4610.41,4626.74,4649.63,4656.34,4696.55,4711.55,4740.75,4740.44,4792.34,4813.3,4839.27,4846.7,4869.77,4913.37,4910.43,4949.46,4979.56,4974.73,5010.85,5032.74,5060.53,5094.7,5118.52,5132.13,5159.86,5156.81,5178.66,5204.4
3297.7,3259.34,3244.4,3223.85,3207.79,3186.28,3159.89,3123.33,3111.68,3102.4,3098.1,3095.69,3057.44,3067.24,3083.3,3108.04,3093.17,3110.82,3157.95,3180.1,3225.53,3220.95,3258.45,3274.38,3289.71,3348.59,3366.37,3406.18,3434.69,3489.54,3498.11,3545.87,3563.75,3595.61,3626.34,3652.83,3647.37,3689.11,3714.02,3735.6,3771.01,3805.73,3821.6,3857.77,3889.31,3908.26,3954.43,3973.22,4000.53,3998.37,4010.86,4037.83,4036.95,4098.66,4115.15,4145.85,4152.9,4191.64,4179.07,4167.37,4207.51,4199.15,4229,4240.6,4284.36,4289.95,4293.52,4329.52,4366.15,4367.76,4379.59,4397.1,4414.65,4474.4,4476.48,4480.14,4509.96,4532.41,4544.21,4580.28,4600.14,4630.94,4628.12,4647.06,4663.82,4687.53,4707.31,4730.54,4749.02,4741.94,4747.35,4764.49,4786.5,4804.26,4830.49,4853.16,4848.85,4854.26,4879.03,4874.21
3323.17,3299,3231.04,3192.76,3162.53,3135.58,3108.77,3079.65,3055.48,3023.12,3006.21,3020.54,3035.54,3033.48,3057.17,3035.02,3056.77,3111.67,3123.25,3147.03,3157.19,3183.76,3175.49,3219.83,3237.12,3259.6,3263.32,3262.72,3306.75,3348.43,3390.82,3418.15,3426.1,3493.64,3496.96,3534.67,3563.22,3616.7,3633.88,3662.86,3708.41,3713.62,3719.14,3782.94,3796.95,3828.96,3896.19,3920.76,3961.32,3981.42,3977.09,3987.63,4010.05,4057.66,4083.4,4113.03,4115.59,4149.91,4163.8,4204.11,4223.5,4247.31,4266.47,4293.75,4310.04,4345.97,4372.82,4378,4391.53,4417.24,4450.5,4448,4478.22,4484.9,4502.95,4529.43,4528.9,4550.08,4595.8,4616.99,4655.15,4671.86,4672.9,4696.14,4709.24,4724.73,4771.98,4772.03,4784.37,4804.67,4835.67,4864.03,4890.18,4899.89,4900.4,4925.39,4948.76,4954.67,4980.94,4989.37
3301.09,3256.42,3238.72,3213.68,3190.61,3170.45,3136.05,3123.6,3135.96,3131.38,3114.24,3096.43,3105.58,3120.71,3134.24,3181.53,3189.45,3183.26,3138.77,3166.03,3166.93,3198.34,3203.54,3203.5,3231.12,3249.44,3278.75,3293.6,3341.13,3369.96,3395.08,3413.38,3459.56,3477.25,3518.39,3542.91,3561.65,3606.67,3640.17,3678.02,3717.86,3747.53,3786.58,3796.27,3814,3848.03,3859.74,3906.94,3930.17,3941.43,3951.92,3978.66,3993.64,4017.19,4037.02,4065.33,4080.71,4124.48,4149.87,4170.65,4181.97,4228.68,4251.44,4297.64,4294.82,4332.08,4333.89,4374.42,4377.8,4438.81,4457.99,4502.27,4532.58,4546.33,4587.05,4613.11,4631.93,4652.15,4666.01,4653.39,4664.78,4716.35,4733.32,4745.29,4751.46,4773.23,4778.64,4796.99,4803.68,4833.52,4832.81,4868.61,4879.3,4930.06,4945.63,4952.73,4979.62,5011.74,5033.65,5042.43
3296.41,3251.54,3205.14,3181.55,3149.89,3126.34,3101.48,3072.43,3056.73,3035.79,3035.04,3010.16,3017.17,3038.11,3061.15,3067.72,3104.18,3109.11,3111.38,3131.12,3148.9,3147.14,3204.33,3212.72,3224.35,3245.67,3294.64,3320.03,3365.7,3378.35,3426.56,3436.33,3462.06,3495.95,3508.08,3523.95,3520.5,3579.98,3587.55,3613.32,3640.96,3643.87,3678.76,3695.07,3724.62,3763.03,3822.37,3834,3855.09,3889.92,3931.69,3941.38,3947.36,3993.68,3989.26,4063.49,4061.15,4090.57,4131.89,4132.99,4150.77,4205.23,4218.77,4228.06,4259.33,4324.57,4328.01,4347.59,4385.32,4420.17,4451,4479.28,4487.22,4521.02,4550.5,4566.09,4596.56,4630.48,4651.67,4673.44,4666.78,4681.35,4719.37,4723.41,4741.44,4774.52,4808.4,4840.62,4840.21,4840.14,4871.66,4901.1,4897.71,4915.75,4923.16,4960.01,4994.4,4996.87,5017.43,5035.97
3303.06,3268.34,3227.55,3183.34,3187.01,3144.62,3116.72,3084.92,3074.33,3068.33,3051.55,3034.65,3035.82,3021.03,3052.08,3053.07,3098.33,3104.58,3147.21,3147.25,3181.88,3226.17,3241.13,3277.83,3316.79,3347.31,3364.79,3382.09,3404.46,3464.69,3488.11,3518.77,3556.75,3577.9,3605.61,3641.27,3665.05,3712.25,3739.41,3764.39,3758.64,3759.57,3781.09,3838.25,3832.31,3851.03,3883.17,3908.76,3931.07,3956.53,3963.22,3981.89,4040.64,4049.09,4105.31,4124.34,4139.96,4132.26,4172.55,4206.08,4261.47,4270.73,4314.38,4323.85,4356.31,4361.58,4407.89,4416.91,4448.71,4464.57,4477.74,4476.96,4489.34,4537.38,4557.84,4578.13,4599.74,4630.17,4644.52,4652.92,4662.54,4678.09,4729.14,4743,4755.56,4794.26,4810.1,4825.34,4837.76,4855.83,4878.37,4903.08,4923.22,4941.84,4970.55,4971.38,4993.42,4986.42,5016.76,5040.66
3311.24,3274.56,3244.29,3238.27,3195.11,3156.93,3130.65,3127.3,3115,3093.89,3089.72,3092.36,3099.54,3078.82,3087.34,3112.35,3145.06,3134.53,3137.04,3162.27,3202.41,3220.61,3260.86,3272.34,3307.73,3328.77,3364.31,3385.25,3420.77,3421.96,3464.48,3492.3,3498.35,3535.06,3561.77,3591.2,3641.44,3662.22,3709.6,3737.47,3772.05,3791.35,3803.64,3822.51,3835.97,3840.55,3870.73,3918.5,3920.72,3975.86,3986.11,4013.72,4029.99,4073.74,4095.05,4107.94,4130.45,4161.66,4203.34,4208.29,4218.47,4248.71,4264.28,4310.76,4326.76,4359.49,4368.65,4390.63,4417.32,4426.99,4465.62,4473.72,4500.85,4520.52,4553.22,4562.54,4599.76,4625.43,4656.1,4668.76,4696.74,4704.9,4726.64,4741.43,4745.7,4768.92,4786.11,4794.01,4823.37,4821.17,4853.56,4891.8,4878.24,4903.82,4903.73,4937.52,4946.74,4973.58,4969.73,5005.39
3273.62,3228.74,3208.78,3190.56,3183.18,3186.85,3149.09,3121.73,3078.02,3072.81,3063.86,3062.07,3086.8,3048,3089.19,3077.44,3089.78,3100.39,3122.24,3144.51,3202.78,3225.16,3224,3260.12,3279.14,3277.21,3289.94,3348.31,3368.35,3375.19,3386.93,3416.09,3471.1,3476.97,3512.6,3534.28,3588.77,3637.98,3667.85,3696.55,3732.81,3733.55,3771.44,3781.15,3786.34,3853.79,3871.95,3894.39,3918.63,3918.85,3933.41,3957.73,4004.17,4019.33,4050.95,4080.79,4102.15,4129.34,4156.74,4186.7,4246.13,4248.88,4269.23,4290.84,4314.66,4356.24,4362.01,4377.59,4402.49,4422.34,4453.94,4445.14,4473.71,4484.47,4489.16,4491.42,4534.74,4531.63,4562.62,4580.31,4578.93,4600.23,4612.93,4619.9,4650.59,4656.43,4669.02,4684.85,4694.34,4715.21,4751.53,4770.63,4798.12,4795.44,4807.51,4830.53,4853.07,4865.91,4899.13,4897.38
3295.59,3259.09,3228.72,3185.62,3158.39,3130.51,3101.93,3077.44,3054.27,3032.08,2999.22,2993.17,2991.15,3017.15,3005.94,3037.41,3017.55,3051.77,3089.78,3091.48,3114.32,3127.96,3175.54,3185.45,3206.19,3237.01,3251.3,3284.42,3304.84,3346.8,3371.6,3448.75,3456.27,3491.85,3511.58,3559.4,3579.77,3581.35,3610.17,3631.4,3644.46,3677.17,3681.53,3730.79,3745.87,3791.21,3824.83,3854.85,3878.71,3905.71,3936.7,3949.88,3998.55,4016.67,4059.95,4102.79,4117.38,4127.83,4144.97,4185.68,4179.77,4187.48,4250.53,4265.34,4282.03,4296.92,4291.77,4302.8,4312.27,4371.61,4364.78,4375.02,4428.83,4425.24,4432.73,4465.59,4485.95,4501.66,4528.64,4566.19,4569.33,4588.21,4597.45,4631.89,4648.66,4683.99,4688.74,4698.35,4717.38,4742.57,4790.07,4797.86,4793.1,4821.48,4851.72,4873.46,4905.03,4904.99,4895.77,4926.61
3300.87,3255.95,3220.25,3175.12,3139.17,3123.86,3085.71,3046.59,3021.88,2977.55,2965.52,2984.89,2987.86,3000.63,2994.96,2996.65,3040.88,3072.54,3079.88,3123.62,3123.64,3169.73,3202.2,3213.59,3252.29,3300.09,3314.52,3348.19,3354.85,3402.51,3408.69,3466.46,3458.94,3486.56,3514.38,3546.23,3574.72,3611.11,3661.46,3686.9,3718.94,3743.78,3751.88,3789.75,3825.24,3852.26,3858.21,3871.41,3889.67,3942.13,3953.89,3962.1,3966.3,4002.09,4017.7,4067.33,4136.22,4146.97,4180.22,4179.85,4223.02,4254.18,4285.81,4321.38,4362.44,4359.32,4394.84,4427.02,4443.17,4460.88,4492.25,4497.89,4523.53,4547.31,4552.74,4555.46,4590.53,4617.33,4631.24,4655.61,4667.05,4684.85,4711.43,4741.34,4741.13,4776.43,4793.65,4781.63,4814.88,4847.03,4875.71,4894.44,4916.49,4935.36,4931.26,4965.74,4967,4992.66,4967.77,4999.51
3315.18,3289.59,3267.67,3208.07,3183.48,3161.46,3133.54,3096.44,3086.48,3032.38,3031.52,3023.36,3035.59,3049.34,3052.49,3065.5,3041.53,3067.3,3101.21,3113.73,3147.99,3147,3152.71,3177.01,3198.26,3246.93,3266.85,3291.44,3310.84,3364.01,3388.77,3424.47,3454.6,3496.8,3550.02,3567.22,3603.33,3613.97,3609.98,3621.64,3628.67,3676.75,3688.76,3680.53,3755.48,3781.75,3818.61,3828.96,3896.44,3901.97,3935.04,3951.17,3983.42,4014.35,4051.05,4064.03,4080.83,4080.28,4083.03,4107.36,4142.25,4157.57,4203.49,4222.78,4241.51,4251.66,4288.54,4291.76,4314.09,4355.82,4365.9,4399.45,4426.23,4427.07,4479.85,4489.59,4504.23,4541.58,4572.55,4601.4,4585.51,4585.63,4582.89,4626.95,4634.96,4653.59,4668.25,4698.1,4712.82,4734.5,4738.71,4761.19,4792.87,4810.59,4846.94,4869.54,4889.97,4911.03,4915.64,4965.58
3294.74,3244.47,3186.44,3182.54,3173.3,3108.6,3118.62,3069.59,3052.84,3075.16,3048.89,3057.98,3073.06,3070.92,3073.64,3105.46,3135.07,3141.04,3156.38,3161.71,3192.16,3217.32,3238.19,3264.38,3291.82,3292.57,3326.41,3362.88,3406.84,3430.65,3439.87,3469.95,3465,3499.76,3516.79,3536.34,3586.94,3628.98,3667.72,3691.28,3713.62,3731.89,3758.15,3795.73,3819.24,3833.59,3886.6,3945.34,3982.94,3997.28,4039.12,4076.02,4098.05,4154.3,4177.78,4172.86,4185.95,4207.08,4224.09,4230.19,4263.22,4297.89,4321.01,4362.92,4367.41,4419.62,4438.17,4481.44,4475.39,4493.53,4528.58,4540.4,4532.98,4562.66,4574.38,4607.5,4630.5,4666.28,4666.21,4691.89,4704.06,4709.25,4754.11,4789.3,4797.18,4823.51,4835.45,4865.88,4874.38,4878.19,4914.62,4920.71,4934.92,4935.7,4958.32,4988.5,5005.42,5016.56,5046.68,5048.43
3294.27,3248.49,3154.48,3124.5,3073.35,3070.67,3027.34,2986.31,2977.69,2920.03,2943.29,2910.44,2956.16,2969.82,2985.13,2987.35,3005.27,3011.93,3019.61,3057.37,3087.3,3099.58,3107.5,3126.29,3158.27,3168.96,3235.12,3240.8,3268.02,3290.34,3329.83,3338.1,3366.64,3379.7,3449.15,3458.18,3498.89,3547.06,3568.15,3605.22,3621.87,3660.31,3677.79,3700.86,3765.55,3772.35,3817.95,3835.04,3855.26,3875.4,3906.22,3946.54,3966.61,3999.24,4027.4,4043.44,4070.57,4078.7,4081.06,4117.15,4133.04,4184.7,4191.32,4211.19,4250.32,4254.76,4279.14,4309.31,4341.17,4364.98,4397.96,4412.55,4449.82,4462.79,4499.22,4532.53,4552.17,4564.59,4594.41,4623.21,4634.79,4629.55,4644.68,4679.84,4706.49,4725.2,4724.99,4722.44,4755.92,4779.38,4804.85,4819.25,4844.74,4861.94,4887.13,4901.59,4905.62,4949.43,4967.3,4994.05
3328.65,3288.94,3206.52,3192.76,3169.99,3162.12,3163.82,3161.87,3136.2,3106.09,3080.73,3066.3,3077.17,3078.49,3080.94,3096.06,3115.27,3121.68,3154.05,3157.5,3213.04,3237,3259.64,3261.13,3305.9,3319.75,3344.64,3389.02,3403.03,3440.19,3487.72,3504.57,3565.99,3592.28,3599.2,3643.72,3685.43,3736.63,3731.06,3774.16,3786.54,3792.22,3837.09,3887.16,3928.51,3939.15,3961.8,4011.86,4038.96,4034.93,4076.18,4095.31,4150.56,4155.91,4180.98,4198.96,4242.2,4248.5,4271.49,4294.02,4328.03,4355.2,4371.09,4397.99,4422.51,4433.76,4459.7,4464.67,4466.72,4480,4503.42,4498.59,4548.93,4573.45,4594.52,4621.17,4631.43,4642.14,4649.55,4682.04,4703.71,4717.78,4728.12,4738.44,4785.87,4783.7,4816.18,4813.47,4846.98,4864.38,4893.81,4906.22,4899.33,4897.48,4930.66,4956.42,4962.77,4996.17,4987.75,4989.96
3306.63,3290.34,3238.05,3201.36,3134.78,3112.59,3095.67,3066.77,3056.87,3017.86,3024.51,3046.68,3019.22,3020.46,3023.13,3064.93,3098,3138.05,3153.32,3184.31,3219.41,3241.65,3283.1,3310.24,3327.42,3353.72,3411.79,3425.47,3463.37,3485.79,3527.58,3533.73,3566.93,3600.65,3668.83,3690.3,3739.92,3769.26,3811.72,3818.8,3826.69,3871.79,3918.66,3947.55,3965.09,4013.76,4031.38,4075.84,4084.27,4138.96,4146.44,4186.94,4205.69,4237.35,4288.92,4308.03,4311.95,4353.65,4371.68,4389.51,4398.08,4440.84,4443.71,4463.7,4527.98,4539.12,4555.14,4579.65,4601,4622.83,4652.9,4682.8,4735.35,4748.66,4766.66,4787.79,4826.15,4832.7,4824.18,4832.14,4870.9,4862.96,4881.46,4883.79,4929.45,4960.14,4992.76,5015.96,5011.76,5044.43,5050.68,5058.86,5071.46,5102.01,5110.84,5145.1,5162.02,5173.92,5180.12,5187.14
3302.53,3238.22,3212.7,3195.4,3176.8,3182.99,3159.23,3153.17,3135.89,3103.54,3091.77,3100.34,3084.43,3085.39,3113.86,3146.22,3136.32,3128.23,3162.67,3218.39,3243.94,3267.66,3315.73,3324.23,3317,3359.26,3378.63,3398.32,3403.1,3417.84,3450.51,3498.81,3562.88,3573.62,3591.04,3626.95,3621.14,3648.03,3709.84,3728.31,3754.44,3778.86,3807.15,3840.44,3842.44,3861.82,3890.63,3910.34,3919.88,3955.68,4001.28,4036.46,4042.51,4095.77,4090.76,4114.91,4158.28,4190.15,4191.19,4208.38,4223.31,4257.76,4272.46,4273.47,4280.62,4310.68,4330.75,4336.54,4361.59,4397.98,4414.71,4439.48,4479.34,4493.01,4528.28,4548.14,4569.61,4577.18,4578.82,4571.53,4606.18,4635.15,4660.82,4691.19,4729.38,4744.23,4764.74,4776.11,4779.24,4814.19,4847.63,4851.57,4885.55,4906.39,4926.93,4916.61,4927.27,4958.46,4977.21,5001.82
3301.86,3261.33,3225.07,3186.58,3155.95,3113.31,3083.84,3074.76,3057.96,3022.93,2998.11,3009.25,3012.85,3004.89,3033.86,3084.31,3072.36,3072.47,3096.19,3110.75,3142.98,3155.22,3171.02,3207.64,3209.25,3253.41,3281.06,3271.36,3287.28,3311.33,3386.85,3440.7,3457.11,3499.44,3498.3,3534.24,3581.03,3599.13,3662.39,3679.77,3706.34,3771,3783.62,3807.61,3826.3,3844.82,3875.75,3906.79,3957.18,3957.58,3985.49,3991.79,4043.72,4053.18,4104.81,4135.27,4165.96,4196.57,4226.77,4234.12,4259.17,4248.61,4307.46,4307.85,4337.43,4355.54,4395.07,4404.97,4444.09,4463.34,4479.58,4485.66,4524.38,4530.49,4572.84,4607.69,4629.52,4672.66,4669.75,4682.02,4716.55,4710.89,4752.94,4767.84,4823.95,4836.76,4833.57,4892.12,4882.16,4899.58,4911.22,4947.88,4959.15,4964.72,4979.67,4994.48,5007.67,5020.47,5033.6,5064.94
3324.58,3293.41,3221.49,3191.95,3142.68,3130.2,3100.96,3075,3035.08,3016.9,3013.24,3025.74,3024.14,3044.34,3038.5,3056.22,3095.88,3103.38,3132.46,3162.52,3196.02,3253.89,3270.93,3306.97,3328.89,3348.09,3386.81,3416.42,3448.82,3483.21,3520.22,3539.02,3542.21,3565.52,3597.83,3665.36,3708.11,3733.23,3764,3801.91,3841.13,3862.19,3889.67,3909.46,3932.74,3953.91,3992.38,4004,4030.57,4056.46,4069.59,4079.25,4123.43,4145.15,4208.97,4217.26,4234.34,4264.61,4286.8,4321.03,4331.72,4384.89,4418.71,4431.96,4477.43,4478.67,4498.49,4536.69,4548.05,4558.84,4578.24,4604.3,4641.18,4656.4,4663.21,4694.59,4701.64,4694.77,4720.09,4749.71,4777.76,4800,4803.69,4833.46,4857.89,4853.34,4878.17,4917.62,4938.92,4996.67,5000.63,5011.99,5019.11,5039.74,5068.24,5089,5114.72,5106.07,5138.3,5160.69
