fitness max,,,,,,,,,,,,,,,,,,,,,,,,,,,,,,,,,,,,,,,,,,,,,,,,,,,,,,,,,,,,,,,,,,,,,,,,,,,,,,,,,,,,,,,,,,,,,,,,,,,
21062.1,21303.7,21385.1,21425.1,21436,21445.2,21869.6,22524.3,23032.6,23439.1,21218.2,19495.1,17988,16726.8,16678.7,15644.4,14541.5,13740.8,13477.4,12854.6,12929.7,13217.8,13003,12704.1,12720,12326.9,11923.1,11851.9,11448.1,11080.8,11560.1,11599.6,11556.5,11249.2,10800.3,10697.6,10825.7,10853.1,10569.5,10521.5,10391.6,10512.9,10411.4,10337.2,10453.1,10285.7,10296.2,10236.8,10094,10132.7,9973.39,10378.5,10526.6,10382.2,10213.6,10267,10095.6,10190.5,10296.6,10166.9,10340.2,10567.1,10428.6,10291.3,10169.3,10059,9919.74,9998.15,9887.91,9802.04,10077.2,10181.2,10108.2,9743.35,10122.9,10033.5,9915.44,9795.09,9872.08,9949.64,9899.35,9898.63,9787.17,9801.63,10182.1,9977,9902.08,9821.79,9882.68,9852.69,9965.9,9887.89,9973.28,9926.1,10011.3,9935.81,9929.26,9730.1,9553.29,9612.02
10078.3,10009.2,9964.42,9815.86,9603.24,9634.32,9605.54,9761,9496.55,9663.2,9362.8,9211.08,9079.68,9035.22,9031.28,8945.31,8895.67,8867.1,8960.33,8837.95,8737.44,8747.95,8637.53,8523.82,8565.58,8626.85,8589.04,8692.95,8767.51,8786.1,8762.34,8738.4,8886.87,8765.86,8884.72,8860.37,8821.07,8698.38,8640.3,8601.83,8683.92,8732.32,8639.36,8681.64,8612.39,8525.82,8530.09,8633.54,8574.47,8726.83,8784.07,8718.21,8786.84,8862.66,8956.26,8914.34,8873.62,8921.26,8848.6,8783.18,8812.22,8743.24,8666.44,8593.02,8533.25,8499.17,8498.47,8560.52,8579.02,8611.33,8588.33,8518.08,8469.04,8416.32,8491.66,8440.76,8479.02,8526.19,8481.32,8548.28,8615.97,8697.16,8767.95,8710.68,8749.55,8700.1,8776.74,8826.99,8815.78,8873.98,8844.72,8808.18,8772.85,8833.01,8791.48,8867.11,8919.22,8870.84,8899.1,8846.01
8523.42,8517.2,8592.3,8651.59,8703.75,8754.62,8804.26,8852.69,8891.19,8900.67,8709.88,8704.17,8615.29,8598.28,8535.51,8404.01,8341.47,8238.03,8268.01,8365.97,8299.46,8205.9,8116.22,8159.14,8250.39,8185.77,8122.46,8062.93,8003.09,8072.17,8017.82,7949.4,8002.13,7939.06,8046.5,7981.21,8034.07,7990.88,7936.5,8030.65,7889.12,7823.16,7758.74,7711.79,7651.36,7723.23,7756.94,7723.17,7693.34,7786.09,7728.48,7671.89,7762.87,7837.58,7965.77,7919.42,7918.37,7965.16,8016.03,8093.74,8063.56,8030.93,8105.18,8184.82,8221.92,8259.3,8211.03,8157.32,8188.76,8143.38,8182,8125.18,8074.37,8140.28,8017.41,8111.89,8061.96,8019,7969.47,8007.05,7961.05,7921.51,7968.47,8033.38,7996.95,7914.33,7888.51,7858.53,7862.1,7829.8,7847.48,7842.72,7845.12,7847.07,7819.11,7863.99,7853.44,7813.17,7896.09,7857.25
8573.22,8437.84,8345.77,8256.6,8168.9,8080.55,8041.32,8052.77,8063.96,8133.08,8088.31,8078.53,8028.12,8028.5,7977.73,8023.37,7926.53,7963.13,7923.69,7916.61,7866.32,7785.83,7715.49,7697.38,7746.31,7664.68,7612.33,7677.52,7628.02,7605.11,7598.1,7537.61,7589.5,7532.24,7530.94,7535.35,7591.74,7576.05,7541.39,7713.3,7710.41,7717.24,7762.91,7709.15,7663.69,7724.95,7717.09,7693.33,7780.49,7747.68,7814.91,7746.12,7718.57,7670.11,7710.94,7665.09,7619.03,7668.52,7716.35,7744.15,7896.25,7895.08,7863.5,7834.99,7728.3,7774.62,7837.73,7850.78,7848.69,7824.28,7929.17,7989.05,7944.88,7898.8,7945.68,8083.29,8068.62,8019.93,7974.33,8011.98,7957.24,8023.22,7986.46,8023.13,7983.17,7939.36,7962.4,7996.71,7882.52,7778.77,7734.98,7777.87,7798.26,7761.78,7815.76,7851.99,7804.55,7772.06,7779.1,7746.72
8078.68,8101.94,7987.57,7942.67,7945.49,7997.73,8095.66,8207.02,8300.86,8315.27,8296.72,8254.88,8219.02,8161.02,8170.41,8128.98,8129.92,7972.95,7900.81,7869.99,7801.25,7867.97,7783.45,7755.86,7716.96,7664.76,7687.09,7694.17,7623.44,7672.61,7604.44,7570.74,7768.19,7787.08,7768.91,7804.6,7804.12,7765.13,7731.93,7682.53,7709.98,7695.33,7708.23,7728.53,7766.99,7724.27,7715.69,7591.42,7661.84,7655.12,7708.14,7689.49,7693.18,7645.66,7718.45,7712.05,7750.43,7777.07,7851.3,7875.16,7847.1,7798.74,7857.45,7916.24,7899.75,7929.66,7918.41,7870.87,7953.12,7913.8,7898.52,7928.42,7880.73,7882.45,7857.15,7981.67,8020.7,7986.09,7952.45,7919.56,7986.11,7998.65,8091.64,8105.72,8080.51,8089.6,8102.87,8069.35,8105.19,8133.48,8167.57,8225.18,8199.69,8185.02,8241.27,8313.1,8295.05,8270.93,8321.67,8302.54
7906.79,7871.09,7844.47,7861.22,7879.38,7982.85,8100.4,8215.66,8328.75,8439.69,8535.8,8429.09,8389.56,8431.66,8286.44,8204.6,8188.97,8240.87,8183.82,8025.62,8037.94,8088,8145.52,8141.96,8038.9,7986.51,7934.47,7874.41,7830,7796.06,7899.52,7775.82,7862.6,8073.88,8143.8,8048.39,8049.76,8024.02,8014.32,8074.3,8023.69,7998.82,7945.45,7891.58,7847.28,7802.52,7813.06,7901.9,7860.09,7723.54,7790.22,7827.51,7818.72,7799.17,7758.85,7665.91,7653.12,7619.45,7715.76,7794.36,7756.32,7779.18,7759.43,7853.67,7901.35,7847.29,7801.92,7842.3,7797.6,7758.74,7715.02,7796.81,7848.39,7810.63,7855.18,7751.47,7815.12,7848.35,7891.29,7932.08,7909.37,7872.15,7838.94,7798.69,7847.61,7887.24,7920.83,7884.27,7844.27,7819.38,7871.53,7834.87,7807.15,7782.62,7794.14,7825.58,7853.32,7831.83,7873.77,7977.07
7853.01,7840.98,7861.87,7849.6,7752.66,7660.68,7569.2,7528.92,7503.83,7479.34,7363.46,7311,7347.58,7308.53,7240.74,7253.45,7197.05,7259.61,7196.46,7263.26,7315.48,7351.25,7303.53,7324.08,7363.52,7326.89,7273.23,7232.39,7183.64,7136.29,7104.08,7049,7004.45,7086.61,7058.68,7013.66,7053.78,7025.29,7097.15,7061.13,7044.16,7103.34,7096.1,7155.37,7129.87,7211.23,7213.76,7224.38,7297.51,7250.39,7319.85,7306.55,7353.95,7372.47,7357.68,7278.56,7227.23,7262.64,7243.73,7234.78,7334.99,7402.53,7426.44,7375.17,7392.33,7374.09,7471.71,7462.47,7450.02,7527.97,7602.52,7648.6,7615.08,7665.77,7640.54,7706.59,7752.86,7841.06,7762.95,7737.57,7761.52,7780.2,7751.37,7719.02,7785.17,7749.31,7801.57,7855.31,7886.62,7919.16,7944.52,8075.02,8059.31,8093.81,8066.22,8119.76,8082.19,8119.77,8081.74,8136.02
7799.07,7770.7,7765.36,7741.27,7710.02,7669.77,7621.08,7575.9,7531.55,7489.36,7421.15,7308.24,7286.86,7307.12,7240.62,7201.38,7248.38,7263.43,7269.98,7209.46,7277.53,7334.72,7271.18,7239.61,7201.97,7204.62,7184.48,7149.28,7299.84,7437.2,7439.54,7404.22,7435.09,7370.08,7287.84,7268.87,7315.71,7334.33,7377.62,7382.11,7352.24,7287.49,7255.79,7248.81,7390.26,7508.2,7450.54,7444.89,7487.76,7457.75,7415.05,7396.96,7466.93,7475.19,7534.03,7575.25,7567.93,7584.97,7579.9,7653.55,7601.49,7641.27,7700.76,7758.3,7784.37,7863.11,7818.73,7885.78,7839.61,7717.52,7675.29,7717.06,7673.87,7737.51,7849.07,7753.04,7804.42,7763.53,7738.56,7773.37,7823.59,7886.3,7865.63,7829.64,7866.61,7922.72,7881.02,7922.5,7976.86,7936.57,7894.45,7853.29,7858.02,7862.93,7889.09,7865.79,7925.59,7993.13,8099.57,8156.76
7773.19,7695.77,7620.3,7575.29,7570.64,7559.08,7518.74,7434.78,7364.02,7293.87,7226.67,7238.28,7148.59,7100.98,7102.76,7098.07,7081.26,7056.02,6994.35,6987.15,6971.3,6964.99,6955.48,6900,6885.51,6851.69,6852.86,6960.91,6987.41,7044.5,7027.07,7051.35,7066.84,7034.06,6987.4,6941.45,6890.55,6854.86,6805.01,6756.24,6811.9,6791.54,6815.14,6830.54,6892.38,6851.58,6813.64,6777.26,6768.35,6824.37,6804.76,6787.06,6810.08,6844.57,6938.27,6930.1,6920.01,6894.19,6920.65,6980.03,6960.23,6912.64,6943.72,6902.05,6960.81,6988.11,7031.05,7015.88,7078.23,7062.07,7074.47,7132.17,7127.14,7121.81,7193.62,7174.13,7094.11,7075.71,7129.91,7215.17,7200.07,7243.45,7290.44,7337.55,7313.01,7359.08,7342.97,7325.72,7310.57,7348.59,7314.44,7275.59,7294.94,7270.63,7254.73,7315.01,7306.6,7284.65,7327.12,7299.6
7848.56,7857.36,7981.65,7973.45,7905.11,7876.66,7857.27,7851.97,7843.78,7838.53,7654.88,7659.35,7566.01,7514.43,7354.04,7344.9,7338.55,7346.35,7350.65,7346.52,7368.39,7399.73,7419.95,7473.12,7412.82,7378.47,7281.89,7224.55,7290.44,7236.77,7203.18,7164.53,7116.57,7066.61,7118.45,7148.13,7156.58,7199.41,7214.61,7211.42,7250.22,7250.46,7224.55,7305.75,7383.64,7469.42,7544.85,7508.99,7581.02,7547.47,7575.55,7539.47,7567.22,7613.32,7695.01,7685.99,7731.42,7734.1,7766.34,7811.17,7774.68,7731.3,7688.69,7651.66,7707.16,7765.47,7824.41,7775.59,7808.5,7764.06,7802.59,7759.1,7770.08,7817.1,7773.95,7776.96,7779.98,7780.64,7769.48,7863.2,7863.47,7969.32,8066.26,8127.34,8194.86,8203.08,8246.45,8211.32,8274.01,8258.11,8227.85,8200.66,8261.58,8237.85,8277.44,8239.9,8307.94,8271.64,8317.61,8310.45
7823.64,7883.33,7956.55,8028.44,8098.87,8167.95,8235.72,8146.27,8046.95,8109.3,8021.66,7993.12,7904.62,7870.68,7901.87,7835.99,7775.99,7735.03,7705.5,7747.07,7627.58,7655.63,7674.92,7662.05,7642.49,7637.49,7587.46,7567.91,7543.65,7498.47,7464.27,7554.76,7512.07,7572.43,7519.32,7572.69,7612.39,7530.41,7631.93,7657.19,7608.21,7689.12,7656.92,7715.45,7658.41,7566.36,7525.44,7666.77,7682.97,7716.36,7713.25,7793.74,7839.58,7805.79,7878.14,7828.4,7718.58,7675.22,7630.88,7668.81,7724.24,7681.48,7664.91,7656.54,7611.56,7661.29,7694.3,7728.58,7766.91,7721.62,7681.08,7824.72,7755.43,7741.9,7793.89,7900.97,7987.33,7983.38,7955.17,8043.77,8046.7,8013.86,7972.48,7967.75,7940.96,7906.7,7978.23,7892.4,7846.23,7896.58,7956.09,7931.19,7974.5,8034.29,8056.46,8096.9,8057.82,8020.04,7986.24,8011.84
7688.19,7647.28,7635.05,7670.71,7695.99,7750.13,7852.34,7953.08,8052.1,8149.04,8117.81,8099.36,8122.91,8162.36,7980.88,8011.72,8028.45,8011.58,7983.47,8013.73,8017.75,7957.74,7885.56,7903.12,7934.5,7898.04,7809.01,7753.61,7702.98,7743.32,7804.06,7771.08,7776.77,7732.79,7675.09,7724.06,7834.41,7809.9,7863.01,8006.8,7970.23,8120.71,8072.82,8231.83,8291.45,8344.02,8310.24,8272.66,8346.78,8390.2,8455.25,8473.98,8430.87,8397.13,8358.26,8306.52,8256.29,8285.95,8252.21,8206.5,8163.27,8120.57,8081.65,8032.84,7914.48,7878.21,7841.98,7795.92,7784.56,7763.79,7895.64,7865.66,7819.89,7830.99,7811.59,7894.95,7957.45,8016.97,8080.14,8039.68,8107.68,8075.85,8147.29,8161.47,8146.95,8205.51,8190.01,8239.03,8208.25,8172.61,8229.94,8273.79,8307.14,8337.42,8296.78,8255.87,8217.16,8191.86,8256.12,8233.41
7758.83,7743.02,7729.26,7696.82,7664.52,7640.9,7573.28,7549.72,7501.44,7498.68,7527.48,7533.08,7540.45,7543.56,7468.38,7490.91,7420.39,7393.01,7434.21,7428,7366.13,7296.76,7391.23,7472.94,7461.79,7416.06,7395.54,7310.63,7260.67,7235.74,7243.66,7190.71,7248.74,7323.53,7270.03,7283.05,7400.58,7347.44,7417.2,7455.33,7498.83,7448.43,7401.23,7442.15,7398.68,7329.66,7290.45,7262.54,7233.03,7206.02,7262.08,7321.02,7320.9,7300.14,7274.65,7230.74,7273.1,7314.86,7271.85,7229.75,7197.06,7314.53,7350.94,7473.56,7454.57,7494.83,7594.61,7625.68,7723.14,7799.61,7889.01,7851.71,7859.69,7770.16,7811.39,7814.63,7775.49,7719.76,7760.19,7864.72,7989.74,7974.25,8032.89,7997.33,8002.99,8055.6,8039.98,8023.17,7923.19,7883.68,7960.63,7932.96,7977.52,8006,8012.8,7972.02,8011.48,7997.23,8015.41,7986.72
7840.64,7820.53,7817.2,7806.98,7798.42,7787.84,7784.32,7774.27,7761.26,7748.19,7701.39,7651.23,7688.42,7633.29,7566.98,7691.76,7783.33,7814.51,7763.86,7706.8,7648.42,7777.7,7937.65,7895.95,7820.99,7798.45,7830.28,7777.5,7729.26,7692.07,7638.36,7594.43,7726.38,7702.09,7670.83,7647.67,7628.49,7716.64,7624.23,7569.62,7515.37,7473.56,7528.35,7479.33,7575.74,7551.49,7584.79,7623.21,7587.96,7631.37,7689.17,7786.26,7789.81,7769.79,7742.55,7732.42,7769.26,7729.91,7680.42,7635.43,7595.21,7562.38,7599.4,7756.21,7732.11,7694.47,7672.8,7657.13,7745.61,7744.69,7735.46,7771.6,7818.86,7795.66,7771.04,7828.75,7820.04,7800.41,7770.37,7838.67,7830.48,7805.58,7878.68,7915.8,7878.4,7842.5,7813.6,7838.85,7888.91,7870.2,7824.97,7882.1,7922.12,7984.4,7949.99,7934.85,7919,7944.33,7977.93,7944.56
7724.72,7629.05,7527.21,7441.8,7362.19,7277.55,7197.84,7121.86,7043.87,6966.32,7036.59,6952.6,6961.55,6917.86,6858.57,6803.49,6831.87,6753.15,6752.25,6682.66,6660.28,6593.35,6666.96,6623.53,6593.82,6647.53,6606.16,6558.53,6522.34,6599.78,6787.31,6749.83,6814.44,6826.46,6800.53,6760.11,6717.87,6700.95,6675.66,6636.66,6709.92,6747.77,6789.97,6828.63,6830.77,6873,6869.31,6857.95,6923.39,6970.79,6953.71,6921.92,6888.14,6952.89,6996.75,6990.29,7046.36,7066.84,7116.07,7273.78,7329.82,7412.56,7378.44,7477.65,7491.89,7476.5,7523.16,7577.22,7538.7,7574.79,7649.92,7545.6,7566.56,7688.96,7749.73,7749.47,7764.28,7727.26,7690.76,7724.71,7696.07,7666.04,7636.47,7694.07,7688.16,7582.78,7547.47,7509.47,7468.95,7576.8,7633.11,7731.66,7787.27,7771.5,7802.48,7769.75,7734.13,7695.57,7735.49,7707.02
7841.09,7794.53,7671.26,7624.97,7573.69,7540.4,7530.2,7520.18,7510.58,7500.94,7420.26,7353.14,7364.95,7434.46,7407.06,7334.41,7448.38,7270.06,7274.53,7223.21,7236.09,7218.47,7209.88,7255.82,7231.37,7186.84,7226.41,7266.02,7310.62,7265,7270.83,7237,7203.39,7242.78,7196.43,7147.23,7087.02,7148.25,7174.35,7123.83,7184.46,7174.1,7154.21,7121.89,7188.84,7226.9,7148.76,7101.82,7191.28,7378.82,7364.9,7340.83,7445.33,7506.89,7390.81,7542.44,7599.93,7672.96,7630.08,7588.57,7558.44,7638.8,7597.07,7566.41,7635.71,7592.74,7547.54,7601.97,7562.71,7528.55,7475.16,7452.78,7412.51,7475.71,7434.53,7423.99,7404.89,7467.76,7599.37,7568.83,7552.46,7532.16,7570.67,7530.07,7490.11,7453.3,7529.04,7506.04,7508.23,7553.36,7650.31,7649.8,7707.55,7680.86,7652.76,7628.1,7638.75,7640.72,7636.15,7605.5
7740.28,7741.43,7778.88,7739.69,7754.82,7803.36,7757.09,7696.41,7626.27,7557.19,7560.4,7450.73,7560.92,7506.61,7460.26,7405.36,7401.25,7356.41,7303.86,7454.61,7337.84,7380.49,7236.76,7447.62,7433.52,7414.25,7387.3,7358.92,7320.46,7361.77,7454.86,7507.92,7583.33,7563.46,7567.09,7526.43,7478.79,7445.88,7490.89,7546.15,7493.77,7556.33,7612.77,7590.8,7572.47,7619.38,7571.02,7449.9,7416.51,7371.84,7262.3,7341.91,7297.03,7386.81,7302.29,7429.48,7513.59,7412.88,7372.29,7333.11,7296.48,7265.84,7233.37,7195.56,7228.06,7191.04,7165.04,7205.2,7168.61,7273.71,7327.75,7296.87,7257.26,7220.31,7185.48,7151.6,7210.11,7190.98,7183.43,7169.41,7158.09,7143.42,7211.88,7251.47,7174.76,7213.04,7188.23,7181.91,7160.5,7292.44,7265.36,7251.17,7339.16,7313.01,7381.9,7429.34,7395.71,7380.5,7363.6,7342.76
7793.22,7765.43,7738.85,7713.19,7713.91,7690.73,7673.99,7649.33,7631.21,7610.95,7518.05,7514.25,7561.79,7577.47,7455.59,7409.34,7340.26,7326.7,7339.36,7362.65,7388.24,7264.1,7209.39,7311.7,7330.06,7274.19,7336.45,7296.57,7250.55,7218.46,7303.67,7263.7,7256.66,7332.24,7297.03,7245.09,7329.26,7369.27,7416.95,7397.61,7485.71,7663.3,7637.47,7624.3,7610.72,7641.62,7735.2,7791.61,7739.4,7793.96,7812.31,7783.35,7779.73,7875.92,7852.02,7809.92,7898.08,8028.46,8012.72,7996.28,7973.18,8059.57,8137.25,8264.28,8234.19,8319.39,8380.91,8313.03,8302.17,8204.21,8168.58,8130.22,8187.88,8247.36,8319.86,8289.83,8254.63,8230.85,8301.9,8269.84,8322.9,8284.64,8356.56,8330.11,8289.71,8246.84,8201.13,8237.36,8131.71,8089.22,8141.61,8102.47,8078.91,8046.29,8071.57,8045.87,8026.87,8016.44,8065.97,8036.75
7778.37,7720.27,7659.36,7614.56,7579.08,7520.95,7445.85,7358.48,7402.73,7397.4,7343.08,7320.38,7184.45,7171.03,7152.34,7114.29,7069.84,7163.83,7216.59,7208.58,7166.68,7141.57,7085.98,7058.47,7093.81,6975.27,6936.84,7022.47,7052.73,7099.17,7182.19,7130.12,7130.24,7220.54,7259.62,7240.3,7249.96,7262.4,7253.19,7369.76,7343.58,7471.26,7509.82,7469.6,7474.23,7469.98,7419.58,7373.56,7504.37,7571.57,7594.7,7562.69,7550.21,7515.29,7566.14,7596.27,7559.85,7574.66,7577.7,7620.22,7593.72,7626.39,7579.65,7628.35,7537.02,7494.03,7450.05,7408.96,7480.44,7495.65,7529.23,7594.58,7615.31,7577.38,7604.42,7562.09,7535.76,7569.78,7528.62,7538.43,7504.05,7557.37,7601.98,7660.46,7631.19,7599.19,7622.21,7590.94,7578.31,7542.63,7588.8,7560.42,7541.34,7506.52,7524.32,7587.22,7620.82,7591.93,7621.13,7692.12
7717.48,7698.2,7619.11,7540.96,7466.03,7399.94,7327.18,7257.25,7223.27,7259.43,7215.76,7170.84,7096.15,7166.05,7239.61,7165.18,7172.74,7137.57,7105.26,7072.4,7009.38,6985.6,7007.29,6960,6909.5,6856.48,6900.73,6874.44,6825.34,6860.4,6811.18,6737.69,6794.09,6916.1,6914.87,6974.55,7016.97,7075.33,7101.01,7162.28,7190.07,7162.46,7144.59,7107.99,7153.06,7124.73,7195.46,7168.54,7189.81,7241.83,7208.29,7263.71,7214.03,7261.81,7315.77,7268.57,7221.98,7175.98,7130.56,7085.71,7178.02,7220.78,7218.6,7180.16,7221.49,7214.39,7192.26,7245.7,7164.71,7214.94,7214.58,7187.75,7183.64,7211.47,7247.84,7299.64,7296.05,7313.47,7293.46,7325.42,7293.27,7320.92,7334.18,7295.23,7256.94,7247.87,7291.34,7283.48,7246.31,7218.52,7180.53,7202,7185.26,7173.97,7196.51,7230.6,7231.05,7212.88,7290.59,7339.93
7814.65,7837.5,7896.31,7810.25,7752.66,7776.84,7794.71,7817.83,7840.53,7862.81,7747.98,7603.82,7696.73,7686.89,7670.19,7610.86,7625.8,7543.99,7574.21,7513.28,7453.23,7552.51,7608.51,7551.76,7492.13,7553.1,7645.3,7599.75,7616.74,7565.45,7514.44,7544.38,7564.66,7589.05,7533.85,7559.85,7514.34,7470.44,7444.53,7395.65,7478.71,7445.51,7410.83,7396.95,7487.1,7457.26,7627.93,7731.8,7861.87,7836.27,7865.15,7866.96,7908.27,7959.84,8007.43,8051.75,8114.98,8065.28,8074.47,8039.78,7993.64,7944.22,7901.95,7960.03,8174.68,8188.74,8152.13,8165.01,8138.23,8103.1,8103.76,8314.02,8304.12,8287.31,8384.61,8342.79,8416.4,8397.3,8429.77,8324.22,8368.63,8326.38,8368.47,8400.15,8440.03,8474.02,8434.29,8461.49,8420.01,8446.75,8408.57,8502.22,8469.94,8428.11,8390.96,8348.42,8309.75,8222.36,8283.29,8242.37
7804.61,7735.9,7703.69,7697.11,7657.48,7664.49,7731.41,7904.24,8073.88,8235.57,8098.41,8034.18,7969.93,7877.78,7820.23,7761.24,7755.37,7757.93,7856.13,7849.7,7789.27,7886.96,7801.6,7718.58,7659.07,7719.24,7777.36,7734.17,7751.42,7687.57,7679.34,7753.22,7789.46,7753.28,7723.76,7743.41,7745.27,7859.5,7883.03,7879.97,7922.54,7933.83,7880.32,7854.07,7909.57,7885.9,7842.71,7797.86,7807.91,7820.69,7849.23,7901.55,7869.78,7905.38,7911.27,7788.7,7799.5,7764.08,7833.94,7847.93,7862.24,7904.98,7954.36,7941.54,8005.87,8060.4,8126.33,8102.7,8097.01,8105.82,8116.55,8124.4,8103.66,8114.95,8172.21,8140.28,8216.34,8164.76,8148.57,8232.66,8206.97,8231.63,8187.03,8217.83,8180.64,8145.4,8106.64,8064.64,8115.71,8213.23,8180.26,8140.92,8101.82,8009.81,8022.69,7996.65,7966.14,7928.51,7895.13,7891.64
7873.01,7899.22,7829.9,7731.8,7727.19,7740.62,7718.76,7692.27,7659.08,7654.64,7629.78,7786.31,7779.74,7841.16,7792.25,7794.85,7713.79,7705.13,7704.04,7802.1,7753.18,7846.98,7882.51,7711.44,7685.97,7635.3,7587.44,7631.1,7552.3,7550.3,7521.05,7482.87,7629.54,7593.37,7622.22,7553.9,7527.06,7464.5,7303.75,7237.39,7239.54,7202.21,7256.48,7181.45,7193.29,7260.95,7317.68,7338.75,7423.48,7585.47,7571.41,7566.8,7454.84,7414.66,7530.53,7487.47,7559.98,7611.18,7576.36,7543.2,7514.82,7579.21,7589.68,7639.69,7679.79,7724.29,7751.57,7765.59,7722.34,7747.08,7737.25,7701.69,7669.44,7705.47,7674.19,7708.05,7666.03,7637.66,7683.06,7646.26,7623.16,7600.36,7655.58,7724.25,7762.14,7744.14,7689.96,7661.49,7697.02,7662.86,7658.04,7625.13,7612.06,7658.63,7752.75,7816.43,7888.26,7850.32,7816.86,7783.56
7874.25,7832.02,7845.89,7893.72,7940.56,7986.46,8031.49,8075.77,8119.14,8161.72,8020.86,7926.63,7744.31,7725.56,7855.81,7827.59,7760.93,7692.18,7643.97,7566.26,7562.01,7524.2,7523.68,7460.28,7418.62,7411.34,7403.38,7345.61,7364.65,7402.22,7420.54,7376.13,7337.91,7298.72,7317.33,7310.07,7344.17,7274.9,7348.95,7295.85,7247.49,7311,7370.49,7390.63,7384.03,7445.15,7442.53,7455.31,7475.03,7432.59,7434.68,7523.05,7501.5,7585.58,7543.89,7521.47,7539.58,7517.73,7567.39,7607.99,7652.25,7696.47,7762.98,7726.58,7711.16,7680.14,7651.63,7653.62,7715.26,7680.35,7769.61,7725.68,7701.36,7666.15,7783.89,7822.85,7790.22,7855.38,7929.73,7887.03,7855.29,7839.16,7917.91,7903.19,7944.36,7904.61,7930.76,7939.92,7935.58,7900.95,7837.26,7879.18,7901.26,7862.05,7826.99,7804.97,7766.53,7730.69,7703.57,7673.41
7858,7921.82,7946.69,7930.83,7897.34,7888.58,7881.42,7837.55,7796.97,7778.41,7707.23,7571.1,7597.23,7527.36,7568.92,7535.53,7496.46,7517.53,7442.59,7417.36,7458.97,7475.12,7557,7597.07,7640.68,7581.65,7535.04,7500.25,7455.63,7517.59,7601.55,7685.9,7653.66,7645.28,7647.58,7608.11,7557.65,7501.81,7450.76,7508.96,7561.48,7623.22,7575.87,7594.5,7534.23,7483.65,7573.61,7627.62,7673.31,7819.64,7778.37,7937.81,7937.01,8023.12,8023.51,8015.82,8082.28,8043.15,8088.81,8135.74,8093.35,8049.74,8013.19,8042.84,8096.64,8147.58,8204.78,8301.17,8386.56,8384.86,8405.08,8427.59,8531.55,8537.89,8497.6,8466.17,8539.72,8535.53,8527.88,8584.55,8547.81,8539.86,8623.28,8689.54,8760.96,8835,8723.39,8777.97,8743.88,8709.48,8690.67,8707.68,8683.35,8750.15,8646.2,8602.82,8559.45,8519.05,8487.49,8536.98
7793.02,7773.54,7753.34,7730.99,7620.85,7515.37,7446.45,7534.09,7608.38,7618.69,7673.03,7576.52,7514.12,7422.24,7327.66,7263.09,7247.91,7099.38,7117.6,7175.66,7118.87,7194,7319.02,7313.13,7174.95,7275.3,7205.36,7157.07,7141.38,7166.11,7197.94,7224.29,7256.62,7199.4,7226.78,7182.68,7213.36,7171.16,7128.34,7089.48,7056.28,6992.05,7051.12,7038.96,7081.27,7048.6,7110.36,7072.19,7099.25,7091.1,7075.23,7079.1,7144.62,7133.72,7104.42,7082.44,7060.19,7183.94,7184.98,7144.08,7108.26,7070.94,7113.36,7053.67,7114.15,7022.04,7089.55,7177.78,7119.74,7090.27,7117.24,7087.25,7118.35,7077.17,7038.19,7067.97,7094.58,7060.18,7029.43,7041.05,7006,6970.06,7018.66,7069.83,7088.41,7051.25,7171.53,7217.01,7182.62,7118.72,7154.49,7117.93,7163.62,7129.82,7093.02,7060.83,7125.88,7135.47,7183.16,7161.37
7840.3,7903.59,7971.1,8063.91,8168.75,8226.6,8274.54,8349.23,8418.72,8486.5,8382.45,8381.61,8297.24,8278.66,8171.7,8069.11,7975.82,7945.96,7941.4,7936.43,7984.89,7926.37,7962.47,7952.65,7949.41,7939.67,7885.17,7850.4,7826.69,7811.25,7762.83,7647.54,7603.91,7554.08,7518.87,7502.18,7464.03,7514.6,7499.63,7554.56,7543.96,7656,7639.1,7699.88,7758.09,7718.48,7674.35,7627.24,7692.92,7646.33,7771.82,7812.07,7903.8,7872.57,7800.96,7758.71,7923.34,7951.43,7979.02,7952.64,8015.45,8065.08,8114.27,8082.76,8063.18,8031.13,7969.99,8007.26,8042.16,7997.77,7953.82,7922.38,7958.54,7912.61,7876.33,7858.79,7890.14,7855.24,7892.66,7861.89,7904.8,8022.26,8077.73,8170.29,8140.32,8114.06,8178.27,8146.71,8114.65,8071.05,8051.19,8136.86,8108.67,8024.69,7984.84,7949.91,8035.53,7977.91,8017.5,8106.33
7816.92,7781.13,7703.54,7642.25,7588.65,7555.31,7509.43,7435.37,7429.78,7394.97,7319.56,7245.83,7181.13,7155.24,7124.08,7115.07,7062.46,7105.89,7091.57,7053.35,7106.77,7069.68,7088.07,7034.52,7105.05,7059.05,7041.31,7098.17,7083.07,7037.37,7140.18,7139.37,7188.21,7168.28,7105.01,7296.74,7275.18,7255.47,7209.54,7265.97,7241.01,7322.59,7233.76,7353.02,7405.29,7470.51,7452.63,7430.66,7551.26,7510.45,7463.91,7431.67,7384.45,7345.48,7320.52,7294.05,7358.7,7433.26,7470.28,7501.33,7457.62,7426.34,7387.58,7394.88,7401.43,7423.43,7387.34,7417.05,7420.97,7489.23,7505.76,7469.02,7500.81,7510.26,7481.27,7453.34,7507.34,7496.94,7525.23,7522.1,7523.72,7622.17,7584.04,7677.39,7657.25,7714.63,7688.12,7727.58,7690.33,7648.2,7697.43,7684.67,7732.9,7761.62,7711.19,7721.77,7777.26,7821.98,7808.99,7859.03
7738.62,7700.83,7718.84,7723.4,7692.2,7623.04,7579.82,7700.43,7780.36,7718.52,7673.2,7660.63,7598.14,7617.72,7593.21,7687.85,7622.92,7612.86,7605.14,7633.9,7573.86,7498.3,7471.69,7582.56,7537.05,7512.87,7412.67,7367.49,7319.86,7321.14,7385.42,7421.68,7392.8,7458.95,7405.2,7384.47,7352.88,7436.18,7517.22,7490.23,7552.14,7410.67,7482.27,7605.22,7620.86,7583.31,7690.13,7653.74,7618.82,7586.34,7534.37,7503.65,7636.42,7620.28,7657.26,7642.98,7601.23,7559.58,7513.35,7471.09,7430.18,7384.51,7446.91,7417.54,7384.22,7409.44,7435.22,7493.76,7472.22,7526.92,7523.04,7499.19,7514.29,7559.27,7517.93,7480.6,7542.5,7610.45,7579.49,7543.28,7507.05,7556.78,7524.97,7507.71,7497.37,7607.56,7642.6,7550.35,7610.53,7603.17,7624.42,7681.05,7725.97,7711.98,7682.07,7687.72,7741.73,7724.42,7771.3,7740.7
7845.97,7842.21,7841.61,7821.36,7793.45,7764.7,7725.17,7702.38,7693.87,7688.48,7616.36,7548.45,7499.86,7500.57,7470.61,7453.53,7470.56,7391.59,7460.44,7480.71,7557.38,7549.21,7495.88,7495.37,7443.58,7289.33,7186.28,7226.22,7293.39,7350.83,7392.52,7363.51,7418.79,7491.05,7571.99,7542.58,7520.51,7477.98,7657.87,7692.55,7673.13,7654.87,7684.78,7639.16,7703.83,7828.35,7807.49,7768.6,7753.49,7710.22,7688.13,7653.72,7605.5,7564.91,7623.76,7660.06,7695.44,7649.15,7604.57,7650.22,7603.63,7657.11,7620.1,7733.1,7696.5,7747.41,7742.56,7641.64,7653.87,7633.69,7663.61,7743.78,7831.08,7803.59,7694.78,7758.41,7825.86,7907.33,7817.6,7800.29,7988.06,7961.54,7932.16,7891.77,7852.84,7994.5,7991.6,7978.99,7958.45,7929.23,7887.97,7849.56,7892.39,7856.17,7818.29,7787.59,7763.66,7807.81,7878.69,7919.16
7815.94,7821.72,7829.24,7848.36,7867.38,7883.81,7900.92,7862.4,7820.68,7780.5,7683,7612.76,7558.38,7565.39,7553.17,7512.46,7565.86,7555.86,7524.98,7403.15,7328.71,7292.73,7398.08,7360.56,7405.29,7428.48,7436.09,7466.75,7440.83,7392.65,7438.21,7599.92,7768.84,7721.63,7805.02,7852.19,7798.94,7944.25,7904.45,7934.16,7893.01,7861.14,7898.95,7862.53,7822.84,7899.66,7874.39,7878.72,7902.06,7863.69,7882.89,7877.34,7929.66,7916.49,7997.69,8079.67,8114.54,8064.27,8013.72,7953.82,7994.78,7966.2,8040.06,8054.45,8034.76,8191.21,8233,8184.71,8145.63,8101.45,8056.03,8105.5,8254.25,8244.32,8320.42,8388.39,8341.62,8320,8370.89,8360,8320.01,8302.45,8334.73,8413.51,8388.51,8343.66,8305.05,8262.11,8296.19,8357.57,8389.8,8358.79,8390.77,8420.28,8455.77,8427.01,8448.84,8407.08,8416.63,8370.31
7783.71,7727.53,7712.13,7674.2,7675.07,7699.87,7661.55,7688.47,7723.65,7758.19,7686.52,7760.47,7703.45,7834.61,7849.69,7828.58,7868.1,7786.02,7823.69,7759.43,7694.51,7591.76,7635.06,7575.98,7617.77,7579.89,7535.82,7460.73,7329.07,7281.73,7226.77,7260.13,7307.25,7259.99,7224.23,7238.49,7320.91,7302.11,7355.31,7333.53,7302.75,7391.56,7437.24,7415.98,7382.57,7370.8,7359.58,7393.69,7397.53,7405.31,7482.91,7611.32,7683.45,7786.63,7761.08,7826.3,7798.11,7878.66,7853.08,7833.62,7906.48,7860.74,7964.88,7941.28,7899.31,7854.43,7882.4,7846.3,7908.09,7881.75,7927.18,7983.86,8049.68,8062.25,8046.74,8015.09,8095.5,8080,8042.3,8093.84,8079.19,8067.11,7976.76,7937.13,7978.71,7944.15,8012.02,8062.84,8029.88,8124.24,8086.77,8049.15,8020.98,8003.41,8062.36,8037.51,8007.48,7968.11,8004.56,7902.56
7767.9,7799.26,7807.02,7779.35,7775.3,7692.26,7607.12,7522.77,7443.18,7501.34,7462.25,7498.29,7467.48,7484.66,7533.77,7486.23,7492.2,7456.62,7369.78,7315.05,7244.8,7216.6,7210.01,7235.77,7294.06,7181.96,7232.99,7193.09,7245.1,7302.05,7243.82,7298.52,7335.11,7344.12,7436.63,7491.54,7479.17,7555.16,7501.97,7494.62,7487.62,7447.31,7400.56,7458.01,7540.84,7512,7493.86,7454.47,7421.98,7329.19,7268.91,7346,7387.74,7365.87,7331.82,7359.62,7330.24,7479.63,7553.88,7588.22,7565.06,7598.98,7564.53,7618.85,7582.65,7543.25,7628.71,7615.08,7707.79,7787.69,7766.67,7685.73,7728.6,7690.92,7625.72,7584.38,7549.28,7586.98,7545.44,7586.14,7644.93,7615.88,7577.21,7543.55,7574.27,7546.05,7606.38,7603.5,7639.9,7619.79,7681.68,7712.55,7794.79,7724.19,7692.89,7656.24,7735.17,7712.51,7756.91,7817.6
7801.09,7748.95,7721.29,7690.11,7656.13,7625.22,7588.7,7555.2,7538.94,7509.97,7433.95,7351.74,7355.5,7276.01,7236.15,7211.58,7165.9,7112.28,7113.04,7064.49,7036.39,7093.87,7122.16,7055.64,7040.93,7119.18,7072.82,7054.24,7037.25,7099.94,7162.01,7214.84,7161.32,7198.7,7190.13,7304.47,7259.38,7400.23,7304.7,7242.03,7287.16,7265.41,7205.89,7083.17,7125.41,7078.88,7108.28,7099.48,7109.83,7172.65,7142.19,7166.24,7212.02,7175.74,7140.55,7216.09,7271.8,7258.89,7295.9,7381.93,7370.93,7372.69,7274.91,7222.7,7215.63,7283.17,7390.34,7363.92,7438.33,7415.68,7531.42,7502.45,7531.84,7581.88,7613.48,7582.64,7558.51,7593.18,7557.06,7524.05,7560.74,7522.36,7547.03,7508.1,7528.34,7515.95,7582.53,7572.76,7594.78,7634.34,7656.22,7649.17,7623.76,7586.48,7560.21,7524.66,7585.14,7564.41,7536.06,7543.04
7818.95,7768.96,7762.1,7735.41,7709.8,7684.67,7660.2,7636.63,7612.41,7590.17,7570.61,7482.18,7452.9,7326.08,7284.14,7323.13,7287.95,7288.17,7217.54,7162.56,7176.57,7128.3,7151.42,7168.69,7124.17,7086.17,7121.73,7075.83,7173.85,7119.18,7108.75,7182.38,7129.83,7234.19,7232.2,7334.91,7294.48,7286.62,7260.83,7346.58,7308.21,7284.75,7422.89,7519.48,7622.2,7749.21,7762.47,7715.2,7788.69,7826.99,7779.65,7883.59,7817.17,7837.44,7806.87,7868.28,7894.34,7866.76,7767.82,7720.29,7835.39,7800.18,7691.34,7688.96,7725.18,7772.39,7732.81,7687.77,7645.43,7605.74,7677.8,7733.79,7693.36,7648.36,7606.37,7589.22,7615.37,7519.1,7563.04,7567.44,7625.28,7604.62,7658.53,7670.57,7715.4,7683.09,7696.3,7669.95,7714.35,7694.64,7722.26,7769.26,7672.16,7635.73,7638.74,7708.44,7718.21,7774.25,7833,7910.01
7778.22,7725.51,7677.77,7630.25,7583.28,7507.74,7414.58,7331.97,7260.98,7256.76,7203.3,7216.61,7212.21,7186.95,7143.87,7154.02,7107.61,7106.79,7139.56,7177.65,7150.26,7092.48,7036.75,7091.97,7107.18,7073.24,7025.92,6975.82,7052.46,7018,7076.36,7120.02,7124.66,7135.16,7048.3,6997.33,7171.23,7220.84,7247.38,7250.6,7274.93,7276.42,7255.04,7262.41,7253.96,7302.19,7346.42,7305.4,7207.62,7245.36,7304,7272.54,7318.72,7278.55,7341.77,7335,7337.69,7339,7241.37,7328.42,7324.54,7429.78,7449.19,7475.19,7436.59,7424.7,7413.07,7455.78,7432.57,7476.08,7533.12,7491.08,7451.29,7516.38,7498.96,7577.97,7565.64,7572.12,7730.14,7704.9,7770.63,7735.87,7795.93,7846.22,7730.37,7763.36,7719.6,7762.08,7773.19,7818.47,7793.56,7791.64,7793.57,7823,7845.2,7892.9,7860.46,7902.92,7950.99,7939.99
7826.05,7847.3,7815.46,7856.58,7852.79,7852.3,7854.67,7863.13,7870.95,7873.24,7816.16,7806.56,7704.72,7701.46,7702.22,7661.69,7636.56,7610.55,7585.12,7628.18,7635.74,7549.71,7429.93,7463.99,7431.52,7396.2,7352.29,7296.67,7323.85,7271.49,7247.55,7200.38,7245.89,7193.53,7194.51,7300.28,7264.5,7348.12,7313.7,7421.64,7481.77,7550.82,7534.58,7493,7445.66,7506.29,7560.75,7516.57,7653.79,7708.5,7761.05,7671.04,7654.11,7717.39,7753.73,7759.67,7745.31,7709.5,7672.53,7631.7,7698.18,7732.82,7702.6,7753.61,7708.06,7748.21,7703.8,7761.45,7672.14,7745.89,7753.6,7719.89,7784.78,7822.54,7791.44,7777.91,7742.86,7709.35,7761.24,7833.97,7839.23,7820.28,7885.46,7845.57,7808.92,7844.21,7872.39,7842.19,7802.95,7764.72,7775.86,7781.77,7778.49,7743.45,7738.21,7776.74,7831.25,7796.34,7758.83,7723.08
7792.64,7730.72,7779.63,7810.24,7792.27,7786.05,7774.33,7761.06,7812.39,7774.1,7758.45,7572.74,7516.73,7571.84,7579.42,7513.49,7532.81,7528.99,7552.74,7493.72,7456.81,7515.43,7470.07,7535.21,7586.31,7527.79,7479.16,7473.58,7413.93,7381.56,7400.78,7467.15,7425.83,7470.01,7416.97,7356.82,7460.09,7452.77,7441.81,7453.96,7580.27,7716.84,7668.97,7715.67,7776.78,7727.63,7676.51,7668.06,7655.86,7666.25,7637.81,7615.02,7693.54,7747.55,7708.75,7670.52,7717.06,7688.84,7661.55,7631.9,7672.38,7734.65,7704.15,7679.86,7685.62,7696.27,7786.53,7824.94,7875.46,7920.44,7973.4,7943.65,7925.03,8007.66,8057.9,8069.52,8186.77,8239.66,8304.17,8292.04,8256.02,8287.07,8254.22,8306.82,8311.52,8306.78,8277.9,8343.86,8368.53,8334.6,8426.49,8394.25,8317.11,8410.36,8401.47,8378.47,8351.51,8327.71,8306.48,8271.37
7849.17,7852.03,7714.47,7590.79,7488.2,7387.58,7288.85,7206.4,7303.82,7431.09,7435.23,7503.84,7566.96,7524.51,7467.33,7556.75,7560.05,7487.82,7422.95,7371.15,7448.48,7463.02,7415.92,7527.88,7430.21,7411.53,7364.62,7362.52,7401.03,7428.5,7467.21,7457.01,7544.28,7579.92,7524.99,7516.01,7458.65,7446.22,7516.68,7580.37,7563.78,7559.14,7511.62,7536.55,7516.42,7568.48,7518.88,7472.07,7547.46,7591.51,7639.39,7590.96,7626.36,7580.28,7651.37,7692.91,7726.19,7689.52,7737.06,7803.67,7854.21,7841.19,7886.78,7877.35,7877.1,7840.38,7805.92,7766.89,7733.85,7700.03,7668.15,7811.68,7796.39,7866.23,7835.74,7884.39,7841.72,7869.44,7833.2,7788.89,7751.88,7811.25,7768.48,7833.46,7901.09,7862.14,7895.76,7861.5,7920.72,7881.39,7851.04,7907.3,7869.04,7977.04,8046.98,8023.08,8009.47,8009.06,7972.33,8064.86
7837.37,7900.3,7945.39,7927.33,7979.63,8030.51,8081.05,8130.46,8178.94,8225.84,8201.79,8084.36,7995.29,8028.98,8166.67,8109.04,8027.66,8014.53,7946.61,7879.84,7895.85,7861.66,7811.45,7789.94,7734.68,7769.33,7838.47,7883.04,7818.32,7822.67,7816.24,7779.8,7812.2,7766.58,7710.72,7785.38,7731.16,7697.87,7726.48,7714.56,7684.12,7644.44,7682.98,7629.08,7664.53,7700.42,7654.43,7604.33,7718.39,7764.13,7719.31,7781.51,7752.12,7709.71,7803.19,7781.77,7785.67,7680.85,7779.15,7736.42,7693.07,7657.91,7739.44,7722.2,7684.45,7659.12,7627.34,7582.37,7558.87,7597.22,7564.43,7548.63,7505.96,7602.19,7594.21,7637.03,7598.92,7633.42,7606.3,7554.23,7521.66,7490.62,7455.28,7416.1,7497.74,7512.96,7472.86,7434.11,7434.77,7474.69,7545.83,7520.73,7483.27,7460.03,7594.62,7583.53,7654.51,7619.21,7583.23,7577.7
7746.39,7700.18,7756.74,7819.69,7791.58,7764.97,7738.61,7712.92,7687.62,7802.48,7663.63,7640.82,7479.59,7481.49,7430.14,7359.75,7294.01,7382.41,7321.51,7260.66,7273.24,7219.29,7296.7,7241.74,7181.58,7303.19,7305.54,7452.8,7538.04,7516.11,7591.06,7729.74,7672.79,7738.91,7702.49,7648.01,7593.43,7540.62,7483.64,7508.29,7478.82,7444.07,7499.89,7570.88,7614.84,7566.36,7635.96,7737.76,7696.02,7650.28,7687.1,7705.96,7710.96,7702.2,7708.49,7686.32,7729.13,7621.29,7573.66,7643.67,7603.59,7661.44,7593.37,7546.97,7507.65,7472.62,7512.97,7469.9,7434.23,7439.53,7460.22,7390.37,7479.28,7446.1,7426.41,7509.75,7494.07,7492.73,7448.41,7492.42,7640.99,7614.75,7598.89,7573.34,7624.61,7626.79,7602.02,7598.35,7683.71,7671.6,7716.85,7795.5,7784.31,7756.49,7741.17,7645.04,7596.76,7589.72,7552.25,7528.04
7772.37,7698.24,7623.94,7560.21,7487.69,7422.75,7355.92,7296.12,7239.67,7199.85,7093.23,7098.09,6949.38,6961.76,6991.85,6982.05,6948.6,6949.67,6824.88,6736.96,6722.58,6776.44,6785.1,6766.33,6784.73,6875.98,6813.46,6867.95,6905.44,6951.19,6910.7,6860.92,6807.94,6830.27,6782.4,6882.33,6839.12,6910.41,6905.04,6858.53,6918.65,6882.22,6840.89,6890.33,6918.87,6886.9,6921.36,6876.51,6927.66,6979.2,6944.03,6938.08,6974.68,6944.78,7054.41,7060.21,7137.27,7174.07,7266.18,7309.42,7360.53,7340.52,7334.99,7314.9,7272.92,7245.54,7342.45,7369.05,7440.7,7385.5,7483.54,7480.65,7532.81,7581.6,7539.99,7499.19,7405.37,7366.94,7341.2,7382.82,7398.85,7480.13,7533,7555.96,7633.42,7683.5,7646.73,7659.85,7710.74,7748.53,7708.63,7669.88,7748.8,7798.28,7807.79,7769.64,7847.99,7815.67,7855.83,7876.15
7803.97,7793.7,7736.05,7577.34,7514.79,7539.17,7564.89,7587.34,7608.77,7629.78,7560.81,7470.21,7407.78,7331.12,7211.72,7259.28,7262.93,7275.59,7217.14,7151.07,7121.58,7155.22,7237.13,7201.74,7251.47,7204.86,7198.4,7207.39,7188.85,7156.47,7234.72,7267.56,7295.21,7395.43,7357.11,7458.39,7480.89,7507.15,7464.54,7481.41,7572.43,7541.46,7602.59,7646.36,7602.98,7471.7,7437.07,7405.29,7504.77,7457.08,7418.23,7458.59,7420.61,7498.97,7480.22,7466.13,7430.56,7420.1,7405.58,7379.67,7475.99,7567.76,7657.83,7715.43,7692.83,7773.36,7857.16,7744.05,7707.82,7680.19,7732.96,7701.76,7664.89,7636.86,7690.34,7796.17,7778.76,7711.2,7762.84,7750.07,7743.02,7811.28,7891.59,7861.75,7822.28,7786.41,7757.35,7742.13,7686.82,7719.7,7779.88,7743.05,7778.65,7795.81,7684.69,7648.82,7678.3,7649.31,7691.71,7822.06
7884.48,7920.4,7904.83,7824.05,7750.28,7669.33,7602.97,7583.4,7564.18,7545.57,7456.97,7399.04,7431.97,7549.16,7505.19,7431.13,7368.69,7424.27,7447.66,7383.75,7327.1,7274.67,7216.1,7185.94,7130.36,7087.66,7099.9,7062.2,7052.95,7061.22,7007.69,7068.96,7150.34,7114.22,7173.19,7332.48,7426.38,7383.05,7429.49,7486.62,7450.04,7510.84,7552.34,7524.62,7564.93,7646.64,7603.51,7638.08,7596.22,7563.01,7518.09,7575.02,7539.55,7523.99,7561.23,7687.01,7766.07,7925.85,7980.32,8021.47,8053.78,8003.92,7956.68,7911,7960.17,7920.53,7898.63,7974,8031.11,8122.78,8080.81,8036.85,7996.63,7969.26,8035.62,8044.6,8066.76,8119.97,8151.03,8114.85,8083.59,8192.27,8244.87,8210.57,8169.24,8130.8,8094.75,8064.05,8084.54,8166.98,8241.09,8217.4,8109.42,8179.71,8186.48,8176.4,8230.83,8213.61,8259.1,8262.21
7725.98,7640.95,7545.29,7470.77,7393.04,7304.98,7197.6,7094.22,7059.14,7138.03,7143,7017.51,7077.16,7016.79,6945,6923.6,6898.46,6889.75,6902.61,6872.33,6896.27,6944.2,6824.5,6826.96,6887.06,6850.18,6854.11,6810.67,6835.34,6810.38,6905.36,7082.92,7092.74,7158.5,7185.74,7145.64,7124.57,7157.04,7200.25,7185.24,7175.27,7176.17,7251.99,7219.32,7270.87,7229.7,7200.61,7293.23,7361.81,7449.61,7401.48,7362.06,7327.3,7223.74,7284.63,7359.21,7324.26,7292.99,7259.66,7385.07,7365.78,7329.56,7306.28,7280.46,7261.05,7334.84,7315.54,7324.34,7382.33,7339.54,7323.47,7415.48,7504.48,7443.89,7502.24,7485.53,7543.79,7504.66,7464.14,7477.12,7550.57,7584.6,7518.95,7554.84,7537.69,7570.29,7532.99,7573.22,7594.46,7556.25,7545.52,7574.51,7588.62,7581.86,7603.76,7577.18,7543.85,7563.85,7578.63,7552.59
7794.55,7765.84,7668.14,7571.41,7522.14,7494.91,7444.54,7411.5,7406.89,7402.46,7315.64,7310.31,7312.28,7275.74,7260.02,7224.41,7177.29,7162.01,7189.81,7204.9,7163.45,7299.95,7292.91,7260.99,7156.87,7145.95,7202.73,7160.63,7224.03,7300.94,7349.11,7299.2,7370.91,7420.59,7473.16,7426.14,7376.26,7420.4,7372.8,7354.81,7310.72,7346.1,7428.56,7489.92,7503.56,7505.06,7494.17,7551.78,7554.48,7609.3,7593.79,7674.13,7749.9,7915.63,7953.4,8011.43,7976.35,8011.6,7999.98,7986.17,7980.48,7947.61,7915.68,7933.66,7942.89,8019.73,8002.22,8098.96,8082.47,8195.27,8254.47,8216.12,8244,8227.55,8214.26,8190.63,8180.92,8270.04,8257.08,8318.37,8272.76,8305.05,8260.18,8217.75,8181.6,8144.7,8171.02,8201.76,8231.18,8263.8,8307.45,8276.15,8306.63,8268.13,8228.78,8195.93,8161.3,8121.66,8078.87,8114.04
7753.99,7692.56,7619.48,7547.61,7475.07,7423.71,7432.83,7446.08,7439.49,7414.62,7439.63,7496.81,7564.73,7482.38,7457.93,7395.24,7443.57,7418.84,7364.67,7423.7,7425.62,7449.37,7481.37,7569.54,7641.17,7687.84,7767.15,7843.68,7893.86,7840.42,7805.32,7757.33,7713.17,7761.26,7708.03,7668.37,7724.49,7671.53,7629.86,7716.65,7664.52,7737.64,7803.6,7658.33,7708.69,7795.37,7766.13,7802.15,7766.37,7718.45,7727.3,7736.05,7848.62,7861.03,7908.84,8001,8049.45,8037.23,8004.43,8039.35,8037.9,8030.24,8042.85,7962.94,7850.08,7806.92,7771.63,7794.62,7788.18,7759.89,7788.63,7821.98,7788.53,7817.72,7844.25,7822.61,7786.84,7832.74,7807.67,7872.78,7914.18,7961.81,7997.07,8012.15,8013.1,7992.26,8015.96,8083.5,8105.24,8169.76,8266.22,8226.5,8256.35,8220.69,8195.63,8201.19,8199.35,8236.71,8212.82,8172.58
7750.02,7711.74,7678.56,7590.82,7502.88,7587.15,7542.83,7510.68,7476.9,7443.48,7458.31,7400.59,7400.49,7390.55,7384.72,7449.86,7444.25,7379.95,7381.89,7361.78,7310.43,7256.35,7168.49,7150.3,7130.36,7158.2,7097.43,7085.77,7160.23,7119.51,7102.22,7107.95,7181.94,7152.36,7134.67,7116.54,7094.37,7060.94,7052.36,7091.24,7202.52,7243.08,7236.58,7254.3,7212.08,7273.18,7233.8,7187.89,7360,7344.39,7294.84,7278.4,7363.43,7448.69,7534.14,7605.96,7579.79,7553.78,7507.73,7584.11,7542.19,7517.61,7679.17,7690.73,7780.81,7771.14,7846.64,7811.21,7860.16,7890.7,7858.53,7903.31,7896.7,7974.82,7951.42,8015.49,8063.2,8117.92,8100.2,8167.26,8236.87,8208.71,8259.61,8261.62,8229.4,8268.94,8292.16,8324.98,8329.94,8355.27,8312.37,8355.17,8314.36,8337.38,8330.68,8321.73,8282.34,8250.45,8156.27,8118.88
7834.46,7812.52,7815.95,7813.48,7807.35,7801.23,7828.67,7832.25,7835.87,7842.06,7860.54,7844.6,7848.13,7820.09,7770.32,7630.43,7550.5,7585.38,7618.72,7546.62,7690.4,7673.09,7732.99,7792.56,7851.88,7932.17,7890.67,7933.73,7866.03,7923.61,7983.58,7967.6,7989.59,7955.61,7922.64,7902.39,8031.98,8010.72,7969.31,7907.51,7874.04,7823.33,7779,7727.3,7787.79,7859.12,7820.44,7770.52,7725.17,7734.6,7698.07,7660.59,7614.24,7646.23,7599.84,7708.4,7774.44,7757.77,7810.75,7768.81,7729.31,7782.09,7813.78,7893.14,7845.18,7823.04,7866.94,7828.8,7838.26,7793.17,7842.13,7909.33,7790.92,7804.02,7847.07,7813.06,7886.02,7936.46,7914.95,7988.54,7945.96,7945.49,8063.21,8061.96,8045.93,8089.19,8129.76,8087.83,8117.91,8078.93,8121.47,8080.85,8126.81,8089.61,8109.88,8060.68,8094.06,8060.56,8022.25,7986.31
7772.3,7695.32,7621.34,7544.31,7468.71,7405.15,7338.95,7268.21,7226.48,7194.08,7153.9,7088.61,7019.57,7132.19,7163.77,7101.62,6976.34,7054.33,7086.55,7030.49,7067.59,7014.05,7053.44,7019.68,7031.53,6999.73,7006.22,7059.62,7008.7,6968.14,6928.89,6951.78,7012.64,7074.99,7040.5,7062.96,7211.19,7279.25,7237.29,7296.61,7334.41,7345.6,7393.73,7427.89,7305.74,7332.56,7362.83,7323.69,7276.66,7240.74,7278.19,7308.48,7215.13,7198.83,7266.72,7235.76,7236.95,7232.81,7227.64,7220.17,7247.05,7275.54,7231.64,7287.61,7375.63,7365.29,7354.61,7421.97,7469.14,7439.01,7477.07,7445.67,7533.41,7591.07,7687.02,7656.63,7640.31,7613.71,7684.06,7669.25,7675.83,7710.4,7712.01,7610.59,7523.84,7500.47,7468.87,7418.21,7391.17,7391.76,7419.9,7483.3,7538.82,7585.76,7497.16,7495.36,7531.06,7494.16,7567.76,7558.2
7747.58,7669.04,7616.12,7549.99,7477.37,7406.16,7336.33,7267.75,7232.2,7261.87,7185.99,7173.44,7138.58,7133.21,7117.69,7035.22,7032.94,6958.8,6931.48,6971.61,7051.67,7023.12,7011.82,7042.72,7002.93,6898.93,6837.19,6866.36,6782.3,6874.16,6914.18,6955.45,6923.46,6951.54,6902.16,6945.49,6971.26,6921.82,6974.35,6941.11,6982.77,6972.8,6971.96,7018.85,7125.39,7165.24,7230.96,7225.42,7205.28,7244.98,7214.44,7285.36,7291.95,7365.65,7418.49,7381.93,7348.91,7311.47,7374.15,7333.23,7400.61,7536.39,7434.87,7509.23,7575.62,7543.16,7508.32,7483.39,7585.19,7566.17,7540.69,7504.41,7468.57,7519.96,7494.43,7554.95,7629.33,7612.23,7629.68,7555.34,7533.16,7585.35,7576.15,7555.38,7596.47,7567.92,7595.55,7634.46,7665.13,7720.01,7681.8,7628.79,7643.67,7607.98,7662.61,7635.47,7633.35,7626.63,7656.75,7626.24
7751.64,7672.12,7637.73,7663.65,7730.41,7761.49,7815.86,7846.06,7866.9,7890.11,7855.77,7789.95,7694.72,7696.11,7914.15,7918.76,7992.39,8023.84,7948.46,7903.23,7937.1,7943.51,7904.07,7976.91,7918.5,7956.72,7889.9,7831.47,7868.39,7897.17,7847.74,7875.55,7919.52,7871.19,7848.64,7824.18,7764.7,7872.31,7862.3,7843.44,7801.02,7880.41,7878.46,7909.33,7864.39,7948.77,7911.33,7961.14,8082.08,8039.77,7997.99,8012.56,7966.63,7937.11,8007.61,7962.03,7923.79,7976.36,7930.62,7882.43,7961.64,7932.71,7977.46,7944.98,7979.76,7955.21,7997.37,7983.79,7905.38,7938.47,7951.95,8000.03,8030.63,8019.79,7975.11,7939.03,7914.13,7986.3,7961.75,7925.28,8011.96,8017.86,8053.95,8031.42,8069.19,8042.38,8044.82,8003.68,8045.79,8078.95,8041.55,8050.62,8020.83,7988.17,7947.21,7926.54,7893.41,7863.77,7916.92,7964.15
7922.57,7868.36,7727.64,7614.56,7504.08,7421.76,7500.78,7578.34,7654.5,7729.26,7702.51,7724.48,7741.07,7591.67,7600.59,7537.31,7504.11,7550.33,7473.63,7433.79,7433.59,7350.91,7396,7421.45,7418.25,7507.82,7461.52,7412.37,7431.45,7502.82,7562.02,7506.15,7543.43,7609.51,7596.64,7548.1,7507.78,7511.58,7478.33,7439.66,7491.84,7552.98,7611.82,7639.86,7641.09,7601.02,7561.1,7514.18,7465.51,7504.45,7551.24,7516.26,7491.93,7492.01,7552.53,7617.43,7667.25,7707.53,7692.16,7658.56,7843.14,7819,7775.08,7745.85,7741.84,7723.13,7693.36,7732.06,7806.87,7784.33,7861.53,7839.03,7811.03,7885.02,7859.78,7825.64,7788.37,7823.8,7725.42,7700.49,7672.42,7724.72,7700.93,7708.04,7748.39,7716.45,7785.41,7760.84,7774.65,7786.7,7774.59,7773.03,7881.03,7861.84,7925.25,7884.97,7848.8,7887.42,7849.31,7885.84
7873.4,7810.67,7706.47,7684.44,7661.58,7650.04,7631.57,7606.39,7616.57,7602.99,7511.39,7532.59,7489.83,7451.43,7482.45,7453.35,7428.88,7385.68,7406.98,7400.99,7356.13,7301.74,7351.43,7322.81,7375.2,7322.14,7257.9,7214.8,7255.54,7210.14,7245.34,7200.09,7154.95,7084.87,7123.68,7169.34,7121.78,7076,7031.83,6966.85,6936.62,6922.13,6985.07,6954.79,6957.62,6931.73,6945.84,6910.29,6975.61,6941.57,6964.85,6939.02,7079.62,7057.96,7072.23,7101.53,7151.43,7227.3,7173.23,7199.64,7253.37,7290.1,7354.77,7341.25,7317.83,7288.04,7379.48,7458.72,7429.03,7482.04,7456.46,7435.84,7503.36,7458.61,7421.17,7396.97,7493.57,7565.98,7542.09,7592.85,7666.06,7646.64,7736.49,7722.65,7782.26,7806.03,7867.08,7827.02,7888.68,7874.96,7849.27,7897.31,7856.7,7884.22,7843.67,7805.69,7773.55,7809.46,7852.68,7921.08
7862.48,7830.77,7687.38,7646.34,7603.3,7559.24,7519.31,7482.45,7474.95,7596.13,7564.19,7433.62,7408.15,7382.95,7449.94,7413.25,7352.93,7284.52,7214.5,7302.42,7249.99,7262.4,7161.46,7287.6,7216.73,7175.24,7216.21,7223.06,7178.66,7199.26,7162.95,7278.7,7321.18,7275.7,7325.27,7407.5,7407.93,7316.98,7407.57,7356.01,7517.1,7499.9,7481.46,7575.17,7548.62,7516.57,7615.48,7606.65,7576.18,7580.62,7650.14,7590.97,7564.71,7525.64,7481.24,7509.54,7416.21,7498.32,7580.75,7550.15,7606.39,7659.8,7629.69,7716.65,7751.75,7780.33,7805.9,7785.57,7916.43,8065.4,8070.37,8040.67,8033.47,8138.14,8120.99,8152.24,8122.98,8151.7,8137.76,8222.33,8179.14,8093.18,8064.03,8102.57,8057.74,8018.22,8061.12,8089.09,8057.05,8018.03,8057.67,8024.13,7976.6,7940.68,7917.72,7957.59,7967.97,8022.74,7987.88,8031
7764.25,7695.97,7656.74,7594.92,7528.22,7472.01,7410.03,7349.47,7297.7,7228.11,7260.45,7246.17,7199.52,7131.63,7121.51,7163.32,7114.16,7058.71,7102.6,7135.51,7100.8,6982.13,6969.07,7165.44,7124.36,7097.92,7068.76,7188.82,7152.76,7165.8,7244.57,7412.9,7394.45,7559.34,7726.49,7689.96,7654.61,7650.68,7712.9,7707.93,7664.78,7743.02,7687,7761.74,7800.72,7807.41,7791.28,7741.45,7633.15,7596.76,7554.13,7423.98,7504.35,7515.59,7474.3,7547.71,7535.47,7497.32,7469,7386.87,7350.38,7402.81,7290.47,7350.54,7298.86,7259.48,7287.49,7326.26,7400.41,7373.18,7341.49,7311.45,7274.38,7217.46,7293.99,7283.65,7372.17,7438.15,7443.37,7493.17,7499.84,7464.15,7520.47,7483.51,7442.8,7405.27,7428.27,7390.99,7466.7,7376.08,7396.38,7401.17,7392.32,7373.74,7394.75,7451.23,7481.11,7511.65,7558.22,7484.93
7776.41,7767.11,7769.98,7771.67,7716.85,7690.89,7715.57,7739.86,7763.69,7787.09,7741.4,7712.34,7489.79,7445.73,7340.16,7293.07,7249.11,7395.47,7389.75,7362.86,7247.83,7183.96,7281.71,7234.87,7157.22,7145.28,7208.45,7150.84,7134.82,7274.14,7313.74,7330.91,7304.18,7412.82,7462.17,7435.41,7399.79,7412.4,7457.64,7420.3,7362.09,7329.43,7281.98,7329.2,7281.53,7329.51,7291.2,7380.69,7378.01,7354.77,7318.67,7425.38,7357.17,7364.78,7329.76,7493.4,7580.58,7553.49,7524.17,7528.43,7510.39,7630.25,7641.26,7804.93,7905,7903,7870.1,7925.68,7981.14,8008.24,7944.86,7920.53,7958.09,7955.29,8027.13,8062.64,8017.42,7973.3,8014.58,7969.97,8021.62,7980.45,8037.78,8000.32,7994.97,8075.38,8047.5,8024.34,7997.56,7955.41,7912.16,7979.24,7945.47,7904.57,7800.16,7864.15,7827.52,7801.19,7859.44,7826.4
7739.57,7657.85,7616.73,7514.63,7476.58,7445.27,7410.47,7348.81,7396.29,7491.24,7408.38,7471.87,7486.75,7380.2,7344.05,7286.81,7142.89,7179.04,7158.01,7137.7,7105.7,7153.84,7233.51,7211.08,7140.73,7185.11,7283.89,7288.38,7348.44,7293.74,7256.05,7230.84,7218.56,7085.29,7146.75,7105.04,7156.3,7195.8,7141.18,7100.96,7147.75,7095.67,7137.8,7105.6,7168.49,7228.68,7237.78,7252.16,7271.02,7304.84,7348.49,7300.41,7255.93,7301.47,7257.82,7337.02,7291.25,7255.65,7208.94,7301.16,7332.62,7384.91,7456.82,7433.25,7358.12,7364.36,7325.55,7352.39,7476.05,7458.39,7511.91,7545.4,7430.22,7392.26,7359.05,7330.08,7298.53,7280.16,7275.44,7367.1,7421.94,7377.13,7345.25,7396.13,7386.84,7403.02,7458.36,7442.4,7428.51,7464.68,7474.4,7458.08,7519.24,7571.43,7554.87,7561.52,7591.69,7564.55,7596.54,7566.4
7805.16,7789.32,7773.88,7612.3,7469.33,7397.84,7406.07,7416.13,7426.07,7435.84,7263.15,7241.88,7234.27,7091.5,7041.51,7096.46,7013.57,6957.57,6840.7,6808.3,6753.86,6824.75,6818.65,6864.71,6821.19,6801.22,6889.52,6840.98,6875.39,6872.59,6850.94,6941.29,6950.37,6938.47,6895.93,6979.48,6957.2,6935.33,6925.77,6954.78,6921.14,6897.15,6860.32,6814.63,6911.48,6807.06,6888.52,6853.24,6955.88,6982.07,7023.09,7054.02,7083.9,7165.12,7155.2,7232.41,7222.11,7271.71,7236.63,7230.73,7296.57,7338.74,7314.45,7293.14,7285.45,7371.69,7354.4,7342.37,7323.36,7297.7,7292.93,7255.26,7320.09,7309.59,7293.59,7330.85,7327.85,7345.95,7312.73,7281.62,7335.79,7308.2,7302.04,7357.06,7409.35,7470.08,7490.62,7608.28,7527.73,7555.42,7610.62,7609.99,7605.85,7638.96,7666.41,7606.84,7674.37,7656.96,7696.24,7682.31
7885.25,7893.66,7743.44,7698,7677.93,7639.62,7604.03,7571.3,7564.55,7557.12,7611.44,7592.72,7635.07,7540.2,7556.11,7521.3,7500.91,7525.9,7555.08,7518.34,7455.82,7442.84,7376.32,7391.23,7364.48,7268.78,7290.32,7263.73,7209.8,7174.84,7159.96,7108.64,7160.65,7217.07,7323.42,7286.84,7157.35,7118.2,7188.62,7136.02,7123.32,7235.71,7126.14,7079.44,7050.85,7113.96,7201.16,7182.14,7248.01,7324.75,7304.44,7291.39,7296.5,7367.51,7352.29,7426.92,7515.54,7579.85,7622.29,7579.65,7605.18,7721.33,7753.81,7708.07,7751.91,7714.07,7759.78,7722.87,7678.69,7642.54,7700.97,7656.97,7686,7644.42,7669.06,7627.47,7692.28,7728.65,7697.76,7729.44,7781.18,7740.51,7704.14,7689.44,7681.89,7741.44,7714.17,7682.24,7735.17,7747.59,7805.98,7784.97,7834.14,7795.36,7762.23,7826.88,7864.73,7832.56,7801.02,7837.29
7881.19,7948.63,7922.55,7850.07,7785.35,7722.18,7659.7,7666.99,7761.07,7827.49,7741.31,7787.43,7707.29,7636.2,7637.43,7668.23,7700.04,7630.88,7646.79,7672.89,7665.18,7613.78,7607.72,7558.5,7503.76,7443.86,7384.31,7374.7,7336.38,7287.79,7323.52,7288.98,7248.19,7200.68,7161.53,7240.21,7202.75,7189.73,7124.53,7267.2,7277.48,7399.15,7409.16,7421.73,7501.15,7454.87,7497.39,7458.91,7427.95,7410,7408.56,7392.17,7365.36,7361.21,7439.79,7525.09,7491.59,7458.44,7483.84,7440.79,7419.81,7372.22,7327.19,7290.57,7250.25,7302.76,7337.32,7373.73,7388.55,7439.65,7497.17,7461.46,7491.57,7464.03,7355.06,7323.83,7282.9,7315.69,7313.72,7388.42,7396.45,7377.78,7409.27,7369.53,7342,7316.05,7281.52,7265.22,7286.45,7253.46,7337.09,7328.8,7316.47,7386.33,7352.19,7404.16,7375.55,7420.58,7426.65,7400.08
7844.45,7841.04,7834.1,7744.04,7657.55,7583.38,7541.77,7500.92,7460.89,7432.01,7389.13,7390.61,7390.72,7222.48,7259.76,7118.54,7054.7,7036.26,6947.91,6955.39,6929.43,6805.82,6752.22,6770.21,6789.26,6732.46,6694.98,6755.48,6867.64,6984.16,6974.34,6958.24,6931.65,6889.45,6992.14,7020.26,7071.55,7041.37,7119.84,7082.67,7129.6,7105.06,7053.79,7105.16,7193.27,7284.65,7259.29,7446.8,7433.38,7453.46,7431.53,7511.05,7634.46,7584.75,7538.2,7625.05,7684.68,7660.8,7659.44,7639.21,7630.45,7619.39,7687.52,7749.73,7718.76,7702.94,7821.37,7861.73,7954.06,8038.79,7981.07,8036.94,8056.18,8029.14,8004.37,8059.72,8011.47,7976.57,7932.17,7840.57,7886.76,7863.8,7825.52,7786.71,7832.23,7802.89,7767.02,7733.12,7694.57,7755.05,7723.1,7797.88,7756.72,7741.77,7767.99,7809.45,7874.7,7907.93,7880.75,7856.37
7827.15,7833.76,7834.96,7816.86,7737.3,7636.01,7548,7601.9,7763.22,7925.54,7864.24,7631.8,7651.21,7653.99,7590.91,7475.26,7382.2,7312.53,7385.72,7371.84,7409.83,7469.38,7420.77,7372.29,7328.72,7356.34,7355.75,7385.54,7353.93,7404.1,7360.7,7299.62,7284.48,7280.62,7237.63,7307.26,7269.47,7256.45,7253.02,7209.04,7277.92,7334.7,7285.92,7240.96,7316.22,7268.39,7263.35,7322.01,7278.59,7247.56,7291.86,7263.59,7347.77,7395.05,7376.17,7363.84,7383.64,7367.04,7388.25,7368.1,7405.28,7461.45,7448.82,7415.12,7370.71,7430.76,7500.81,7528.14,7569.42,7525.22,7482.78,7553.4,7512.35,7573.93,7532.24,7591.36,7629.88,7602.15,7566.59,7569.38,7630.4,7623.64,7587.23,7561.33,7473.67,7527.81,7594.65,7635.93,7620.36,7601.23,7568.75,7552.67,7518.33,7481.69,7526.69,7476.43,7536.93,7527.7,7648.9,7659.63
7745.46,7690.97,7721.47,7674.93,7517.29,7403.75,7343.68,7423.93,7502.45,7579.6,7508.31,7491.12,7481.25,7512.92,7463.27,7492.84,7483.72,7437.1,7383.44,7273.65,7336.63,7275.79,7288.79,7303.51,7263.61,7208.69,7134.07,7195.94,7141.69,7093.12,7168.14,7112.34,7058.97,7009.27,6949.32,6897.13,6949.92,6951.64,7002.2,7075.45,7032.64,7057.51,7063.2,7080.18,7192,7296.23,7270.96,7223.68,7185.74,7220.11,7260.32,7266.25,7339.96,7373.18,7277.88,7286.38,7371.21,7331.54,7324.13,7375.08,7421.2,7384.36,7424.61,7410.66,7376.42,7413.11,7561.96,7556.1,7603.74,7626.59,7606.89,7572.43,7535.78,7456.17,7416.12,7381.09,7364.71,7407.97,7491.95,7481.16,7547.93,7528.6,7615.58,7774.06,7808.86,7781.66,7771.31,7796.56,7765.41,7731.81,7789.73,7856.3,7946.19,7925.42,7939.37,8013.64,8062.77,8101.02,8081.31,8138.11
7755.22,7730.62,7723.3,7641.76,7723.69,7723.64,7721.94,7722.24,7722.43,7722.73,7739.64,7516.07,7475.99,7418.64,7389.42,7163.69,7121.26,7052.94,6993.65,6906.28,6844.41,6899.34,6907.45,6886.5,6924.46,6976.39,6920.99,6863.29,6728.03,6654.57,6655.84,6659.06,6700.67,6675.55,6708.01,6683.11,6650.45,6740.32,6701.28,6742.78,6765.77,6823.32,6714.13,6827.61,7026.01,6999.13,7059.1,7023.73,6991.6,6957.89,6930.13,6913.75,7021.48,7027.25,7046.2,7041.37,7100.65,7099.54,7209.85,7284.22,7367.81,7313.55,7380.65,7423.76,7407.13,7441.84,7582.07,7653.71,7624.09,7592,7554.82,7588.84,7660.67,7633.67,7611.14,7682.9,7675.78,7729.32,7750.96,7834.91,7951.02,7921.8,7887.53,7964.19,7921.04,7885.27,7928.18,7890.63,7871.94,7946.32,7922.74,7895.95,7893.68,7866.36,7829.28,7794.19,7760.46,7740,7800.98,7831.77
7731.68,7624.39,7477.06,7320.72,7211.25,7108.56,6997.76,6890.3,6808.11,6811.46,6895.54,6898.45,6889.61,6755.1,6827.28,6857.27,6876.04,6917.7,6942.26,6885.3,6835.96,6772.8,6771.85,6699.12,6688.17,6709.95,6643.93,6676.1,6790.64,6835.58,6821.74,6843.73,6951.45,6991.14,7052.36,7025.36,7028.17,6976.02,6927.97,6983.83,6976.8,6929.88,6895.62,6859.98,6817.77,6771.12,6724.95,6680.44,6561.74,6641.18,6714.01,6684.45,6654.62,6651.3,6693.4,6716.07,6674.45,6737.03,6817.29,6870.43,6901.29,6969.6,6954.07,6991.49,7109.43,7124.7,7100.32,7076.38,7045.43,7097.8,7153.73,7159.65,7126.72,7131.03,7128.01,7175.01,7211.28,7258.12,7227.88,7266.92,7269.62,7299.03,7381.42,7395.07,7470.45,7435.18,7426.43,7389.37,7351.51,7399.25,7369.12,7396.82,7448.74,7508.66,7566.99,7564.33,7572.05,7604.68,7606.64,7666.05
7728.13,7639.93,7547.72,7449.65,7305.55,7235.65,7200.44,7120.17,7044.43,7018.64,6941.91,6975.28,7018.5,6949.56,6854.46,6810.48,6783.88,6742.76,6742.23,6764.89,6758.85,6873.14,6824.87,6814.18,6850.51,6824.55,6772,6870.97,7016.64,6977.12,6990.72,6988.32,7105.23,7054.19,7026.77,7041.33,7018.04,7052.39,7032.25,7006.18,7069.6,7142.37,7119.34,7126.72,7093.27,7183.77,7300.11,7211.47,7251.75,7226.23,7322.93,7320.1,7363.45,7352.06,7320.97,7305.98,7371.03,7413.51,7388.8,7353.84,7400.01,7366,7322.22,7279.9,7246.04,7304.84,7287.08,7326.26,7285.75,7289.29,7365.73,7424.7,7387.88,7400.14,7502.39,7479.83,7521.73,7503.06,7582.35,7558.51,7519.98,7479.25,7542.17,7596.26,7582.97,7544.57,7521.81,7505.6,7539.75,7504.03,7473.97,7534.14,7573.12,7583.16,7558.47,7528.28,7521.22,7571.28,7693.35,7667.66
7857.76,7951.24,7864.16,7773.72,7689.91,7608.43,7528.56,7450.12,7372.49,7296.85,7222.99,7161.98,7096.91,7091.88,7004.39,7044.66,6987.35,6990.54,6926.57,6887.11,6936.81,6902.75,6904.32,6919.87,6892.15,6948.28,6943.92,6914.47,6965.23,6923.17,6898.3,6954.53,6938.81,7035.83,7011.45,7075.19,7040.36,7053.02,7006.16,7023.97,7061.64,7145.7,7148.95,7212.21,7195.95,7188.61,7149.89,7120.54,7098.3,7075.89,7020.92,7169.75,7169.99,7237.76,7277.99,7315.61,7291.03,7323.02,7286.54,7247.56,7296.04,7373.77,7286.12,7345.23,7307.49,7337.49,7387.77,7354.75,7395.2,7361.84,7389.62,7390.87,7417.31,7396.14,7428.16,7393.28,7367.8,7330.31,7353.07,7405.6,7416.53,7515.06,7594.16,7599.37,7628.14,7698.3,7684.51,7638.96,7565.47,7612.86,7526.64,7602.08,7571.71,7585.22,7635.07,7692.77,7754.78,7818.66,7876.64,7922.4
7795.87,7855.02,7852.67,7796.06,7761.19,7714.22,7676.02,7638.78,7595.07,7548.65,7497.93,7372.47,7290.04,7282.56,7252.22,7236.93,7183.88,7202.31,7093.35,7122.87,7161.78,7237.17,7179.92,7204.73,7154.22,7142.04,7134.59,7213.31,7203.83,7306.51,7296.1,7256.62,7332.92,7297.64,7293.76,7308.12,7345.86,7308.07,7354.88,7336.31,7287.41,7267.15,7228.99,7253.3,7211.84,7267.36,7273.08,7246.37,7292.92,7370.24,7332.37,7287.04,7262.39,7305.41,7175.52,7220.33,7374.04,7456.16,7427.98,7390.29,7359.11,7479.75,7441.55,7401.86,7366.54,7314.65,7320.49,7334.99,7301.59,7279.36,7298.48,7282.96,7321.57,7280.87,7323.63,7365.4,7343.46,7354.02,7319.61,7363.34,7346,7325.59,7268.61,7242.97,7275.36,7316.54,7278.25,7241.88,7293.37,7335.21,7410.45,7459.98,7437.53,7469.4,7460,7451.47,7464.42,7506.62,7471.33,7492.74
7742.75,7659.9,7584.63,7489.62,7389.32,7237.9,7161.09,7092.37,7096.32,7118.79,7028.7,6964.01,6962.61,6969.61,6940.82,6951.23,7029.82,7005.87,6957.91,6947.88,6969.07,6936.25,6886.09,6907.58,6902.18,6981.82,7084.59,6968.78,6930.95,6961.17,6952.29,6996.26,7040.8,7089.14,7064.56,7117.06,7089.67,7134.72,7128.19,7214.89,7375.02,7342.43,7381.27,7458.6,7442.34,7406.04,7450.71,7511.85,7467.64,7509.85,7533.4,7497.07,7568.41,7535.59,7565.34,7516.68,7472.23,7435.93,7389.78,7395.98,7378.34,7329.44,7309.64,7194.88,7236.51,7192.57,7155.79,7210.35,7186.81,7211.56,7174.99,7211.1,7175.51,7156.76,7194.56,7182.05,7195.65,7242.08,7243.33,7204.72,7188.66,7190.33,7162.09,7256.82,7396.16,7382.54,7377.85,7383.59,7400.66,7363.32,7401.5,7441,7409.05,7387.51,7450.52,7462.21,7457.5,7434.34,7410.88,7443.91
7765.33,7701.28,7655.64,7596.31,7542.76,7497.97,7452.22,7408.87,7366.01,7285.28,7236.9,7163.3,7182.62,7123,7204.85,7248.94,7243.45,7328.86,7305.54,7257.15,7231.12,7169.97,7203.75,7301.77,7344.43,7366.8,7338.64,7287.35,7279.62,7259.18,7366.59,7388.27,7335.13,7313.04,7389.67,7355.56,7315.74,7285.39,7247.57,7212.71,7173.65,7211.43,7262.67,7317.89,7353.31,7371.77,7354.43,7345.69,7291.13,7263.28,7303.98,7394.69,7470.31,7449.05,7524.98,7613.26,7578.13,7536.71,7572.51,7573.4,7542.15,7505.56,7555.81,7607.36,7654.8,7611.24,7503.89,7462.12,7421.56,7417.65,7477.9,7528.2,7515.43,7556.83,7520.25,7482.54,7448.88,7414.26,7384.52,7469.9,7522.71,7487.92,7448.8,7405.65,7393.42,7442.96,7468.28,7515.53,7546.3,7599.54,7631.33,7598.19,7663.5,7648.34,7611.53,7731.87,7723.98,7717.37,7693.37,7660.24
7880.1,7923.88,7880.06,7803.54,7715.99,7718.61,7746.95,7764.36,7773.95,7805.83,7865.25,7842.6,7835.03,7797.72,7717.41,7629.48,7546.15,7471.97,7344.97,7282.59,7301.08,7246.74,7192.93,7165.21,7239.95,7355.46,7312.63,7409.29,7412.69,7431.85,7376.68,7425.12,7464.77,7427.67,7460.59,7490.26,7449.02,7501.68,7452,7538.97,7594.29,7556.49,7507.25,7480.49,7444.92,7407.42,7450.24,7542.81,7408.62,7366.57,7479.88,7443.85,7614.41,7581.75,7630.74,7598.6,7649.49,7601.48,7598.6,7595.72,7749.46,7651.56,7608.44,7567.21,7530.59,7583.62,7539.23,7572.48,7530.86,7513.95,7550.96,7636.14,7825.41,7873.3,7830.69,7794.88,7752.18,7884.73,7869.64,7835.55,7869.18,7895.48,7918.91,7892.87,7853.69,7949.52,7936.69,7956.82,7982.03,7940.25,7903.79,7953.63,7957.56,7979.36,8010.07,8063.94,8077.14,7994.51,8042.16,8079.73
7839.43,7811.02,7638.53,7564.77,7493.83,7593.58,7741.4,7804.1,7715.7,7628.61,7522.77,7435.62,7403.92,7413.43,7450.06,7408.54,7396.19,7333.86,7220.3,7190.28,7147.83,7024.88,6950.06,6944.43,6933.62,6983.58,6954.64,7010.56,7143.19,7186.97,7127.65,7101.92,7068.43,7140.7,7158.08,7129.88,7000.47,6876.72,6839.34,6934.14,6929.34,7019.45,7020.5,7035.02,7156.88,7127.89,7108.95,7074.72,7105.91,7192.5,7150.36,7202.03,7222.58,7272.72,7234.02,7199.39,7184.9,7200.02,7242.42,7213.9,7279.75,7278.08,7363.94,7437.42,7488.26,7425.78,7420.51,7427.73,7447.8,7460.59,7445.61,7491.89,7484.88,7513.26,7488.28,7466.09,7439.5,7501.05,7470.64,7502.91,7541.69,7525.02,7489.33,7521.36,7493.03,7469.98,7522.96,7496.59,7596.66,7648.79,7611.52,7586.44,7635.98,7709.8,7754.81,7731.48,7775.85,7747.57,7705.42,7777.43
7779.73,7719.42,7673.79,7659.78,7649.59,7673.88,7710.27,7745.96,7780.83,7814.09,7817.04,7664.73,7759.89,7818.58,7955.22,7888.63,7823.77,7920,7873.42,7883.65,7820.26,7859.65,7826.47,7934.11,7878.38,8000.67,8020.9,7975.8,7938.07,7953.34,8046.75,7888.01,7872.44,7858.55,7809.39,7811.79,7746.5,7708.54,7672.06,7635.3,7604.78,7592.85,7568.81,7633.57,7585.28,7536.21,7626.84,7604.35,7661.33,7663.21,7662.71,7645.01,7708.73,7801.4,7759.99,7804.31,7768.03,7727.04,7686.47,7644.14,7762.64,7771.81,7787.81,7736.7,7790.09,7748.76,7776.16,7655.59,7615.02,7585.84,7576.3,7694.88,7742.05,7708.01,7738.32,7868.29,7852.88,7864.26,7935.25,7916.47,7806.51,7828.35,7844.95,7875.08,7856.18,7884.27,7913.46,7850.6,7820.92,7810.36,7790.23,7848.57,7821.8,7793.13,7812.35,7789.36,7786.7,7779.53,7757.8,7879.86
7821.07,7570.67,7401.74,7338.36,7324.61,7324.41,7319.69,7317.26,7295.3,7248.16,7213.61,7151.8,7069.27,7109.66,7042.66,6980.97,6926.3,6905.18,6847.38,6881.67,6961.23,6901.32,6937.28,6977.05,6994.69,7211.07,7333.37,7221.09,7375.7,7324.97,7276.26,7237.24,7279.58,7248.5,7207.19,7163.1,7267.79,7265.92,7395.9,7434.05,7520.54,7471.51,7422.67,7587.95,7560.78,7516.92,7478.04,7431.81,7390.16,7461.6,7426.22,7469.64,7440.77,7402.93,7498.48,7465.9,7430.98,7413.01,7390.31,7425.76,7386.98,7342.31,7301.27,7336.8,7294.81,7282.47,7252.11,7282.2,7248.17,7233.13,7291.72,7327.23,7333.24,7299.61,7382.73,7346.65,7328.99,7513.8,7527.69,7515.8,7436.21,7498.88,7487.16,7492.26,7542.93,7595.99,7568.41,7546.39,7624.31,7660.78,7713.5,7682.07,7734.67,7875.51,7987.12,7899.77,7950.08,7912.72,7880.63,7915.67
7746.57,7641.59,7607.22,7570.36,7513.36,7470.43,7427.55,7398.46,7343.4,7268.07,7271.18,7219.59,7197.1,7193.42,7261.07,7124.82,7063.62,6943.95,7069.63,7026.14,6953.07,6911.78,6850.5,6939.87,7041.71,7050.29,7017.29,7073.94,7103.85,7223.53,7246.21,7223.07,7275.03,7340.68,7365.79,7319.19,7349.75,7388.89,7424.83,7414.98,7372.23,7375.57,7364.89,7391.27,7512.92,7482.61,7603.07,7632.15,7585.01,7556.12,7542.25,7490.62,7532.78,7611.15,7565.51,7523.28,7603.23,7592.8,7548.19,7521.18,7582.34,7555.58,7750.66,7823.15,7870.79,7853.1,7842.99,7979.32,8001.92,8019.61,8020.8,7987.19,7943.69,7904.91,7949.19,7985.03,7970.19,7936.55,7826.02,7791.42,7748.93,7785.01,7678.01,7740.79,7818.82,7904.97,7862.04,7900.49,7858.92,7899.37,7887.71,7924.07,7894.6,7865.78,7841.1,7847.57,7979.71,8052.18,8092.12,8150.51
7766.49,7710.77,7662.99,7603.94,7553.07,7509.45,7465.07,7425.32,7423.46,7478.91,7423.87,7429.49,7415.17,7378.05,7428.25,7420.36,7413.7,7421.06,7482.46,7421.17,7400.06,7351.51,7336.19,7277.94,7226.3,7254.52,7288.46,7277.61,7253.5,7206.55,7172.55,7164.67,7227.53,7247.48,7276.1,7229.7,7221.38,7186.24,7239.21,7286.12,7251.72,7202.87,7100.02,7177.45,7136.98,7109.87,7174.38,7128.35,7084.37,7193.81,7161.57,7362.45,7437.68,7457.25,7411.68,7380.59,7449.53,7408.4,7437.32,7335.48,7295.44,7348.71,7348.09,7400.15,7453.38,7486.44,7441.56,7403.71,7364.26,7392.14,7360.91,7409.66,7382.32,7435.47,7494.83,7464.82,7562.48,7621.99,7691.03,7725.09,7710.18,7758.29,7721.02,7796.4,7946.12,7924.7,7966.6,7938.64,7900.68,7935.66,7894.12,7863.27,7824.13,7848.94,7887.61,7874.71,7871.37,7856.59,7804.06,7793.61
7737.67,7675.13,7677.51,7627.08,7580.86,7537.54,7536.97,7536.17,7506.52,7503.23,7345.73,7320.85,7234.65,7222.31,7294.94,7304.25,7234.8,7212.48,7231.5,7107.68,7084.48,7078.67,7048.1,6992.98,7031.06,7019.94,6998.14,7026.12,7016.07,6979.94,7048.93,7006.46,6969.54,7047.6,7086.44,7067.61,7158.79,7147.12,7094.82,7151.09,7109.45,7102.31,7167.99,7230.54,7240.56,7326.22,7359.18,7446.16,7432.51,7485.92,7534.78,7613.62,7626.32,7593.78,7568.43,7622.4,7666.95,7702.9,7664.63,7629.92,7592.35,7567.75,7453.82,7390.24,7454.3,7432.81,7457,7441.95,7521.93,7512.85,7553.04,7604.7,7579.68,7636.78,7532.15,7575.34,7536.31,7502.8,7484.97,7546.38,7616.89,7619.17,7593.7,7558.38,7637.76,7613.38,7577.92,7650.1,7613.52,7649.82,7616.93,7658.33,7718.08,7685.86,7679.28,7738.92,7639.43,7611.28,7575.76,7542.01
7915.54,7879.18,7753.13,7628.49,7506.23,7394.23,7275.21,7261.07,7275.07,7287.99,7368.05,7292.95,7248.42,7200.8,7295.21,7339.17,7311.2,7276.95,7325.3,7277.43,7240.45,7232.44,7130.75,7123.64,7141.75,7123.03,7115.6,7269.01,7262.9,7317.26,7360.55,7220.62,7346.18,7318.2,7400.19,7499.06,7484.78,7540.55,7517.22,7609.27,7581.07,7616.66,7598.83,7552.93,7624.16,7655.83,7670.9,7761.18,7740.88,7725.27,7690.18,7789.2,7851.57,7832.95,7845.16,7980,7990.89,8076.51,8143.49,8108.4,8182.9,8133.16,8216.69,8221.94,8139.04,8158.92,8228.1,8203.18,8297.19,8264.62,8233.99,8292.59,8220.57,8287.92,8136.39,8112.89,8097,8137.93,8220.66,8286.22,8265.3,8222.2,8364.18,8366.66,8439.23,8404.49,8389.97,8370.54,8440.25,8344.53,8304.39,8301.46,8283.99,8253.15,8212.76,8175.06,8234.52,8229.55,8219.35,8252.02
