Pool size,,,,,,,,,,,,,,,,,,,,,,,,,,,,,,,,,,,,,,,,,,,,,,,,,,,,,,,,,,,,,,,,,,,,,,,,,,,,,,,,,,,,,,,,,,,,,,,,,,,
12,10.5,9.66667,8.75,8.4,7.83333,7.71429,7.5,7.33333,7.1,7.54545,8,8.30769,8.78571,9.06667,9.375,9.64706,9.94444,10.1579,10.4,10.619,10.7727,11,11.25,11.4,11.5769,11.6667,11.9286,12.0345,12.2,12.3871,12.5312,12.697,12.8235,12.9429,13.0556,13.1892,13.2632,13.4359,13.525,13.5854,13.6667,13.6977,13.8409,13.9556,14.0435,14.1064,14.25,14.3469,14.38,14.3922,14.3846,14.434,14.4444,14.4909,14.5179,14.5263,14.5517,14.5424,14.5667,14.6393,14.6452,14.6825,14.6719,14.6923,14.7273,14.7463,14.7794,14.8261,14.8286,14.831,14.875,14.9041,14.8919,14.9333,14.9605,15,15.0256,15.038,15.075,15.1111,15.1463,15.1566,15.1786,15.1882,15.186,15.2299,15.2159,15.2472,15.2444,15.2527,15.2826,15.3226,15.3511,15.3263,15.3333,15.3711,15.4082,15.4444,15.41
14.3725,14.25,14.1698,14.0741,13.9818,13.875,13.7368,13.6034,13.4576,13.3333,13.3279,13.371,13.3175,13.3281,13.3385,13.3333,13.3433,13.3529,13.4058,13.4143,13.493,13.5,13.5068,13.5405,13.5867,13.6053,13.7143,13.7308,13.7722,13.8625,13.8889,13.9268,13.9759,14.0238,14.0588,14.0581,14.0805,14.1136,14.1573,14.2111,14.2527,14.2826,14.3333,14.3617,14.4,14.4479,14.4639,14.5204,14.5253,14.58,14.6139,14.6667,14.6796,14.7019,14.7238,14.7642,14.8037,14.8056,14.8349,14.8909,14.9009,14.9375,14.9558,14.9912,15.0087,15.0517,15.0769,15.1356,15.1513,15.2,15.2397,15.2623,15.2602,15.2903,15.336,15.2857,15.3465,15.3594,15.3566,15.3615,15.3893,15.4394,15.4361,15.4701,15.4815,15.4926,15.4891,15.5145,15.5252,15.5357,15.5674,15.5775,15.6084,15.6181,15.6414,15.6301,15.6395,15.6554,15.6644,15.6733
13.5526,13.5455,13.4615,13.3797,13.3,13.2346,13.1341,13.0602,12.9524,12.8471,12.8605,12.8736,12.8864,12.8876,12.9111,12.9121,12.9565,12.9677,12.9894,13,13.0312,13.0515,13.1122,13.1515,13.17,13.2376,13.2451,13.301,13.3077,13.381,13.4057,13.4393,13.4537,13.4587,13.5091,13.5405,13.5982,13.6283,13.6404,13.6609,13.6983,13.7094,13.7458,13.7647,13.7917,13.8347,13.8525,13.878,13.9032,13.92,13.9444,13.9685,13.9844,14,14.0462,14.084,14.1136,14.1504,14.1716,14.1926,14.2059,14.219,14.2391,14.259,14.2857,14.2979,14.3028,14.3287,14.3611,14.3724,14.4041,14.3946,14.4595,14.4698,14.4867,14.5099,14.5263,14.5556,14.6039,14.5935,14.6282,14.6497,14.6646,14.673,14.6937,14.7453,14.7407,14.7669,14.7866,14.8,14.8072,14.8383,14.869,14.8757,14.8824,14.8889,14.9244,14.9595,14.9713,14.9714
12.8636,12.8315,12.7778,12.7582,12.7065,12.6237,12.5638,12.4842,12.4271,12.3608,12.3571,12.4141,12.4,12.3762,12.402,12.4272,12.4231,12.4381,12.4811,12.5047,12.5556,12.5596,12.6,12.6306,12.6875,12.7168,12.7544,12.8,12.8534,12.8889,12.9153,12.9832,13.0167,13.0826,13.1066,13.1626,13.2177,13.296,13.3095,13.3465,13.4062,13.4341,13.4692,13.4885,13.4924,13.5338,13.5597,13.6074,13.6544,13.6715,13.6812,13.7194,13.75,13.7872,13.8028,13.8042,13.8125,13.8483,13.8425,13.8912,13.8986,13.9262,13.94,13.947,13.9605,13.9739,13.987,14.0065,14.0256,14.0701,14.0696,14.0755,14.0938,14.1056,14.1049,14.1166,14.122,14.1333,14.1566,14.1437,14.1667,14.1479,14.1471,14.152,14.1628,14.1503,14.1494,14.1771,14.1818,14.1751,14.1854,14.1899,14.1944,14.1989,14.2033,14.1858,14.1957,14.1838,14.1935,14.1925
12.6596,12.6211,12.5833,12.5567,12.4898,12.4343,12.37,12.3267,12.2451,12.1845,12.2115,12.219,12.217,12.2243,12.2593,12.2661,12.3091,12.3243,12.3393,12.3451,12.386,12.4087,12.4741,12.5128,12.5254,12.5462,12.6,12.6446,12.6639,12.6992,12.7097,12.744,12.746,12.7559,12.7734,12.7984,12.8154,12.8321,12.8409,12.8647,12.903,12.9111,12.9412,12.9635,12.9855,13.0072,13.05,13.0638,13.0775,13.1119,13.1319,13.1655,13.1849,13.2449,13.2703,13.3154,13.3467,13.3709,13.4079,13.4379,13.461,13.4903,13.5064,13.535,13.557,13.566,13.6125,13.6335,13.6296,13.6564,13.6707,13.6909,13.7108,13.7246,13.75,13.7751,13.7824,13.7953,13.8198,13.8439,13.8506,13.8914,13.9034,13.9266,13.9438,13.9441,13.9667,13.9779,14.0055,14.0273,14.0272,14.0486,14.0591,14.0749,14.0851,14.1005,14.1316,14.1361,14.1458,14.1399
12.6186,12.5816,12.5556,12.52,12.4653,12.402,12.3398,12.25,12.1905,12.1321,12.1215,12.1296,12.156,12.1727,12.1982,12.1964,12.2478,12.2544,12.2609,12.2931,12.3419,12.3644,12.4034,12.4083,12.4545,12.5082,12.5366,12.5645,12.616,12.6746,12.7323,12.7812,12.814,12.8615,12.9084,12.9394,12.9549,13.0299,13.0593,13.0735,13.1314,13.1667,13.1871,13.2429,13.2766,13.2887,13.3077,13.3194,13.3517,13.3767,13.4082,13.4459,13.4631,13.5067,13.4967,13.5461,13.5752,13.5714,13.5935,13.609,13.6178,13.6266,13.6478,13.675,13.6708,13.6914,13.7301,13.7439,13.7636,13.7831,13.8144,13.8333,13.8402,13.8353,13.8713,13.8895,13.9017,13.9483,13.9829,13.9886,14,14.0056,14.0335,14.0389,14.0497,14.0824,14.0929,14.1413,14.1568,14.172,14.1818,14.1862,14.2063,14.2316,14.2461,14.2708,14.2953,14.2835,14.3077,14.3163
12.596,12.58,12.5248,12.4804,12.4272,12.4038,12.3333,12.283,12.2243,12.1574,12.1651,12.1545,12.1802,12.2232,12.2124,12.2018,12.2174,12.2414,12.265,12.3051,12.3109,12.35,12.3719,12.4016,12.439,12.4839,12.512,12.5476,12.5748,12.6172,12.6667,12.7154,12.7481,12.7955,12.8045,12.8657,12.8889,12.9044,12.9197,12.942,12.9928,13.0214,13.0496,13.1056,13.1608,13.1806,13.2069,13.2123,13.2585,13.2703,13.3154,13.3467,13.3709,13.4013,13.451,13.474,13.4839,13.5128,13.5414,13.5759,13.6101,13.6375,13.6522,13.6667,13.6871,13.7012,13.7394,13.747,13.7844,13.8036,13.8521,13.8588,13.883,13.8837,13.9017,13.9138,13.9486,13.9432,13.9718,14,14,14.0222,14.0276,14.033,14.0656,14.0924,14.1081,14.129,14.139,14.1543,14.1799,14.2105,14.2251,14.2396,14.2642,14.2835,14.2769,14.301,14.3249,14.3182
12.6,12.5941,12.5686,12.5146,12.4615,12.4,12.3302,12.2617,12.213,12.1651,12.1818,12.1892,12.1607,12.1858,12.1579,12.2,12.2155,12.2222,12.2542,12.2773,12.3167,12.3554,12.4098,12.439,12.4597,12.496,12.5397,12.5669,12.6094,12.6667,12.7,12.7252,12.7348,12.7519,12.8134,12.837,12.8603,12.8905,12.9203,12.9281,12.9714,12.9645,13.007,13.042,13.0556,13.069,13.089,13.1088,13.1149,13.1409,13.1267,13.1722,13.1711,13.2157,13.2208,13.2194,13.2308,13.2548,13.2595,13.2767,13.2812,13.2857,13.3086,13.3006,13.3049,13.3212,13.3253,13.3413,13.3393,13.3373,13.3588,13.386,13.3837,13.3873,13.3966,13.4114,13.4261,13.4294,13.4494,13.4581,13.4444,13.4586,13.4835,13.4918,13.4946,13.5135,13.4946,13.5241,13.5213,13.5238,13.5368,13.555,13.5677,13.5699,13.5773,13.5641,13.6071,13.6041,13.6111,13.6382
12.64,12.6139,12.598,12.5146,12.4904,12.419,12.3679,12.2897,12.2315,12.1743,12.1455,12.1622,12.1875,12.2212,12.2368,12.2348,12.2672,12.3248,12.3305,12.3613,12.3917,12.438,12.4836,12.5203,12.5645,12.592,12.6111,12.6693,12.7031,12.7132,12.7538,12.7786,12.8258,12.8722,12.8881,12.9407,12.9559,12.9927,13.029,13.0863,13.1357,13.1702,13.1901,13.2238,13.2569,13.2828,13.3151,13.3673,13.3784,13.443,13.48,13.4967,13.5329,13.5817,13.6169,13.671,13.6923,13.7134,13.7468,13.7925,13.8313,13.8509,13.858,13.8957,13.9451,13.9697,13.9819,14,14.0476,14.0888,14.1,14.1228,14.1453,14.185,14.2126,14.2229,14.25,14.2825,14.3034,14.3575,14.3833,14.3978,14.4066,14.4262,14.4457,14.4703,14.4892,14.5134,14.516,14.5608,14.5842,14.6021,14.625,14.6425,14.6753,14.6718,14.699,14.7056,14.7273,14.7588
12.62,12.604,12.5686,12.534,12.4615,12.4,12.3396,12.271,12.213,12.156,12.1545,12.1712,12.1607,12.1858,12.2018,12.2348,12.2328,12.2393,12.2542,12.2941,12.3167,12.3306,12.3689,12.3821,12.3871,12.432,12.4762,12.4961,12.5234,12.5504,12.5692,12.6031,12.6212,12.6541,12.6567,12.7111,12.7279,12.781,12.7754,12.8058,12.8214,12.8156,12.8451,12.8881,12.9097,12.931,12.9315,12.932,12.973,13.0067,13.0333,13.0199,13.0461,13.0915,13.1234,13.1419,13.1538,13.1783,13.1835,13.2013,13.2125,13.2422,13.2654,13.2761,13.2988,13.3091,13.3072,13.3174,13.3274,13.3314,13.3765,13.4035,13.4128,13.4393,13.4598,13.4743,13.5,13.4915,13.4944,13.5084,13.5222,13.5304,13.544,13.5519,13.5815,13.5892,13.6183,13.6578,13.6702,13.6931,13.7,13.7277,13.724,13.7254,13.7268,13.7333,13.7449,13.7513,13.7576,13.7789
12.6,12.5842,12.5392,12.4951,12.4327,12.381,12.3302,12.271,12.213,12.156,12.1455,12.1532,12.1607,12.177,12.1842,12.2174,12.2414,12.2735,12.3051,12.3361,12.3583,12.3967,12.4508,12.4553,12.5161,12.544,12.5952,12.6378,12.6875,12.7287,12.7615,12.771,12.7955,12.8271,12.8731,12.9037,12.9044,12.9124,12.942,12.9712,12.9786,13,13.0141,13.028,13.0417,13.1103,13.1438,13.1769,13.1959,13.2215,13.2467,13.2848,13.3026,13.3399,13.3831,13.4129,13.4359,13.4841,13.4747,13.5409,13.5563,13.5839,13.5926,13.5767,13.6159,13.6545,13.6506,13.6826,13.7262,13.7278,13.7412,13.7602,13.7907,13.8092,13.8218,13.8343,13.8636,13.8757,13.882,13.8827,13.9111,13.9282,13.9231,13.9617,13.9728,13.9838,14,14.0321,14.0479,14.037,14.0526,14.0838,14.0833,14.0984,14.1237,14.1231,14.1327,14.1421,14.1616,14.191
12.63,12.5941,12.5392,12.5146,12.4615,12.3905,12.3396,12.243,12.1944,12.1193,12.1273,12.1261,12.1607,12.1416,12.1404,12.1478,12.2155,12.2479,12.2797,12.3277,12.35,12.3967,12.418,12.439,12.4758,12.504,12.5635,12.5984,12.6484,12.6589,12.6846,12.7252,12.7424,12.7594,12.8209,12.8667,12.8824,12.9197,12.971,12.9928,13.0429,13.078,13.1268,13.1399,13.1597,13.1931,13.2329,13.2721,13.2838,13.3289,13.3533,13.3709,13.3947,13.3856,13.4091,13.4323,13.4615,13.4968,13.5253,13.5409,13.5687,13.5776,13.6049,13.638,13.6707,13.6788,13.6988,13.7126,13.7321,13.7456,13.7647,13.7661,13.7791,13.8092,13.8218,13.84,13.8523,13.8475,13.8652,13.8771,13.8889,13.9006,13.9066,13.9235,13.9511,13.9568,13.957,14.0053,14.0053,14.0212,14.0263,14.0419,14.0677,14.0933,14.0979,14.1077,14.1071,14.1168,14.1515,14.1709
12.61,12.5941,12.549,12.4757,12.4423,12.381,12.3491,12.271,12.213,12.156,12.1545,12.1351,12.1518,12.1593,12.1491,12.1826,12.1897,12.1966,12.2203,12.2353,12.2667,12.2975,12.3115,12.3577,12.379,12.392,12.4603,12.4803,12.5156,12.5194,12.5231,12.542,12.5909,12.6541,12.6791,12.6889,12.6985,12.7226,12.7536,12.7698,12.7786,12.8014,12.8169,12.8462,12.8542,12.8621,12.8904,12.932,12.9324,12.9396,12.9467,12.9536,12.9868,12.9869,12.9935,13.0258,13.0449,13.0637,13.0696,13.0503,13.0563,13.0932,13.0864,13.0982,13.1037,13.1273,13.1084,13.1317,13.1429,13.1598,13.1765,13.1696,13.186,13.2312,13.2471,13.2514,13.267,13.2994,13.2978,13.3184,13.3222,13.3315,13.3681,13.388,13.3967,13.4108,13.4247,13.4278,13.4202,13.4286,13.4526,13.445,13.4427,13.456,13.4691,13.4821,13.5,13.5076,13.5202,13.5327
12.61,12.5743,12.5294,12.466,12.4231,12.381,12.3396,12.3178,12.287,12.2385,12.2455,12.2523,12.2768,12.2743,12.2895,12.3043,12.2931,12.3333,12.339,12.4034,12.4167,12.4545,12.4836,12.5122,12.5242,12.544,12.5556,12.622,12.6562,12.6667,12.7,12.7405,12.7576,12.782,12.7836,12.8222,12.8603,12.8832,12.9058,12.9353,12.9786,13.0071,13.0423,13.0629,13.0764,13.1034,13.137,13.1769,13.1959,13.2081,13.24,13.2781,13.3224,13.3399,13.3571,13.3677,13.4167,13.4395,13.462,13.4969,13.525,13.5466,13.5741,13.5951,13.6098,13.6303,13.6265,13.6647,13.6905,13.6982,13.7235,13.7251,13.7267,13.7341,13.7701,13.7943,13.8068,13.8192,13.8371,13.8603,13.8722,13.8895,13.9121,13.9235,13.9348,13.9405,13.957,13.9733,13.984,14.0106,14.0211,14.0366,14.0469,14.0777,14.0979,14.0923,14.102,14.1218,14.1111,14.1106
12.61,12.5941,12.549,12.4951,12.4423,12.381,12.3208,12.2523,12.1944,12.1651,12.1455,12.1441,12.1518,12.1681,12.1667,12.1913,12.1897,12.1966,12.2034,12.2269,12.25,12.3058,12.3115,12.3252,12.371,12.408,12.4444,12.4724,12.4922,12.5426,12.5692,12.5878,12.6288,12.6692,12.6791,12.7185,12.7426,12.7518,12.7826,12.8201,12.8714,12.8936,12.9155,12.9441,12.9583,12.9862,13.0137,13.0272,13.0541,13.0805,13.1067,13.1325,13.1711,13.183,13.2013,13.2129,13.2244,13.2611,13.2848,13.3019,13.325,13.3416,13.3642,13.362,13.3902,13.3939,13.4036,13.4251,13.4464,13.4793,13.5,13.5029,13.5174,13.5202,13.5287,13.5543,13.5625,13.565,13.5787,13.5922,13.6,13.5967,13.6154,13.6066,13.6304,13.6216,13.6559,13.6845,13.6809,13.6825,13.7053,13.7016,13.7135,13.715,13.732,13.7538,13.7755,13.797,13.798,13.8191
12.6,12.5842,12.5784,12.534,12.4904,12.4381,12.3868,12.3271,12.2963,12.2385,12.2364,12.2162,12.2143,12.2301,12.2544,12.2609,12.2845,12.3162,12.3305,12.3445,12.3917,12.4298,12.4262,12.4634,12.5081,12.56,12.5714,12.5748,12.6094,12.6279,12.6615,12.6947,12.7197,12.7594,12.791,12.8222,12.8309,12.8613,12.8986,12.9209,12.95,12.9504,12.9718,12.979,13.0069,13.0207,13.0274,13.034,13.0473,13.0671,13.0867,13.0993,13.1184,13.1176,13.1364,13.1548,13.1731,13.1911,13.2089,13.2453,13.2562,13.2484,13.2531,13.2761,13.2622,13.2848,13.2892,13.2754,13.2679,13.284,13.2824,13.3041,13.314,13.341,13.3391,13.36,13.3807,13.3785,13.3989,13.4078,13.4111,13.4088,13.4121,13.4153,13.4293,13.4216,13.4301,13.4118,13.4309,13.4339,13.4368,13.445,13.4427,13.456,13.4639,13.4718,13.4796,13.4822,13.4747,13.4824
12.61,12.5545,12.5196,12.4757,12.4231,12.3619,12.3113,12.271,12.2037,12.1376,12.1636,12.1712,12.1696,12.2035,12.2193,12.2174,12.2586,12.265,12.2712,12.2773,12.3,12.3058,12.3852,12.3902,12.4355,12.456,12.4921,12.5118,12.5312,12.5814,12.6308,12.6565,12.6818,12.7143,12.7612,12.7852,12.8015,12.8321,12.8696,12.9065,12.9071,12.9504,12.9648,12.993,13.0139,13.0552,13.0753,13.1156,13.1284,13.1678,13.1933,13.2053,13.2434,13.2614,13.2922,13.3032,13.3205,13.3439,13.3608,13.3711,13.4187,13.4037,13.463,13.4785,13.5122,13.5273,13.5542,13.5689,13.5893,13.6154,13.6412,13.6374,13.6686,13.6879,13.7069,13.7314,13.7443,13.7571,13.7865,13.7933,13.8167,13.8232,13.8352,13.847,13.8587,13.8649,13.8978,13.893,13.9096,13.9101,13.9316,13.9424,13.9375,13.9741,13.9794,14.0103,14.0357,14.0609,14.0758,14.0804
12.59,12.5743,12.5392,12.4757,12.4327,12.3619,12.283,12.2336,12.1574,12.0826,12.1,12.0901,12.1071,12.115,12.0965,12.1304,12.1724,12.2051,12.2119,12.2437,12.2917,12.3058,12.3279,12.3496,12.379,12.432,12.4762,12.5118,12.5547,12.5969,12.6231,12.6641,12.6818,12.7143,12.7687,12.7926,12.8382,12.8613,12.8986,12.9281,12.9571,13,13.0211,13.0699,13.0694,13.0897,13.1233,13.1701,13.1892,13.2483,13.2533,13.2914,13.2961,13.3268,13.3636,13.3871,13.4038,13.4204,13.4367,13.478,13.5,13.5217,13.5185,13.546,13.561,13.5818,13.5843,13.6168,13.631,13.6627,13.6588,13.6725,13.7093,13.7225,13.7414,13.7543,13.7784,13.8023,13.8315,13.838,13.85,13.8895,13.9066,13.9071,13.9402,13.9459,13.9731,14,14,14.0212,14.0368,14.0419,14.0625,14.0622,14.0722,14.0769,14.1071,14.1168,14.1263,14.1457
12.61,12.5941,12.549,12.5146,12.4423,12.4,12.3585,12.2897,12.2407,12.1835,12.1818,12.1982,12.2232,12.2301,12.2456,12.2522,12.2759,12.2991,12.322,12.3361,12.3583,12.3802,12.3934,12.4309,12.4435,12.48,12.5159,12.5276,12.5625,12.6047,12.6308,12.6336,12.6818,12.7143,12.7313,12.763,12.7721,12.7956,12.8188,12.8273,12.85,12.8511,12.8803,12.9021,12.9306,12.9448,12.9726,13.0408,13.0473,13.0671,13.12,13.1523,13.1645,13.1634,13.1818,13.1935,13.2244,13.2102,13.2532,13.2704,13.2937,13.3168,13.3395,13.3497,13.3841,13.3939,13.4036,13.4132,13.4524,13.4556,13.4647,13.4912,13.5,13.5145,13.5287,13.5314,13.5511,13.5706,13.5787,13.5866,13.5944,13.6298,13.6264,13.6557,13.6576,13.6757,13.6935,13.7005,13.7181,13.7249,13.7368,13.7592,13.7604,13.7565,13.768,13.7744,13.7806,13.7868,13.8131,13.8191
12.62,12.5941,12.5588,12.5243,12.4712,12.4,12.3396,12.2804,12.25,12.1927,12.1818,12.1622,12.1696,12.1858,12.2018,12.2348,12.2586,12.2735,12.3051,12.3445,12.3667,12.4298,12.4426,12.4797,12.5161,12.56,12.6032,12.622,12.6875,12.6977,12.7231,12.7634,12.7955,12.8421,12.8806,12.963,12.9853,13.0219,13.0652,13.1007,13.1429,13.1986,13.2394,13.2937,13.3056,13.3586,13.3699,13.415,13.4392,13.4631,13.4667,13.5033,13.5263,13.5425,13.5844,13.6258,13.6731,13.6943,13.6899,13.717,13.75,13.7764,13.8086,13.8344,13.8598,13.8848,13.9096,13.9521,13.9702,13.9822,14.0059,14.0234,14.0581,14.0809,14.0977,14.1314,14.1648,14.1921,14.2079,14.2514,14.2556,14.2707,14.3022,14.3388,14.3696,14.3946,14.4194,14.4278,14.4362,14.4392,14.4895,14.4921,14.526,14.5544,14.5825,14.6154,14.6429,14.6396,14.6717,14.6633
12.62,12.6337,12.5784,12.5534,12.4904,12.4476,12.4057,12.3645,12.3056,12.2477,12.2455,12.2432,12.2679,12.2743,12.2895,12.3304,12.3362,12.3504,12.3814,12.3782,12.425,12.4628,12.4754,12.5285,12.5726,12.6,12.6667,12.7087,12.7422,12.7674,12.8,12.8397,12.8409,12.8722,12.903,12.9259,12.9412,12.9854,13.0362,13.0432,13.0714,13.0922,13.1056,13.1399,13.1667,13.1586,13.1781,13.1837,13.2095,13.2013,13.2067,13.2185,13.2632,13.268,13.2662,13.2645,13.2628,13.2866,13.2722,13.2767,13.2688,13.2857,13.2963,13.3129,13.311,13.3333,13.3494,13.3653,13.381,13.3846,13.3882,13.4035,13.4186,13.4104,13.4253,13.4571,13.4489,13.4576,13.4719,13.4693,13.4778,13.4972,13.5165,13.5246,13.5435,13.5351,13.5538,13.5348,13.5426,13.5714,13.5947,13.5969,13.6042,13.6062,13.6134,13.6308,13.6276,13.6447,13.6667,13.6683
12.64,12.6139,12.5392,12.534,12.5,12.419,12.3962,12.3364,12.2685,12.1927,12.2091,12.2252,12.2232,12.2212,12.2456,12.2783,12.319,12.3419,12.3644,12.3697,12.3833,12.3967,12.4016,12.4797,12.5081,12.52,12.5397,12.5827,12.5938,12.6279,12.6385,12.6641,12.6894,12.7143,12.7388,12.7407,12.7868,12.8248,12.8406,12.8561,12.8857,12.9078,12.9366,12.9301,12.9306,12.9448,12.9795,12.9796,13,13.0201,13.0333,13.0596,13.0855,13.0915,13.0909,13.0903,13.1154,13.1465,13.1709,13.1887,13.225,13.2236,13.2716,13.2822,13.2927,13.303,13.3072,13.3234,13.3274,13.3432,13.3412,13.3684,13.3663,13.3815,13.3966,13.4057,13.4148,13.4181,13.4157,13.4581,13.4778,13.4917,13.4945,13.5082,13.538,13.5514,13.5538,13.5722,13.5957,13.5926,13.6211,13.6126,13.6406,13.6425,13.6392,13.6513,13.6531,13.6447,13.6465,13.6784
12.62,12.604,12.598,12.534,12.5,12.4762,12.4245,12.3645,12.3056,12.2385,12.2636,12.2793,12.2857,12.3009,12.307,12.3217,12.3362,12.3419,12.3644,12.4118,12.4333,12.4463,12.4672,12.5122,12.5323,12.56,12.5873,12.6457,12.6719,12.6744,12.6846,12.7176,12.7348,12.7519,12.7836,12.8,12.8456,12.8759,12.8768,12.9424,12.9429,12.9645,13,13.021,13.0486,13.0759,13.1233,13.1497,13.1757,13.1745,13.2,13.1987,13.2171,13.2614,13.2532,13.271,13.2756,13.3185,13.3228,13.3459,13.3438,13.3602,13.3765,13.4049,13.3902,13.4242,13.4337,13.4551,13.4702,13.4556,13.4824,13.4795,13.4709,13.5029,13.5172,13.5257,13.5625,13.5819,13.6011,13.6089,13.6333,13.6354,13.6648,13.6612,13.6902,13.6973,13.6989,13.7059,13.7287,13.7302,13.7632,13.7696,13.7708,13.8187,13.8144,13.8256,13.8418,13.8629,13.904,13.9246
12.63,12.6139,12.5686,12.5243,12.4615,12.4,12.3491,12.2897,12.2222,12.156,12.1545,12.1622,12.1339,12.1504,12.193,12.2,12.2328,12.265,12.2797,12.2857,12.3083,12.3554,12.3934,12.3902,12.4355,12.472,12.5238,12.5512,12.5625,12.5891,12.6462,12.6565,12.7197,12.7368,12.7761,12.8296,12.875,12.9197,12.9928,13.0216,13.0643,13.078,13.0986,13.1259,13.1736,13.2207,13.2397,13.2653,13.2905,13.3087,13.36,13.3907,13.4079,13.4379,13.461,13.4903,13.5321,13.5414,13.557,13.566,13.5687,13.5963,13.6605,13.681,13.6829,13.7212,13.747,13.7485,13.7679,13.8107,13.8235,13.8596,13.8488,13.8728,13.8793,13.8857,13.8977,13.904,13.8989,13.9274,13.9389,13.9503,13.9505,13.9508,13.9511,13.9838,13.9946,14,14.0266,14.0476,14.0421,14.0628,14.0677,14.0674,14.0876,14.0923,14.0969,14.1015,14.1162,14.1256
12.61,12.5446,12.5,12.4466,12.4038,12.3524,12.3019,12.2617,12.2037,12.1468,12.1273,12.1351,12.125,12.1593,12.1667,12.1826,12.2069,12.2393,12.2712,12.3025,12.325,12.3388,12.3689,12.4146,12.4597,12.52,12.5397,12.5512,12.5625,12.6124,12.6538,12.687,12.7045,12.7444,12.7836,12.8148,12.8235,12.8394,12.8623,12.8993,12.8929,12.9291,12.9366,12.958,13,13.0276,13.0411,13.0748,13.1081,13.1141,13.14,13.1523,13.1842,13.2026,13.2143,13.2129,13.2179,13.2548,13.2722,13.283,13.2812,13.3106,13.3086,13.3374,13.3476,13.3758,13.4036,13.4132,13.4286,13.432,13.4353,13.462,13.4535,13.4509,13.4483,13.48,13.483,13.4915,13.4888,13.5084,13.5,13.5138,13.511,13.5246,13.538,13.5514,13.5591,13.5829,13.5851,13.5979,13.6105,13.623,13.6198,13.6218,13.6134,13.6103,13.6378,13.6497,13.6515,13.6533
12.62,12.5842,12.5294,12.4757,12.4231,12.3905,12.3302,12.271,12.2037,12.1376,12.1455,12.1712,12.1964,12.1858,12.2018,12.2174,12.2069,12.2308,12.2627,12.2773,12.3,12.3223,12.3279,12.3415,12.3871,12.408,12.4048,12.4409,12.4453,12.4651,12.4923,12.4962,12.5227,12.5414,12.5746,12.6,12.6324,12.6277,12.6522,12.6835,12.7143,12.7305,12.7254,12.7413,12.7431,12.7379,12.7397,12.7483,12.7703,12.7919,12.8133,12.8411,12.8553,12.8497,12.8701,12.871,12.9103,12.9427,12.9684,12.9874,13.025,13.0435,13.0864,13.1227,13.1463,13.1697,13.1928,13.2216,13.244,13.2663,13.2941,13.3216,13.343,13.3584,13.3736,13.4,13.4205,13.452,13.4719,13.5196,13.5333,13.547,13.5604,13.5792,13.6033,13.6108,13.6237,13.6471,13.6489,13.6614,13.6789,13.6963,13.6979,13.7358,13.7371,13.7692,13.7755,13.802,13.8131,13.8392
12.6,12.5941,12.5588,12.5243,12.4712,12.4,12.3491,12.2804,12.1852,12.1376,12.1182,12.0991,12.1161,12.115,12.1404,12.1739,12.1983,12.2479,12.2881,12.3109,12.3583,12.438,12.4426,12.4959,12.5484,12.568,12.5952,12.6142,12.6406,12.6744,12.7077,12.7405,12.7652,12.8045,12.8433,12.8519,12.9044,12.9343,12.942,12.9856,13.0214,13.0284,13.0563,13.0559,13.1111,13.1586,13.1781,13.1973,13.2297,13.2483,13.28,13.3245,13.3355,13.366,13.3766,13.4194,13.4423,13.4713,13.481,13.5094,13.5312,13.5466,13.5926,13.6196,13.628,13.6545,13.6687,13.7066,13.7381,13.7574,13.7882,13.8187,13.8372,13.8671,13.9023,13.9143,13.9205,13.9492,13.9607,13.9777,14,14.0497,14.0549,14.0546,14.1033,14.1081,14.1344,14.1444,14.1489,14.1534,14.1789,14.1832,14.2083,14.2332,14.2474,14.2615,14.2704,14.2944,14.3081,14.3367
12.61,12.5743,12.5196,12.466,12.4231,12.3524,12.2736,12.2056,12.1481,12.0917,12.0909,12.0991,12.1161,12.1239,12.1667,12.1478,12.181,12.2222,12.2542,12.3025,12.3167,12.3471,12.3852,12.4146,12.4597,12.512,12.5476,12.5906,12.6172,12.6434,12.6769,12.7176,12.7576,12.7669,12.7985,12.837,12.8603,12.8905,12.9275,12.9496,12.9643,12.9787,13.007,13.035,13.0764,13.1172,13.1575,13.1769,13.2027,13.2416,13.2667,13.2781,13.2961,13.3203,13.3636,13.3806,13.4038,13.4204,13.462,13.4717,13.4938,13.5155,13.5309,13.5644,13.5854,13.6121,13.6325,13.6587,13.6786,13.6982,13.7235,13.7485,13.7733,13.7977,13.8218,13.8286,13.8523,13.8701,13.8933,13.905,13.9222,13.9448,13.967,13.9781,13.9837,14.0162,14.0269,14.0428,14.0585,14.0794,14.0947,14.1204,14.1198,14.1244,14.1443,14.1692,14.1633,14.1827,14.202,14.2211
12.6,12.5941,12.5588,12.5049,12.4808,12.4571,12.3962,12.3551,12.3056,12.2752,12.2636,12.2703,12.2679,12.2743,12.2719,12.287,12.319,12.3419,12.3898,12.437,12.4583,12.4628,12.5082,12.5285,12.5645,12.6,12.6111,12.6457,12.6562,12.6744,12.7231,12.7557,12.7576,12.797,12.806,12.8222,12.8456,12.8467,12.8768,12.9065,12.9143,12.9645,12.993,13.014,13.0486,13.069,13.089,13.1224,13.1486,13.1812,13.2267,13.2318,13.2632,13.268,13.2792,13.2774,13.3397,13.3439,13.3671,13.3836,13.3875,13.4161,13.4136,13.4172,13.4085,13.4182,13.4337,13.4551,13.4702,13.4675,13.4882,13.4971,13.5116,13.526,13.5402,13.5429,13.5682,13.5876,13.6011,13.5978,13.6222,13.6243,13.6429,13.6503,13.663,13.6919,13.7097,13.7326,13.7447,13.7566,13.7632,13.7801,13.8073,13.8083,13.8196,13.8154,13.8214,13.8629,13.8535,13.8543
12.59,12.5644,12.5098,12.4757,12.4231,12.3714,12.3113,12.2617,12.2037,12.1376,12.1273,12.1622,12.1696,12.177,12.1667,12.1913,12.2069,12.2393,12.2712,12.3193,12.3417,12.3471,12.3607,12.3902,12.4516,12.48,12.5159,12.5197,12.5625,12.6434,12.7,12.7481,12.7727,12.8045,12.8582,12.9259,12.9485,12.9781,13.0145,13.0288,13.0643,13.1135,13.1549,13.2098,13.2222,13.3034,13.3356,13.3673,13.3919,13.4228,13.46,13.4901,13.5132,13.5425,13.6104,13.6323,13.6603,13.6943,13.6962,13.7233,13.7562,13.7516,13.7654,13.773,13.8049,13.8,13.8193,13.8383,13.8631,13.8639,13.8765,13.8889,13.9244,13.9364,13.9425,13.9714,13.9716,13.9774,13.9944,13.9944,14,14.0497,14.044,14.0546,14.0707,14.0919,14.0914,14.1016,14.117,14.127,14.1368,14.1309,14.1354,14.1451,14.1495,14.1282,14.1633,14.1827,14.202,14.2111
12.61,12.5743,12.5392,12.4854,12.4519,12.4,12.3491,12.2991,12.2315,12.1651,12.1636,12.1351,12.1429,12.1504,12.1316,12.1565,12.1552,12.1966,12.2373,12.2353,12.275,12.314,12.3689,12.3577,12.3871,12.416,12.4286,12.4409,12.4844,12.5194,12.5692,12.6183,12.6439,12.6541,12.6343,12.6815,12.6912,12.7372,12.7536,12.7842,12.7929,12.8227,12.8451,12.8531,12.8611,12.8828,12.8904,12.9184,12.9257,12.9463,12.96,12.9536,12.9737,13.0131,13.0195,13.0452,13.0577,13.0764,13.0949,13.1258,13.1312,13.1366,13.142,13.1472,13.1646,13.1758,13.1867,13.2275,13.2619,13.2959,13.3353,13.3392,13.3605,13.3642,13.3678,13.3943,13.4034,13.4124,13.4326,13.4134,13.4222,13.4309,13.4286,13.4481,13.4457,13.4595,13.4731,13.4813,13.4947,13.4868,13.4947,13.4974,13.5312,13.5389,13.5464,13.559,13.5561,13.5685,13.5707,13.5779
12.61,12.604,12.5686,12.5146,12.4519,12.3714,12.3396,12.2991,12.2222,12.1651,12.1727,12.1712,12.1696,12.1858,12.2105,12.2174,12.2759,12.2821,12.3136,12.3361,12.375,12.3884,12.418,12.4715,12.4758,12.52,12.5476,12.5748,12.6328,12.6589,12.7,12.7634,12.803,12.8496,12.903,12.9407,12.9779,13,13.058,13.0719,13.1214,13.1631,13.1761,13.1888,13.2083,13.2552,13.274,13.2857,13.3108,13.3221,13.3667,13.3907,13.4013,13.4314,13.4675,13.4774,13.4744,13.4968,13.5063,13.5346,13.55,13.5652,13.5864,13.5951,13.6159,13.6364,13.6627,13.6707,13.6845,13.7219,13.7176,13.7544,13.7384,13.7572,13.7931,13.8229,13.8239,13.8362,13.8483,13.8603,13.8556,13.8785,13.9121,13.9126,13.9511,13.973,13.9946,14.0321,14.0266,14.0423,14.0632,14.0785,14.099,14.1036,14.1443,14.1538,14.1633,14.1827,14.1818,14.196
12.62,12.5842,12.5784,12.5049,12.4615,12.3905,12.3208,12.271,12.1944,12.1376,12.1273,12.1351,12.1518,12.1593,12.1842,12.1739,12.2155,12.2479,12.2542,12.2773,12.3333,12.3471,12.3852,12.4553,12.4758,12.512,12.5397,12.5591,12.6094,12.6357,12.6538,12.7023,12.7424,12.7594,12.8209,12.8741,12.9118,12.9708,13.0072,13.0216,13.0571,13.0922,13.1197,13.1469,13.1944,13.2207,13.2671,13.2857,13.3041,13.3289,13.3467,13.3709,13.4145,13.4183,13.4286,13.4387,13.4615,13.4841,13.5127,13.5535,13.5875,13.5901,13.6173,13.6442,13.6463,13.697,13.7169,13.7365,13.7798,13.8225,13.8412,13.8596,13.8779,13.9017,13.9195,13.9486,13.9659,13.9718,13.9888,14,14.0111,14.0442,14.0604,14.0874,14.1087,14.1189,14.129,14.1604,14.1596,14.1958,14.2263,14.2304,14.2604,14.2642,14.2629,14.2821,14.2959,14.3147,14.3182,14.3417
12.63,12.604,12.5588,12.5146,12.4615,12.4095,12.3679,12.3271,12.25,12.1743,12.1727,12.2072,12.2143,12.2212,12.2281,12.2348,12.2586,12.2906,12.3051,12.3193,12.3583,12.3967,12.4426,12.4715,12.5161,12.576,12.6111,12.6693,12.6953,12.7364,12.7769,12.8244,12.8939,12.9098,12.9403,12.9852,13.0294,13.0584,13.0797,13.1007,13.1643,13.2057,13.2394,13.2867,13.2917,13.3172,13.3356,13.3673,13.3986,13.4027,13.4533,13.4768,13.5066,13.5621,13.5844,13.6194,13.6538,13.6752,13.7152,13.7296,13.775,13.7888,13.8086,13.8282,13.8354,13.8667,13.8855,13.9042,13.9524,13.9822,13.9941,14.0234,14.0581,14.0751,14.0977,14.1314,14.1591,14.1582,14.1629,14.1899,14.2056,14.2431,14.2582,14.3005,14.3261,14.3459,14.3763,14.4064,14.4149,14.4709,14.4842,14.4974,14.5104,14.5285,14.5412,14.5744,14.5918,14.6091,14.6212,14.6432
12.62,12.5644,12.5196,12.4757,12.4231,12.3619,12.3208,12.2617,12.2037,12.1376,12.1182,12.1171,12.1071,12.1239,12.1228,12.1304,12.1724,12.1624,12.1864,12.2437,12.2833,12.2893,12.3279,12.3902,12.4113,12.456,12.4683,12.5197,12.5234,12.5426,12.5769,12.6031,12.6364,12.6541,12.6716,12.6889,12.7059,12.7153,12.7536,12.7554,12.8071,12.7943,12.8099,12.8252,12.8611,12.8897,12.911,12.9524,12.9662,13.0067,13.0267,13.0662,13.0724,13.0915,13.1104,13.1161,13.1346,13.1911,13.2152,13.2327,13.2375,13.2547,13.2716,13.2945,13.311,13.3333,13.3614,13.3772,13.4167,13.426,13.4412,13.4678,13.5116,13.5318,13.5287,13.5429,13.5739,13.5819,13.6067,13.6145,13.65,13.6685,13.6868,13.694,13.712,13.7081,13.7312,13.738,13.7553,13.7619,13.7842,13.7906,13.8021,13.8342,13.8299,13.841,13.8265,13.8477,13.8687,13.8794
12.63,12.5941,12.5392,12.5243,12.4519,12.3905,12.3396,12.2897,12.2593,12.1835,12.1636,12.1532,12.1607,12.1681,12.1842,12.1913,12.2155,12.2564,12.2627,12.3025,12.3167,12.3471,12.377,12.4146,12.4677,12.512,12.5556,12.5906,12.6172,12.6434,12.6692,12.7099,12.7348,12.7744,12.8209,12.8148,12.8603,12.8978,12.9058,12.9568,12.9786,13.0355,13.0423,13.0559,13.0833,13.0897,13.137,13.1497,13.1689,13.1946,13.2333,13.2715,13.3026,13.3203,13.3442,13.3871,13.4167,13.4204,13.4304,13.4717,13.5062,13.5031,13.5185,13.5399,13.5671,13.6061,13.6325,13.6587,13.6786,13.6982,13.7118,13.7544,13.7674,13.7803,13.8276,13.84,13.8693,13.8983,13.9213,13.9274,13.9444,13.9669,14,14.0164,14.0435,14.0432,14.0591,14.0749,14.1223,14.1323,14.1421,14.1623,14.1979,14.2073,14.232,14.2308,14.2551,14.2893,14.3182,14.3266
12.63,12.6139,12.5784,12.5243,12.4712,12.4286,12.3585,12.3084,12.2593,12.1927,12.2,12.1982,12.2143,12.2301,12.2544,12.2435,12.2586,12.2735,12.2966,12.3109,12.3583,12.3802,12.4262,12.4553,12.4919,12.52,12.5397,12.5591,12.5938,12.6202,12.6692,12.687,12.7197,12.7594,12.791,12.7926,12.8162,12.8394,12.8841,12.9065,12.9071,12.9645,12.9789,12.993,13.0139,13.0552,13.0753,13.102,13.1351,13.1477,13.1733,13.1921,13.2303,13.268,13.2857,13.329,13.3526,13.3503,13.3734,13.4088,13.4313,13.4534,13.463,13.4785,13.4939,13.5333,13.5482,13.5629,13.5833,13.5976,13.6059,13.6199,13.6453,13.6821,13.7011,13.7257,13.7614,13.7627,13.7753,13.7989,13.7944,13.8066,13.8352,13.8361,13.8478,13.8649,13.8925,13.9198,13.9362,13.963,13.9842,14.0157,14.0469,14.0518,14.0619,14.0769,14.0867,14.1015,14.1111,14.1106
12.59,12.5644,12.5392,12.466,12.3942,12.3333,12.283,12.2336,12.1852,12.1376,12.1545,12.1622,12.1696,12.177,12.1579,12.1739,12.1897,12.2051,12.2034,12.2185,12.2333,12.2727,12.2951,12.3252,12.3468,12.408,12.4603,12.4724,12.5078,12.5504,12.5923,12.626,12.6591,12.6842,12.7015,12.7481,12.7941,12.8467,12.8913,12.9137,12.9214,12.9574,12.9507,12.979,13.0069,13.0345,13.0822,13.0952,13.0878,13.1007,13.12,13.1391,13.1711,13.1895,13.2338,13.2645,13.2692,13.3057,13.3418,13.3648,13.3812,13.4099,13.4259,13.4294,13.4329,13.4667,13.506,13.509,13.5179,13.5621,13.5765,13.6023,13.6279,13.6185,13.6494,13.6514,13.6705,13.7119,13.7472,13.7598,13.7444,13.7569,13.7857,13.7923,13.7989,13.8378,13.8441,13.8556,13.867,13.8942,13.8947,13.8901,13.9531,13.9741,13.9691,13.9846,13.9949,14.0051,14.0303,14.0503
12.61,12.5842,12.549,12.4854,12.4231,12.3714,12.3396,12.2804,12.2222,12.1651,12.1545,12.1802,12.1875,12.1858,12.1754,12.2087,12.1897,12.2051,12.2542,12.2773,12.325,12.3388,12.377,12.3984,12.4113,12.448,12.5,12.5512,12.5781,12.6202,12.6538,12.687,12.7273,12.7744,12.806,12.837,12.8603,12.8832,12.9058,12.9281,12.95,12.9716,13.0141,13.042,13.0625,13.0828,13.1233,13.1497,13.1892,13.1946,13.2133,13.2119,13.2237,13.2614,13.2792,13.3161,13.3205,13.3567,13.3861,13.3962,13.4125,13.4224,13.4383,13.4479,13.4939,13.5212,13.5361,13.5389,13.5655,13.568,13.5765,13.5848,13.5872,13.5838,13.592,13.5886,13.5966,13.5932,13.6067,13.6145,13.6278,13.6298,13.6484,13.6612,13.6848,13.6757,13.6935,13.7005,13.7021,13.7143,13.7158,13.7277,13.75,13.7668,13.7784,13.7795,13.7908,13.802,13.803,13.8241
12.6,12.5842,12.5588,12.5146,12.4327,12.3714,12.3019,12.243,12.1667,12.1101,12.1364,12.1441,12.1607,12.1593,12.1667,12.2,12.2328,12.265,12.2966,12.2857,12.3167,12.3554,12.3934,12.4309,12.4597,12.48,12.5079,12.5354,12.5703,12.5891,12.6154,12.6718,12.7045,12.7068,12.7761,12.8222,12.8456,12.8613,12.8841,12.9065,12.9357,12.9645,13.007,13.014,13.0278,13.0483,13.0685,13.1224,13.1486,13.1812,13.2133,13.2384,13.25,13.3007,13.3377,13.3419,13.3526,13.3758,13.4051,13.4528,13.475,13.5155,13.5432,13.5767,13.6098,13.5879,13.5964,13.6228,13.6488,13.6686,13.6824,13.7076,13.7326,13.7514,13.7644,13.8057,13.8239,13.8136,13.8371,13.8436,13.8833,13.895,13.9121,13.8962,13.9293,13.9568,13.9731,13.9733,13.9947,14.0159,14.0474,14.0628,14.0833,14.0933,14.1186,14.1128,14.1071,14.1472,14.1616,14.1759
12.61,12.6139,12.5686,12.5146,12.4808,12.4095,12.3396,12.2804,12.2037,12.1376,12.1364,12.1441,12.1518,12.1681,12.193,12.2,12.2328,12.2393,12.2712,12.2857,12.325,12.3554,12.3689,12.3984,12.4113,12.448,12.4841,12.5197,12.5625,12.5814,12.6308,12.6489,12.6591,12.6917,12.7313,12.7778,12.8309,12.854,12.8623,12.8849,12.9214,12.9433,12.993,13.042,13.0833,13.0966,13.1027,13.1361,13.1824,13.1946,13.22,13.2318,13.25,13.2745,13.2857,13.3032,13.3205,13.3567,13.3797,13.4088,13.425,13.472,13.4938,13.5092,13.5183,13.5394,13.5602,13.5868,13.6071,13.6213,13.6353,13.6433,13.6453,13.6647,13.7011,13.7086,13.7159,13.7345,13.7416,13.743,13.7389,13.7514,13.7802,13.7923,13.8152,13.8216,13.8387,13.8556,13.8723,13.8836,13.8895,13.9058,13.9427,13.9585,13.9742,13.9897,14.0051,14.0203,14.0354,14.0503
12.6,12.5842,12.5588,12.5146,12.5,12.4381,12.3962,12.3364,12.2685,12.2202,12.2182,12.2342,12.2321,12.2389,12.2719,12.3043,12.3103,12.3333,12.3475,12.395,12.4167,12.4545,12.4672,12.5203,12.5161,12.584,12.627,12.6614,12.6797,12.6899,12.7231,12.771,12.7727,12.8195,12.8209,12.8667,12.8824,12.8978,12.9275,12.9353,12.9786,13.0071,13.0493,13.0699,13.0972,13.1034,13.1301,13.1633,13.1892,13.2013,13.2333,13.2185,13.25,13.2745,13.3117,13.3226,13.3526,13.3949,13.3987,13.4088,13.4,13.441,13.4506,13.4601,13.4573,13.4727,13.494,13.515,13.5298,13.5562,13.5706,13.5731,13.5872,13.6243,13.6264,13.64,13.6477,13.678,13.6966,13.7207,13.7111,13.7348,13.7473,13.7541,13.788,13.7892,13.8065,13.8235,13.8404,13.8519,13.8684,13.8586,13.875,13.9119,13.9175,13.9333,13.9388,13.9594,13.9545,13.9698
12.62,12.604,12.5882,12.534,12.5,12.4476,12.3868,12.3084,12.2593,12.2018,12.2091,12.2072,12.2143,12.2124,12.2193,12.2174,12.2328,12.2393,12.2627,12.3025,12.3,12.314,12.3525,12.3984,12.4274,12.472,12.5079,12.5669,12.5781,12.6124,12.6538,12.7023,12.75,12.797,12.8358,12.8519,12.8824,12.9197,12.942,13.0072,13.0429,13.078,13.0845,13.0909,13.1181,13.1586,13.1918,13.2041,13.2432,13.2752,13.2933,13.3311,13.3618,13.3725,13.3766,13.3935,13.4167,13.4395,13.4367,13.4465,13.4437,13.4783,13.4815,13.5153,13.5427,13.5455,13.5542,13.5749,13.6071,13.6154,13.6471,13.6491,13.6628,13.6532,13.6782,13.6857,13.6932,13.7062,13.7135,13.743,13.75,13.7569,13.7857,13.8197,13.8207,13.8486,13.8548,13.861,13.8723,13.8783,13.8789,13.8848,13.8906,13.9119,13.9278,13.9333,13.9439,13.9442,13.9343,13.9497
12.63,12.5941,12.5588,12.5146,12.4712,12.419,12.3491,12.2991,12.2315,12.1743,12.1727,12.1802,12.2054,12.2035,12.2368,12.2261,12.2414,12.2564,12.2542,12.3025,12.3167,12.3719,12.3934,12.4228,12.4516,12.48,12.5079,12.5512,12.5938,12.6124,12.6615,12.6718,12.7197,12.7594,12.7612,12.7778,12.8162,12.8394,12.8986,12.9209,12.95,12.9645,13,13.014,13.0347,13.0621,13.0685,13.0952,13.1284,13.1409,13.1667,13.1788,13.2171,13.2092,13.2403,13.2516,13.2628,13.3057,13.3354,13.3522,13.3812,13.4037,13.4198,13.4356,13.4512,13.4606,13.5181,13.5269,13.5357,13.5444,13.5588,13.5789,13.5872,13.6243,13.6437,13.6686,13.6761,13.7006,13.7247,13.7318,13.7611,13.7624,13.7802,13.7814,13.7935,13.7892,13.8118,13.8075,13.8245,13.836,13.8474,13.8639,13.8854,13.8808,13.8969,13.9231,13.9337,13.9492,13.9646,13.9799
12.62,12.6337,12.5784,12.5243,12.4712,12.4095,12.3491,12.3084,12.25,12.1743,12.1909,12.1892,12.2054,12.2212,12.2368,12.2435,12.2586,12.265,12.2712,12.2857,12.3,12.3636,12.377,12.4065,12.4597,12.496,12.5397,12.5591,12.5938,12.6357,12.6769,12.7252,12.7652,12.797,12.8358,12.8741,12.9191,12.9562,13,13.036,13.0643,13.0993,13.1338,13.1748,13.2083,13.2552,13.2671,13.3061,13.3378,13.349,13.3867,13.404,13.4474,13.4771,13.5,13.5419,13.5833,13.5924,13.6266,13.6478,13.6562,13.6646,13.6852,13.7117,13.7439,13.7697,13.7651,13.7844,13.8512,13.8639,13.8765,13.8947,13.936,13.9364,13.9713,13.9886,13.9773,14,14.0169,14.0503,14.0722,14.0939,14.1154,14.1202,14.1304,14.1459,14.1667,14.1925,14.2021,14.2116,14.2316,14.2408,14.2552,14.285,14.3196,14.3128,14.3112,14.335,14.3434,14.3518
12.63,12.6337,12.598,12.534,12.4808,12.4476,12.3679,12.3364,12.2778,12.2202,12.2273,12.2252,12.2321,12.2212,12.2281,12.2435,12.2414,12.2564,12.2797,12.3193,12.3417,12.3719,12.4098,12.3984,12.4274,12.472,12.5,12.5276,12.5703,12.6047,12.6385,12.6794,12.7045,12.7293,12.7463,12.763,12.7941,12.7956,12.8261,12.8777,12.9143,12.9362,12.9859,13.014,13.0417,13.0621,13.089,13.1429,13.1554,13.1812,13.18,13.2185,13.25,13.3137,13.3377,13.3806,13.3974,13.414,13.462,13.4843,13.5,13.5031,13.5432,13.5521,13.5732,13.6121,13.6325,13.6467,13.6845,13.6982,13.7118,13.7135,13.7616,13.7803,13.7874,13.8057,13.8409,13.8588,13.8652,13.8883,13.9222,13.9282,13.9505,13.9836,13.9891,14.0216,14.043,14.0535,14.0638,14.0476,14.0421,14.0524,14.0833,14.114,14.1443,14.1692,14.1786,14.1777,14.2071,14.201
12.62,12.5941,12.549,12.4951,12.4038,12.3333,12.283,12.243,12.1944,12.1284,12.1091,12.1351,12.1607,12.1681,12.193,12.2174,12.25,12.265,12.2712,12.3025,12.325,12.3884,12.418,12.4309,12.4839,12.496,12.5556,12.5906,12.6094,12.6202,12.6462,12.6565,12.6667,12.6917,12.7164,12.763,12.7941,12.8102,12.8333,12.8633,12.8857,12.8936,12.9014,12.9231,12.9583,12.9862,13.0068,13.034,13.0473,13.0537,13.0667,13.0861,13.0987,13.1111,13.1299,13.1548,13.1731,13.1975,13.2152,13.239,13.2375,13.236,13.2654,13.3006,13.311,13.3152,13.3193,13.3234,13.3333,13.3432,13.3529,13.3509,13.3547,13.3526,13.3678,13.3829,13.3864,13.4011,13.4157,13.4302,13.4389,13.442,13.4396,13.4426,13.4511,13.4432,13.4516,13.4492,13.4681,13.4656,13.4737,13.5026,13.4948,13.5026,13.5206,13.5179,13.5306,13.5533,13.5505,13.5729
12.59,12.5545,12.5294,12.4563,12.4135,12.3619,12.2925,12.2243,12.1667,12.1101,12.1091,12.1171,12.1161,12.1062,12.1228,12.1652,12.1552,12.1709,12.1864,12.2101,12.2583,12.3471,12.3934,12.4065,12.4435,12.464,12.5238,12.5354,12.5703,12.6279,12.6538,12.7023,12.7197,12.7444,12.7687,12.7852,12.8309,12.854,12.8986,12.9209,12.9429,12.9858,13.0141,13.049,13.0903,13.1241,13.1507,13.1565,13.1824,13.2081,13.2267,13.2649,13.3158,13.3203,13.3571,13.3871,13.4167,13.4459,13.462,13.4906,13.5188,13.5217,13.5494,13.5706,13.5854,13.6121,13.6084,13.6228,13.6726,13.716,13.7353,13.7719,13.7733,13.7919,13.8218,13.8629,13.875,13.904,13.8989,13.9274,13.9333,13.9669,14,14.0219,14.038,14.0595,14.0914,14.1283,14.1436,14.1481,14.1947,14.2042,14.2083,14.2332,14.2423,14.2564,14.2857,14.2944,14.303,14.3116
12.61,12.5743,12.5294,12.4854,12.3942,12.3619,12.283,12.243,12.1852,12.1468,12.1455,12.1441,12.1429,12.1416,12.1667,12.1652,12.1552,12.1795,12.2203,12.2437,12.2833,12.3223,12.3197,12.3659,12.4032,12.44,12.4683,12.4961,12.5391,12.5736,12.6077,12.626,12.6515,12.6767,12.7239,12.7481,12.7721,12.8102,12.8623,12.8921,12.9143,12.9574,13.007,13.042,13.0764,13.0897,13.1233,13.1429,13.2027,13.2416,13.2533,13.2715,13.3158,13.3399,13.3571,13.3935,13.4103,13.4268,13.481,13.4843,13.5062,13.5093,13.5123,13.5337,13.5671,13.5818,13.6024,13.6108,13.6488,13.6686,13.6941,13.7135,13.7209,13.763,13.7701,13.7886,13.8011,13.8305,13.8483,13.8547,13.8722,13.9061,13.9176,13.9454,13.9728,13.9676,13.9892,14.016,14.0426,14.0529,14.0684,14.0785,14.1094,14.1192,14.134,14.1436,14.1633,14.1929,14.2121,14.2312
12.63,12.5941,12.5392,12.5146,12.4615,12.4286,12.3679,12.2897,12.2222,12.1651,12.1909,12.1892,12.1696,12.1858,12.2018,12.2174,12.2414,12.265,12.3136,12.3277,12.3667,12.3802,12.418,12.4472,12.4919,12.52,12.5556,12.5827,12.6328,12.6822,12.7154,12.7328,12.7879,12.8421,12.8806,12.8963,12.9706,12.9708,13.0145,13.0504,13.1143,13.1489,13.2042,13.2238,13.2431,13.3034,13.3356,13.381,13.4054,13.4295,13.4733,13.5033,13.5197,13.5294,13.6104,13.6387,13.6859,13.7197,13.7595,13.7799,13.7937,13.8137,13.8457,13.8712,13.8902,13.8909,13.9277,13.9461,13.9702,14.0237,14.0235,14.0292,14.0465,14.104,14.1207,14.1371,14.1534,14.1695,14.2022,14.2179,14.25,14.2818,14.2637,14.2787,14.3098,14.3243,14.3548,14.3369,14.3777,14.3968,14.4158,14.4188,14.4167,14.4352,14.4433,14.4667,14.4694,14.4873,14.5101,14.5477
12.62,12.5941,12.5686,12.5534,12.4808,12.4381,12.3679,12.3084,12.2685,12.2202,12.2091,12.2162,12.2232,12.1947,12.2105,12.2261,12.2845,12.2735,12.3136,12.3193,12.35,12.3884,12.4098,12.4146,12.4597,12.488,12.5238,12.5591,12.6016,12.6434,12.6846,12.7099,12.7424,12.797,12.8209,12.8667,12.8971,12.9416,12.9928,13.0216,13.0571,13.0709,13.1127,13.1189,13.1319,13.1517,13.1986,13.1973,13.2027,13.2617,13.3,13.3444,13.3553,13.3791,13.4026,13.4387,13.4551,13.4968,13.5253,13.5597,13.575,13.5901,13.6235,13.6564,13.6707,13.7212,13.741,13.7844,13.8214,13.8521,13.8588,13.8772,13.907,13.9306,13.9425,13.9657,13.9943,14,14.0169,14.0447,14.05,14.0718,14.0934,14.1148,14.1359,14.1676,14.1882,14.1872,14.2021,14.2116,14.2421,14.2565,14.2656,14.2746,14.299,14.3026,14.301,14.3198,14.3586,14.3467
12.62,12.5842,12.549,12.5146,12.4519,12.4,12.3302,12.2897,12.2407,12.1743,12.1545,12.1712,12.2054,12.2124,12.2105,12.2348,12.25,12.3077,12.3475,12.3866,12.375,12.405,12.4508,12.4878,12.5403,12.576,12.627,12.6614,12.6953,12.7519,12.7846,12.8244,12.8712,12.9248,12.9478,13.0074,13.0515,13.0876,13.1304,13.1655,13.2286,13.2482,13.2958,13.3287,13.3819,13.4069,13.4521,13.4694,13.527,13.557,13.58,13.6225,13.6579,13.6928,13.7273,13.7613,13.7885,13.8344,13.8608,13.8931,13.9,13.9503,13.9753,14.0123,14.061,14.0727,14.0904,14.1078,14.1488,14.142,14.1647,14.1871,14.2151,14.2428,14.2701,14.2971,14.3182,14.339,14.3539,14.3799,14.4111,14.4365,14.4615,14.4699,14.4946,14.5351,14.5645,14.5829,14.5904,14.6138,14.6368,14.6545,14.6719,14.6891,14.7113,14.7436,14.7704,14.7716,14.7929,14.804
12.64,12.6337,12.5784,12.5243,12.4808,12.419,12.3396,12.3178,12.2593,12.1927,12.2273,12.2252,12.2143,12.2212,12.2544,12.2348,12.2586,12.2991,12.3051,12.3193,12.3333,12.3719,12.4262,12.4472,12.4839,12.52,12.5397,12.5591,12.6016,12.6357,12.7,12.7252,12.7424,12.7669,12.791,12.8148,12.8235,12.854,12.8841,12.9209,12.9357,12.9645,12.993,12.993,13.0417,13.0828,13.089,13.1088,13.1622,13.1745,13.2,13.2384,13.2697,13.3007,13.3052,13.3548,13.4103,13.4331,13.4494,13.4843,13.4812,13.5031,13.5185,13.5337,13.5549,13.5636,13.5904,13.6168,13.6429,13.6686,13.6824,13.7018,13.7209,13.7457,13.7701,13.7771,13.7955,13.7966,13.8258,13.8603,13.8778,13.8785,13.8846,13.8907,13.9185,13.9405,13.957,13.9786,13.9947,14.0106,14.0158,14.0262,14.0521,14.0415,14.0567,14.0718,14.0867,14.0914,14.1111,14.1106
12.59,12.5743,12.5392,12.4854,12.4327,12.4,12.3396,12.2804,12.2315,12.156,12.1545,12.1892,12.1696,12.2035,12.2018,12.2261,12.2414,12.2735,12.2966,12.3193,12.3583,12.3884,12.4016,12.4228,12.4516,12.48,12.5317,12.5591,12.6328,12.6744,12.7231,12.7786,12.803,12.8421,12.8806,12.9185,12.9412,12.9489,13.0072,13.0576,13.0857,13.1206,13.1408,13.1818,13.2222,13.2414,13.2603,13.2721,13.277,13.2886,13.32,13.3311,13.3355,13.366,13.3831,13.4323,13.4359,13.4331,13.481,13.4906,13.5188,13.5466,13.5617,13.5951,13.622,13.6182,13.6446,13.6647,13.6905,13.7278,13.7412,13.7661,13.8023,13.8208,13.8506,13.8629,13.8693,13.8983,13.9101,13.9497,13.9611,13.9834,13.9835,13.9891,14.0054,14.0108,14.0591,14.0749,14.1011,14.1005,14.1158,14.1152,14.1146,14.1295,14.1289,14.1436,14.1582,14.1827,14.2222,14.2261
12.64,12.5941,12.5588,12.4951,12.4327,12.4,12.3491,12.2804,12.2315,12.1835,12.1818,12.1892,12.1964,12.2301,12.2368,12.2522,12.3103,12.3162,12.339,12.3529,12.375,12.4132,12.4344,12.4634,12.4758,12.512,12.5476,12.5827,12.6094,12.6899,12.7231,12.7634,12.7727,12.8195,12.8358,12.8889,12.9118,12.9781,13.0072,13.036,13.0571,13.0709,13.0634,13.1189,13.1458,13.1448,13.1712,13.1973,13.2162,13.2282,13.2333,13.2119,13.2171,13.2418,13.2597,13.2581,13.2949,13.2994,13.3101,13.327,13.3562,13.3602,13.3642,13.3804,13.4024,13.4242,13.4398,13.4371,13.4405,13.4734,13.4765,13.5263,13.5756,13.5896,13.592,13.6057,13.625,13.6328,13.6517,13.6425,13.6556,13.674,13.6978,13.694,13.6902,13.6865,13.6774,13.7273,13.7181,13.7354,13.7211,13.7225,13.7188,13.7409,13.7474,13.7641,13.7806,13.7716,13.7677,13.7739
12.62,12.5941,12.5784,12.5146,12.4519,12.3905,12.3491,12.2991,12.2407,12.1927,12.2091,12.2523,12.2411,12.2389,12.2544,12.2696,12.3103,12.3248,12.3559,12.3782,12.4,12.4298,12.4508,12.4878,12.5,12.552,12.5873,12.6063,12.625,12.6589,12.6769,12.687,12.7273,12.7519,12.7761,12.8296,12.8456,12.8467,12.8841,12.8921,12.8857,12.9078,12.9577,12.972,13,13.0069,13.0342,13.0408,13.0405,13.0872,13.12,13.1457,13.1776,13.2026,13.2208,13.2581,13.2821,13.2994,13.3481,13.3648,13.375,13.3851,13.3889,13.4049,13.4268,13.4485,13.494,13.503,13.5179,13.5503,13.5941,13.6257,13.6453,13.6474,13.6782,13.68,13.6875,13.7062,13.7303,13.7598,13.7778,13.768,13.8297,13.8306,13.8315,13.8432,13.8763,13.8824,13.9202,13.9206,13.9368,13.9529,13.9635,13.9793,13.9948,13.9949,14.0102,14.0254,14.0253,14.0503
12.6,12.5743,12.5392,12.4854,12.4327,12.3619,12.283,12.2336,12.1667,12.1284,12.1273,12.1441,12.1607,12.1681,12.1754,12.1478,12.1552,12.188,12.2373,12.2521,12.275,12.3058,12.3279,12.374,12.4274,12.456,12.5,12.5512,12.5781,12.6202,12.6846,12.7328,12.7879,12.812,12.8358,12.8593,12.8824,12.8978,12.9058,12.9424,12.9714,13.0071,13.0493,13.0769,13.0833,13.1172,13.137,13.1497,13.1824,13.1879,13.2133,13.2185,13.2368,13.2484,13.2597,13.2839,13.3205,13.3248,13.3608,13.3774,13.3812,13.4037,13.4321,13.4233,13.4329,13.4424,13.4398,13.4551,13.494,13.503,13.5118,13.5263,13.5581,13.5665,13.5747,13.5886,13.608,13.6102,13.618,13.6536,13.6611,13.6796,13.6923,13.6995,13.6957,13.6973,13.6882,13.7219,13.7394,13.7407,13.7632,13.7592,13.7656,13.7668,13.7938,13.8051,13.801,13.802,13.8081,13.809
12.62,12.6139,12.5784,12.4951,12.4423,12.3619,12.3208,12.2617,12.213,12.1651,12.1455,12.1622,12.1518,12.1239,12.1754,12.1565,12.1983,12.2137,12.2627,12.2941,12.3083,12.3388,12.3607,12.4065,12.4194,12.464,12.5079,12.5276,12.5781,12.6357,12.6692,12.6794,12.7045,12.7444,12.806,12.8444,12.8897,12.9197,12.9348,12.9496,12.9714,13.0071,13.0211,13.042,13.0764,13.0897,13.1164,13.1361,13.1216,13.1477,13.1733,13.1987,13.2105,13.2614,13.2727,13.2903,13.3077,13.3376,13.3734,13.3899,13.425,13.4658,13.4938,13.5337,13.5305,13.5576,13.5602,13.5928,13.6071,13.6272,13.6471,13.655,13.6744,13.6879,13.7011,13.7086,13.6989,13.7175,13.7247,13.7486,13.7611,13.8011,13.8077,13.8197,13.8261,13.827,13.8495,13.8556,13.8777,13.8889,13.9,13.911,13.901,13.943,13.9227,13.9282,13.949,13.9543,13.9545,13.9648
12.61,12.6139,12.5882,12.5146,12.4423,12.3714,12.3208,12.2336,12.1852,12.1284,12.1545,12.1351,12.1339,12.1327,12.1491,12.1652,12.1983,12.2137,12.2881,12.3025,12.3083,12.3306,12.3361,12.3902,12.4274,12.456,12.5,12.5512,12.5938,12.6589,12.6923,12.7176,12.7197,12.7519,12.791,12.8148,12.8676,12.8905,12.9203,12.9568,12.9857,13.0071,13.0423,13.0909,13.1111,13.1793,13.2055,13.2245,13.25,13.2752,13.3,13.3046,13.3092,13.3268,13.3506,13.3806,13.4038,13.414,13.4494,13.4717,13.475,13.5093,13.5123,13.546,13.5793,13.5939,13.6325,13.6347,13.6429,13.6391,13.6647,13.6842,13.7267,13.7168,13.7241,13.7429,13.75,13.8023,13.809,13.8324,13.8444,13.8453,13.8626,13.9071,13.9348,13.9459,13.9839,13.9947,13.9894,14.0106,14.0053,14.0366,14.0781,14.0622,14.0722,14.1026,14.1276,14.1421,14.1414,14.1558
12.62,12.5941,12.549,12.4951,12.4615,12.419,12.3679,12.2991,12.2315,12.156,12.1636,12.1441,12.1786,12.1858,12.2281,12.2435,12.2845,12.3162,12.3559,12.3697,12.4,12.4298,12.4508,12.4715,12.4919,12.544,12.5635,12.5906,12.6484,12.6744,12.6769,12.7099,12.7424,12.7669,12.8209,12.8593,12.875,12.9124,12.942,12.9568,12.9714,13.0071,13.0282,13.049,13.0625,13.0897,13.1233,13.1497,13.1689,13.1946,13.1933,13.2119,13.2368,13.2549,13.2987,13.3161,13.3846,13.3822,13.3924,13.4403,13.4688,13.4783,13.5185,13.546,13.5732,13.6242,13.6265,13.6467,13.6845,13.7101,13.7353,13.7661,13.75,13.7919,13.8103,13.8343,13.8466,13.8757,13.8989,13.9218,13.9722,13.989,14.011,14.0109,14.0272,14.0432,14.0645,14.107,14.1277,14.1481,14.1526,14.1728,14.1771,14.1917,14.201,14.2256,14.2398,14.2437,14.2475,14.2462
12.6,12.5545,12.5196,12.5049,12.4519,12.3905,12.3396,12.271,12.2222,12.1651,12.1636,12.1892,12.2054,12.2301,12.2544,12.2609,12.2845,12.2821,12.3136,12.3529,12.4,12.4628,12.4918,12.4959,12.5403,12.592,12.6429,12.6772,12.7188,12.7597,12.8154,12.8626,12.9091,12.9323,12.9627,13.0148,13.0515,13.1022,13.1232,13.1583,13.1571,13.1915,13.2324,13.2517,13.2917,13.331,13.363,13.4014,13.4459,13.4765,13.5067,13.5166,13.5263,13.549,13.5974,13.5935,13.6218,13.6369,13.6709,13.6918,13.7125,13.7578,13.7716,13.7975,13.8476,13.8606,13.8795,13.8982,13.9226,13.9231,13.9471,13.9708,14.0058,14.0289,14.0517,14.0571,14.0966,14.096,14.1067,14.1173,14.1667,14.1657,14.1978,14.235,14.2337,14.2541,14.2742,14.2941,14.3085,14.3333,14.3368,14.3665,14.3958,14.4145,14.4278,14.4359,14.4184,14.4365,14.4444,14.4673
12.61,12.5743,12.5392,12.5146,12.4615,12.4,12.3491,12.2804,12.2315,12.1651,12.1455,12.1622,12.1696,12.177,12.1842,12.2348,12.25,12.2906,12.3051,12.3277,12.3833,12.3967,12.4426,12.4715,12.5161,12.568,12.6111,12.6693,12.6953,12.7364,12.7538,12.7557,12.7955,12.812,12.806,12.8296,12.8456,12.854,12.8768,12.9209,12.9214,12.9433,12.9577,12.972,12.9722,13.0069,13.0205,13.034,13.0608,13.0671,13.0733,13.0993,13.1118,13.1307,13.1364,13.1484,13.1795,13.1783,13.2089,13.2075,13.2188,13.2422,13.284,13.2883,13.2927,13.3212,13.3193,13.3054,13.3095,13.3373,13.3588,13.3977,13.4244,13.4162,13.4138,13.4229,13.4375,13.4576,13.4775,13.486,13.5,13.5028,13.5,13.4973,13.5163,13.5297,13.5538,13.5668,13.5745,13.5979,13.6263,13.6492,13.6667,13.6839,13.7113,13.7282,13.7398,13.7462,13.7626,13.7739
12.61,12.5941,12.5784,12.5534,12.4904,12.4667,12.4151,12.3645,12.287,12.2202,12.2273,12.2252,12.2232,12.2212,12.2632,12.2522,12.2586,12.2821,12.339,12.3613,12.3833,12.3967,12.4426,12.4553,12.5081,12.568,12.5794,12.622,12.6484,12.6977,12.7231,12.771,12.8106,12.8346,12.8657,12.8963,12.9191,12.9416,12.9783,13.0072,13.0357,13.078,13.1056,13.1399,13.1667,13.2,13.2329,13.2653,13.3041,13.302,13.3133,13.3245,13.3421,13.3725,13.3961,13.4194,13.4231,13.4459,13.4557,13.4591,13.4875,13.5093,13.537,13.546,13.5793,13.5939,13.6205,13.6287,13.6369,13.6627,13.6706,13.6784,13.686,13.711,13.7414,13.7429,13.7614,13.7797,13.7921,13.8212,13.8278,13.8453,13.8736,13.9071,13.9185,13.9351,13.9301,13.9679,13.984,13.9841,13.9842,14,14.026,14.0155,14.0567,14.0564,14.0765,14.0812,14.096,14.1055
12.61,12.5545,12.5392,12.4854,12.4423,12.3905,12.3396,12.2897,12.2407,12.1835,12.2091,12.1982,12.2411,12.2212,12.2193,12.2522,12.2414,12.2821,12.2797,12.3109,12.3333,12.3471,12.3934,12.4309,12.4597,12.448,12.4683,12.4961,12.5391,12.5736,12.6077,12.6183,12.6439,12.6692,12.7164,12.7407,12.7794,12.8321,12.8478,12.8849,12.9071,12.9149,12.9507,12.986,13.0347,13.069,13.089,13.1156,13.1486,13.1946,13.2133,13.2583,13.2632,13.3268,13.3377,13.3613,13.391,13.4395,13.462,13.4843,13.525,13.5466,13.5802,13.6074,13.622,13.6606,13.6807,13.7066,13.6845,13.7101,13.7353,13.7661,13.7907,13.8208,13.8276,13.84,13.8693,13.8757,13.8933,13.9106,13.9444,13.9779,13.989,13.9836,14.0109,14.0054,14.0323,14.0374,14.0585,14.0899,14.1053,14.1309,14.1562,14.1865,14.201,14.2205,14.2296,14.2487,14.2626,14.2915
12.6,12.5446,12.5,12.466,12.4038,12.3619,12.3208,12.2523,12.2037,12.1376,12.1364,12.1261,12.1161,12.1327,12.1404,12.1652,12.1638,12.1795,12.1864,12.2101,12.2333,12.2645,12.3115,12.3333,12.3629,12.384,12.373,12.3937,12.4609,12.4806,12.5,12.5573,12.5606,12.594,12.6343,12.7037,12.7206,12.7956,12.8261,12.8777,12.8786,12.922,12.9648,12.979,13,13.0414,13.0822,13.0952,13.1351,13.1611,13.18,13.1987,13.2105,13.2222,13.2468,13.2645,13.2821,13.3248,13.3354,13.3774,13.3938,13.4348,13.4444,13.4601,13.4634,13.497,13.5181,13.5329,13.5536,13.5621,13.5765,13.5965,13.6047,13.6358,13.6437,13.6571,13.6705,13.7119,13.7247,13.7207,13.75,13.768,13.7967,13.7978,13.8098,13.8216,13.828,13.8128,13.8245,13.8307,13.8421,13.8691,13.8854,13.8964,13.8969,13.9026,13.9031,13.9137,13.904,13.9196
12.62,12.6139,12.5784,12.5437,12.5096,12.4476,12.3868,12.3458,12.2963,12.2385,12.2364,12.2703,12.2768,12.292,12.2982,12.313,12.3276,12.3333,12.3644,12.3866,12.4083,12.4215,12.459,12.4878,12.5,12.52,12.5476,12.5669,12.625,12.6589,12.6769,12.7176,12.75,12.8045,12.8209,12.8593,12.9265,12.9489,12.9565,13.0144,13.0643,13.0993,13.1338,13.1538,13.1944,13.2,13.2329,13.2449,13.2568,13.2617,13.2667,13.2914,13.3224,13.3595,13.3701,13.3935,13.4038,13.414,13.4114,13.4214,13.4437,13.4348,13.4568,13.4601,13.4756,13.4909,13.488,13.5269,13.5238,13.5325,13.5471,13.5497,13.5523,13.5896,13.592,13.6,13.608,13.6271,13.6461,13.6592,13.65,13.6685,13.6923,13.7049,13.6957,13.7081,13.7258,13.7326,13.75,13.746,13.7579,13.7853,13.8021,13.7927,13.7938,13.8051,13.8112,13.8325,13.8333,13.8492
12.63,12.6535,12.6275,12.5922,12.5385,12.4762,12.3962,12.3364,12.3056,12.2385,12.2545,12.2432,12.2589,12.2832,12.2895,12.3304,12.3276,12.3333,12.3475,12.4034,12.4417,12.4545,12.4918,12.5122,12.5484,12.576,12.5714,12.622,12.6328,12.6744,12.6769,12.6947,12.697,12.7444,12.7687,12.7926,12.8309,12.8321,12.8478,12.8489,12.8786,12.9007,12.9155,12.9301,12.9583,12.9724,12.9726,12.9796,13.0068,13.0403,13.04,13.0397,13.0592,13.0784,13.0844,13.0903,13.0833,13.1146,13.1203,13.1321,13.15,13.1491,13.1481,13.1656,13.1707,13.1879,13.1988,13.1976,13.2024,13.2071,13.2353,13.2164,13.2209,13.2486,13.2586,13.2914,13.3011,13.2881,13.2921,13.3128,13.3167,13.3536,13.3626,13.388,13.3804,13.3892,13.414,13.4064,13.4149,13.4233,13.4474,13.466,13.4531,13.456,13.4742,13.4821,13.4949,13.4924,13.4949,13.5126
12.63,12.6139,12.5588,12.5243,12.4712,12.4,12.3396,12.2804,12.2037,12.1468,12.1455,12.1441,12.1607,12.177,12.193,12.2261,12.2328,12.2821,12.3051,12.3361,12.375,12.4215,12.4836,12.5041,12.5323,12.576,12.5952,12.622,12.6641,12.6977,12.7308,12.771,12.8485,12.9023,12.903,12.9185,12.9706,13.0219,13.029,13.0576,13.1,13.1489,13.1408,13.1608,13.1736,13.1862,13.2192,13.2721,13.2905,13.3154,13.3533,13.3775,13.4013,13.4379,13.461,13.4774,13.4808,13.5096,13.5253,13.5409,13.5625,13.5839,13.5802,13.6196,13.622,13.6545,13.6807,13.6946,13.7143,13.7337,13.7706,13.7895,13.8081,13.8324,13.8563,13.8514,13.8636,13.8701,13.8933,13.8883,13.9222,13.9227,13.9615,13.9781,13.9783,13.9784,13.9892,14.0053,14.016,14.037,14.0579,14.0785,14.1094,14.1036,14.0979,14.1231,14.1378,14.132,14.1616,14.1658
12.6,12.5842,12.5686,12.5243,12.4519,12.419,12.3491,12.2897,12.2315,12.1651,12.1818,12.1802,12.2054,12.2124,12.2281,12.2435,12.2759,12.2906,12.3305,12.3697,12.4083,12.438,12.5,12.5122,12.5484,12.576,12.5952,12.622,12.6406,12.6822,12.7231,12.7405,12.7727,12.8045,12.8433,12.8667,12.9265,12.9562,13.0072,13.036,13.0357,13.0709,13.1268,13.1608,13.2153,13.2276,13.2534,13.2585,13.2973,13.3154,13.3467,13.3841,13.4013,13.4314,13.4351,13.4581,13.4872,13.5159,13.5506,13.5786,13.6188,13.646,13.6728,13.6994,13.7439,13.7697,13.8012,13.8084,13.8214,13.8402,13.8588,13.883,13.8953,13.9191,13.9598,13.9771,14,14.0169,14.0281,14.0391,14.0778,14.0829,14.0769,14.1038,14.1196,14.1189,14.1559,14.1818,14.2074,14.2222,14.2421,14.267,14.2656,14.2953,14.3041,14.3282,14.3622,14.3807,14.404,14.4322
12.61,12.5842,12.5588,12.4951,12.4519,12.3905,12.3396,12.3178,12.25,12.1927,12.1818,12.1892,12.1964,12.1858,12.2105,12.2348,12.2672,12.2906,12.3136,12.3361,12.375,12.3967,12.4016,12.4309,12.4758,12.504,12.5238,12.5827,12.6172,12.6512,12.7,12.7023,12.7424,12.7895,12.8209,12.8444,12.8603,12.9051,12.9348,12.964,12.9857,13,13.0493,13.0629,13.0972,13.1172,13.1507,13.1701,13.1689,13.2013,13.2333,13.2848,13.2961,13.3007,13.3182,13.3419,13.3462,13.3758,13.3797,13.3899,13.4375,13.4472,13.4815,13.5031,13.4939,13.5091,13.5181,13.5509,13.5655,13.5562,13.5588,13.5906,13.6105,13.6012,13.6207,13.6057,13.608,13.6271,13.6292,13.648,13.6722,13.6851,13.6868,13.694,13.7065,13.6919,13.7043,13.7112,13.7074,13.7302,13.7053,13.7277,13.7448,13.7409,13.768,13.7641,13.7653,13.7919,13.7929,13.804
12.61,12.5941,12.5098,12.4854,12.4231,12.3524,12.3113,12.2336,12.1574,12.0917,12.0727,12.0901,12.1161,12.1327,12.1579,12.1826,12.1897,12.2222,12.2542,12.2857,12.2833,12.3306,12.3607,12.3984,12.4194,12.44,12.4921,12.5276,12.5625,12.5659,12.6154,12.6641,12.7045,12.7368,12.7612,12.7778,12.8309,12.8613,12.8913,12.9281,12.95,12.9787,13.007,13.0559,13.0972,13.1241,13.1644,13.1973,13.2365,13.2685,13.3,13.3444,13.3618,13.4118,13.4351,13.4645,13.4936,13.5223,13.5633,13.6038,13.6312,13.646,13.6728,13.6748,13.6829,13.7152,13.747,13.7784,13.7917,13.8047,13.8588,13.9006,13.9186,13.9422,13.9713,14.0057,14.017,14.0339,14.0674,14.1006,14.1167,14.1215,14.1538,14.1694,14.2011,14.2162,14.2258,14.246,14.2819,14.2857,14.3158,14.3351,14.3333,14.3731,14.4021,14.4103,14.4133,14.4416,14.4545,14.4724
12.59,12.5644,12.5294,12.4854,12.4231,12.3524,12.3019,12.243,12.1944,12.156,12.1545,12.1712,12.1875,12.177,12.193,12.2,12.2241,12.2479,12.2881,12.3109,12.3417,12.3802,12.4426,12.4553,12.4839,12.52,12.5794,12.6378,12.6562,12.7054,12.7462,12.771,12.8106,12.8496,12.8731,12.9259,12.9706,13.0219,13.0507,13.0935,13.1071,13.1206,13.162,13.1818,13.2083,13.2276,13.2808,13.2925,13.3108,13.3289,13.3467,13.3775,13.4079,13.4248,13.4675,13.4839,13.5,13.5159,13.5443,13.5597,13.5875,13.5839,13.6358,13.6503,13.689,13.703,13.741,13.7485,13.7619,13.7633,13.8118,13.8129,13.8198,13.8439,13.8736,13.8914,13.8977,13.9322,13.927,13.9162,13.9278,13.9724,13.9505,13.9563,13.9837,14.0162,14.0269,14.0107,14.0372,14.0476,14.0474,14.0524,14.0521,14.057,14.0773,14.0821,14.0867,14.1117,14.1263,14.1457
12.6,12.5743,12.5392,12.4854,12.4231,12.3619,12.3208,12.2617,12.1852,12.1009,12.1091,12.1441,12.1518,12.1858,12.193,12.2087,12.2328,12.2564,12.2881,12.3277,12.3667,12.405,12.418,12.439,12.4758,12.536,12.5476,12.5748,12.6016,12.6202,12.6538,12.6794,12.7121,12.7293,12.7687,12.7926,12.8309,12.8467,12.8696,12.9209,12.9429,12.9929,13.0282,13.042,13.1042,13.131,13.1507,13.1905,13.2095,13.255,13.2733,13.3113,13.3289,13.3268,13.3701,13.4065,13.4295,13.4586,13.4684,13.5094,13.5188,13.5714,13.5926,13.6196,13.6463,13.6667,13.7048,13.7186,13.756,13.7811,13.7941,13.807,13.8314,13.8902,13.8966,13.8971,13.9148,13.9379,13.9438,13.9721,14.0056,14.0166,14.0275,14.0656,14.0761,14.1027,14.1075,14.1176,14.1649,14.1693,14.1895,14.199,14.224,14.2383,14.2474,14.2667,14.2806,14.2944,14.3131,14.3166
12.62,12.5941,12.5294,12.4951,12.4519,12.4095,12.3679,12.3084,12.2778,12.2018,12.2091,12.2342,12.25,12.2832,12.2807,12.2957,12.3017,12.3333,12.3475,12.3697,12.4,12.4628,12.5082,12.5285,12.5565,12.592,12.6429,12.685,12.7188,12.7442,12.7769,12.8015,12.8182,12.8722,12.9328,12.9556,12.9853,13.0073,13.0435,13.0576,13.0857,13.1348,13.162,13.1748,13.2014,13.2414,13.2534,13.2517,13.2703,13.2953,13.3133,13.3444,13.3684,13.3791,13.4221,13.4387,13.4423,13.465,13.481,13.4906,13.525,13.5404,13.5864,13.6074,13.6402,13.6424,13.6747,13.6766,13.6786,13.7041,13.7412,13.7602,13.8023,13.8092,13.8218,13.8286,13.8466,13.8701,13.8764,13.9106,13.9278,13.9392,13.9725,14.0109,14.0054,14.027,14.0323,14.0481,14.0638,14.0688,14.0947,14.1204,14.1458,14.1606,14.1856,14.2,14.2194,14.2284,14.2525,14.2613
12.62,12.5743,12.5196,12.4854,12.4038,12.3429,12.2925,12.2523,12.1759,12.1009,12.1,12.1351,12.1429,12.1593,12.1754,12.1826,12.2069,12.2051,12.2203,12.2437,12.2667,12.3058,12.3525,12.3821,12.4194,12.448,12.4683,12.4961,12.5234,12.5581,12.5769,12.626,12.6515,12.6692,12.7239,12.763,12.8235,12.8467,12.8478,12.8849,12.8929,12.8936,12.9437,12.993,13,13.0345,13.0685,13.0952,13.1216,13.1275,13.1533,13.1722,13.1974,13.2157,13.2403,13.2581,13.2949,13.3057,13.3481,13.3711,13.3875,13.4161,13.4444,13.4601,13.4939,13.5091,13.5241,13.5509,13.5536,13.5976,13.6294,13.6199,13.6512,13.6647,13.6897,13.72,13.7443,13.7684,13.7978,13.8101,13.8222,13.8343,13.8571,13.8743,13.913,13.9243,13.9247,13.9519,13.9574,13.9577,13.9895,13.9948,14.0156,14.057,14.0825,14.1179,14.1378,14.132,14.1818,14.1859
12.62,12.5941,12.6078,12.5534,12.5096,12.4667,12.4057,12.3551,12.2778,12.211,12.2,12.1982,12.1964,12.2124,12.2018,12.2174,12.2414,12.2479,12.2881,12.3109,12.325,12.3471,12.3852,12.439,12.4839,12.52,12.5556,12.5906,12.6094,12.6667,12.6846,12.7023,12.7348,12.7594,12.7836,12.8148,12.8676,12.9051,12.9275,12.9424,12.9571,12.9858,12.9648,13.014,13.0278,13.0276,13.0616,13.0952,13.1284,13.1678,13.1733,13.1854,13.2039,13.2222,13.2532,13.271,13.3141,13.3185,13.3418,13.3648,13.3625,13.3727,13.3889,13.411,13.4146,13.4242,13.4458,13.4611,13.4762,13.497,13.5118,13.5088,13.5291,13.5434,13.5632,13.5829,13.5739,13.5706,13.5843,13.6089,13.6222,13.6409,13.6429,13.6667,13.6467,13.6486,13.629,13.6417,13.6489,13.6508,13.6684,13.6702,13.6719,13.6891,13.6959,13.7179,13.7245,13.731,13.7273,13.7387
12.57,12.5446,12.5294,12.4757,12.4327,12.3905,12.3491,12.2897,12.2222,12.1743,12.1909,12.1892,12.1696,12.177,12.1842,12.2087,12.1983,12.2308,12.2627,12.3025,12.3583,12.3884,12.4262,12.4553,12.5323,12.576,12.6111,12.6457,12.7109,12.7287,12.7692,12.8168,12.8561,12.8797,12.9254,12.9481,13,13.0146,13.029,13.0863,13.1286,13.1631,13.2042,13.2448,13.2569,13.2759,13.3014,13.3197,13.3446,13.396,13.4133,13.4437,13.4474,13.4837,13.5195,13.5484,13.5833,13.6051,13.6392,13.6415,13.6875,13.7453,13.7654,13.7791,13.7988,13.8242,13.8434,13.8743,13.9226,13.9763,13.9824,14.0292,14.0407,14.0867,14.0977,14.1314,14.1534,14.1808,14.2135,14.2346,14.2556,14.2983,14.3242,14.3443,14.375,14.373,14.414,14.4492,14.4787,14.5026,14.5368,14.555,14.5677,14.601,14.6031,14.6667,14.6633,14.6853,14.7121,14.7236
12.6,12.5644,12.5294,12.466,12.4231,12.3714,12.3113,12.2617,12.2037,12.1468,12.1364,12.1441,12.1518,12.177,12.193,12.2174,12.25,12.265,12.2881,12.2941,12.2917,12.3554,12.3607,12.4146,12.4516,12.496,12.5317,12.5512,12.6016,12.6124,12.6615,12.6947,12.7273,12.7519,12.7687,12.7778,12.8015,12.8248,12.8551,12.8561,12.8643,12.8652,12.8803,12.9301,12.9306,12.9448,12.9726,12.9864,13.0135,13.0268,13.0667,13.0795,13.0789,13.085,13.0844,13.1097,13.0962,13.1083,13.1266,13.1321,13.1438,13.1553,13.1728,13.1902,13.2073,13.2242,13.241,13.2575,13.2738,13.3018,13.3235,13.3333,13.3256,13.3584,13.3621,13.3771,13.392,13.4011,13.3989,13.4246,13.4333,13.4365,13.4451,13.4536,13.4783,13.4811,13.4839,13.5134,13.5213,13.5291,13.5421,13.5288,13.5417,13.5544,13.567,13.5692,13.5816,13.5888,13.6061,13.6181
12.6,12.5743,12.5588,12.5243,12.4519,12.4,12.3585,12.2804,12.2222,12.2018,12.2,12.1802,12.1786,12.1858,12.2018,12.2261,12.2414,12.2479,12.2797,12.3025,12.3167,12.3306,12.3689,12.4065,12.4435,12.464,12.4762,12.5118,12.5391,12.5349,12.5385,12.5573,12.5758,12.594,12.6269,12.6296,12.6544,12.6788,12.6957,12.7266,12.75,12.7589,12.7887,12.8112,12.8472,12.8483,12.8562,12.8707,12.8919,12.9128,12.94,12.9536,12.9868,12.9935,13.0325,13.0516,13.0449,13.0828,13.0949,13.1195,13.1375,13.1677,13.1914,13.227,13.2256,13.2667,13.2952,13.3054,13.3333,13.3728,13.3941,13.4094,13.436,13.4451,13.4713,13.48,13.4943,13.5254,13.5393,13.5475,13.5667,13.5801,13.5989,13.6175,13.625,13.6432,13.6667,13.6845,13.6702,13.7037,13.7263,13.7435,13.7604,13.7824,13.799,13.8103,13.8112,13.8173,13.8283,13.8342
