pool size max,,,,,,,,,,,,,,,,,,,,,,,,,,,,,,,,,,,,,,,,,,,,,,,,,,,,,,,,,,,,,,,,,,,,,,,,,,,,,,,,,,,,,,,,,,,,,,,,,,,
33,29.5,27.3333,24.75,25,24.3333,22.8571,21.5,20.6667,20.8,19.6364,19.6667,19.3077,18.9286,18.6667,19.75,19.6471,19.5556,18.8421,19.05,19.1905,19.0909,19.3478,19.375,19.08,19.0385,18.6667,18.4643,18.1724,18.5333,18.8065,18.5938,18.5152,18.5588,18.4857,18.5,18.4054,18.4211,18.2821,18.125,17.9024,17.9524,18.0233,18.1818,18.3556,18.413,18.5532,18.7292,18.5714,18.78,18.5882,18.4615,18.4528,18.3519,18.7636,18.7143,18.6491,18.6379,18.5763,18.4833,18.3279,18.3548,18.254,18.1562,18.3385,18.5909,18.403,18.4706,18.3478,18.4143,18.2676,18.3889,18.4521,18.3919,18.0133,18.3816,18.4416,18.0513,18.3291,18.2875,18.1235,18.4268,18.3253,18.2619,18.2471,18.3605,18.2414,18.375,18.382,18.3778,18.4286,18.5435,18.4301,18.3617,18.3158,18.2812,18.3299,18.2653,18.2323,18.23
18.7647,18.4615,18.1698,17.9074,17.6364,17.3929,17.2807,17.3966,16.8136,16.9667,16.5902,16.5484,16.619,16.5312,16.6308,16.5455,16.4478,16.3824,16.3768,16.3429,16.3099,16.375,16.3288,16.3784,16.5333,16.5,16.5584,16.6282,16.5316,16.4625,16.4938,16.4512,16.7229,16.7738,16.8824,16.8256,16.8506,16.8636,16.8652,16.8222,16.8571,16.9891,16.9785,16.9468,17.0421,17.0312,17.0515,17.0204,17.101,17.1,17.1584,17.2353,17.1845,17.1442,17.1333,17.0943,17.1682,17.1389,17.1193,17.1364,17.1622,17.1696,17.1504,17.2632,17.287,17.3017,17.359,17.4068,17.3697,17.45,17.438,17.4426,17.4797,17.5484,17.48,17.4206,17.5669,17.5703,17.5271,17.6308,17.5725,17.5455,17.5188,17.4701,17.563,17.5956,17.6131,17.6159,17.6763,17.6143,17.6809,17.7042,17.7133,17.7014,17.8207,17.7877,17.7755,17.8581,17.906,17.9667
16.4605,16.3766,16.4231,16.3038,16.175,16.0617,15.9512,15.8675,15.8095,15.7412,15.7209,15.7586,15.7955,15.7753,15.7444,15.8132,15.913,15.9355,15.9574,15.9368,15.8958,15.8247,15.8469,15.8384,15.86,15.8614,15.8235,15.7864,15.8173,15.9048,15.8113,15.8411,15.8519,15.8257,15.7909,15.8378,15.8839,15.9469,15.886,15.9652,15.9224,15.9316,15.8814,15.8739,15.9167,15.9008,15.9098,15.9837,15.9677,15.928,15.9286,15.9055,15.9844,16.0233,16.0231,16.084,16.0909,16.1203,16.097,16.1037,16.0588,16.1606,16.2029,16.2878,16.2857,16.2837,16.3239,16.3636,16.3194,16.3103,16.3562,16.3197,16.4392,16.3758,16.3933,16.3841,16.4276,16.4967,16.5,16.4645,16.4615,16.5096,16.519,16.522,16.5688,16.6087,16.5988,16.6626,16.6829,16.703,16.747,16.7006,16.7083,16.7692,16.7882,16.7778,16.814,16.8439,16.8333,16.8514
15.6705,15.5843,15.5333,15.4615,15.2935,15.2258,15.1383,15.1053,15.1354,15.2165,15.1531,15.1212,15.08,15.0792,15.0392,14.9709,14.9615,14.9429,15.0283,15.0374,15.0278,15.055,15.0636,15.036,15.0714,15.0708,15.0789,15.1565,15.1897,15.2308,15.2627,15.2521,15.35,15.3802,15.459,15.5528,15.621,15.648,15.6032,15.6535,15.7266,15.7364,15.7615,15.7786,15.8788,15.9248,16.097,16.0667,16.125,16.1533,16.1304,16.1367,16.2214,16.383,16.4155,16.5664,16.5278,16.6207,16.6575,16.6395,16.6419,16.6174,16.6333,16.6954,16.6974,16.6275,16.5974,16.6516,16.7628,16.6943,16.6582,16.6918,16.6625,16.6211,16.5494,16.5644,16.5976,16.5697,16.512,16.5449,16.5,16.5444,16.5235,16.5029,16.4884,16.4798,16.5057,16.4629,16.4318,16.435,16.5112,16.4916,16.4889,16.4586,16.4286,16.3716,16.3424,16.2919,16.3011,16.2727
15.2872,15.3158,15.3229,15.3711,15.3571,15.2828,15.23,15.3069,15.2451,15.1262,15.125,15.1238,15.0755,15.0187,15.0463,14.9908,15.0636,15.0901,15.1071,15.0973,15.0702,15.0783,15.2069,15.2222,15.161,15.1849,15.275,15.2231,15.2295,15.2927,15.3387,15.432,15.4365,15.4094,15.4375,15.5349,15.5462,15.5725,15.6439,15.7444,15.7985,15.8593,15.9338,15.9635,16,16.0216,16.05,16.0355,16.0352,15.979,16.0139,16,16.0479,15.9932,15.973,15.9463,15.9333,15.8675,15.9605,15.9673,15.987,16.0839,16.109,16.172,16.2215,16.2453,16.2312,16.205,16.1975,16.2147,16.189,16.2848,16.3133,16.3114,16.2738,16.2367,16.2118,16.2515,16.2674,16.3064,16.4138,16.3486,16.3125,16.2768,16.2247,16.2346,16.1722,16.1768,16.2253,16.2077,16.1793,16.2486,16.2527,16.2246,16.266,16.2963,16.3526,16.3508,16.3698,16.3834
15.3196,15.2245,15.1414,15.14,15.0594,15.0392,14.9612,14.8846,14.7714,14.6792,14.6449,14.6389,14.5963,14.6364,14.6757,14.6696,14.6991,14.7632,14.8522,14.8707,14.8632,14.8559,14.8487,14.8833,14.8678,14.9426,14.9837,14.9919,15.096,15.0873,15.1654,15.0781,15.062,15.0769,15.0687,15.0758,15.1203,15.194,15.2074,15.2721,15.2628,15.2464,15.3309,15.3357,15.3972,15.4014,15.4266,15.4444,15.5034,15.4863,15.5918,15.5811,15.6376,15.6267,15.6093,15.6711,15.6471,15.6494,15.6774,15.6603,15.6752,15.7025,15.6855,15.7,15.8261,15.8457,15.865,15.9146,15.9939,15.9639,16.0479,16.0298,16.0414,15.9647,15.9474,16.0407,16.0231,16.046,16.04,16.0227,16.0791,16.0506,16.0838,16.1333,16.105,16.1209,16.1311,16.1685,16.1838,16.2312,16.2406,16.2447,16.2169,16.1947,16.1518,16.1094,16.1554,16.1753,16.1744,16.2143
15.2727,15.24,15.1881,15.1275,15.0485,14.9712,14.9619,14.8868,14.8318,14.75,14.8349,14.8636,14.9189,14.8482,14.8496,14.7719,14.7913,14.7759,14.7607,14.8644,14.8739,14.8167,14.9008,14.9262,14.8862,14.9355,14.888,14.8651,14.8504,14.8672,14.8605,14.9462,14.9695,15.0379,15.1053,15.0821,15.1704,15.1471,15.2263,15.2536,15.3165,15.3429,15.3546,15.331,15.3497,15.4722,15.5034,15.5,15.5442,15.6824,15.7383,15.78,15.9272,15.9737,15.9412,16,15.9871,16,15.9745,16.1139,16.0503,16.1062,16.0932,16.1049,16.0552,16.0488,16.0485,16.0542,16.0419,16.1548,16.2012,16.1588,16.1345,16.1802,16.2081,16.1782,16.2571,16.1989,16.1695,16.1629,16.1061,16.1389,16.1381,16.0989,16.1639,16.2391,16.2324,16.2097,16.1872,16.1702,16.164,16.1737,16.2513,16.2552,16.3109,16.2938,16.3333,16.3469,16.4061,16.4192
15.2,15.2079,15.2059,15.2136,15.1827,15.1619,15.0943,15.0093,15,14.9541,14.8818,14.7928,14.7768,14.8053,14.7895,14.7391,14.7586,14.7607,14.7966,14.7227,14.6917,14.7686,14.8033,14.7886,14.8548,14.88,14.8889,14.9134,14.9297,14.8992,14.9846,15.1221,15.1818,15.2556,15.3955,15.4963,15.5074,15.5474,15.6884,15.6619,15.65,15.6525,15.6901,15.6503,15.625,15.6,15.5685,15.517,15.5203,15.4564,15.4,15.3311,15.3553,15.3203,15.3312,15.3613,15.3718,15.4586,15.462,15.434,15.4437,15.5217,15.4877,15.5031,15.4451,15.4182,15.4157,15.479,15.4762,15.5266,15.5706,15.5673,15.5523,15.526,15.5287,15.5429,15.5057,15.4915,15.5056,15.4972,15.5111,15.4862,15.5,15.5519,15.5543,15.5081,15.5376,15.5829,15.5691,15.6243,15.5737,15.5602,15.526,15.487,15.5258,15.5231,15.5459,15.6345,15.6414,15.6834
15.23,15.1485,15.0294,14.932,14.8462,14.7524,14.7075,14.7196,14.713,14.6789,14.5909,14.5946,14.625,14.6195,14.6667,14.6609,14.7241,14.6752,14.661,14.6639,14.6667,14.6529,14.7131,14.7642,14.7661,14.768,14.8095,14.9134,14.9453,14.9612,14.9615,15.0305,15.1439,15.1805,15.1343,15.237,15.1912,15.2336,15.2681,15.2662,15.25,15.3972,15.4859,15.4685,15.4861,15.4621,15.5479,15.5578,15.5676,15.5839,15.5733,15.596,15.6184,15.6013,15.6623,15.7032,15.75,15.8408,15.7975,15.7799,15.8063,15.8012,15.8519,15.8466,15.8598,15.8909,15.9036,15.9281,15.9762,16.0237,16.0588,16.0643,16.1453,16.185,16.2701,16.2629,16.2443,16.2486,16.2584,16.2961,16.3,16.2928,16.3516,16.388,16.4348,16.5189,16.5806,16.5668,16.5479,16.6085,16.6368,16.623,16.5938,16.5492,16.5722,16.5846,16.5969,16.6142,16.5859,16.608
15.29,15.3168,15.2843,15.2621,15.2115,15.1714,15.1132,15.1402,15.1204,15.0642,15.0545,15.0811,15.0804,15.0796,15.0088,15.0174,15.0086,15.0256,15,14.9412,14.9083,14.8512,14.8197,14.8211,14.879,14.92,14.873,14.937,14.8828,14.845,14.8462,14.9695,14.9242,14.9098,14.8881,14.9407,14.9926,14.9562,14.9855,14.9496,14.9857,15.0071,14.9789,14.979,15.0417,15.0345,15.0068,14.9728,14.9865,15.0604,15.1267,15.0993,15.0658,15.0392,15.0714,15.1871,15.2244,15.2866,15.4051,15.434,15.5813,15.559,15.5679,15.6748,15.6707,15.7576,15.7711,15.7425,15.7262,15.7041,15.6824,15.7368,15.7093,15.7052,15.7069,15.7429,15.733,15.7627,15.7921,15.7654,15.75,15.7569,15.7198,15.7596,15.788,15.8216,15.871,15.8289,15.8883,15.8519,15.8316,15.7644,15.7188,15.7513,15.7474,15.7385,15.7653,15.7665,15.8636,15.8844
15.18,15.1089,15.0392,15.0583,15.0096,14.8762,14.8302,14.9159,14.9722,14.9725,15,15.0811,15.1161,15.1504,15.1228,15.0783,15.0431,14.9915,15.0847,15.0924,15.0167,15,14.9672,15.0244,15,15.096,15.0714,15.1732,15.3203,15.3411,15.2923,15.3359,15.3788,15.406,15.4328,15.4667,15.4706,15.4745,15.6014,15.5612,15.4786,15.4468,15.4085,15.3986,15.4514,15.4138,15.6712,15.6259,15.5946,15.5369,15.4667,15.4238,15.375,15.3987,15.4545,15.5419,15.5705,15.5414,15.5316,15.5975,15.6062,15.6398,15.5926,15.5767,15.6463,15.6485,15.6386,15.6048,15.6012,15.6331,15.6647,15.731,15.686,15.6936,15.7241,15.8171,15.8068,15.8305,15.9326,15.8883,15.8444,15.8232,15.8077,15.7978,15.7609,15.7676,15.7849,15.7914,15.8191,15.7778,15.8053,15.822,15.9219,15.9378,15.9278,15.959,15.9898,16.0102,16.0051,16
15.26,15.3069,15.2647,15.2816,15.2596,15.2667,15.2547,15.243,15.1667,15.1193,15.0182,15,14.9286,14.9115,14.9035,14.8957,14.9741,14.9487,15,14.9664,14.9917,15.0331,15.0164,14.9675,14.9355,14.984,15.0873,15.0709,15.1016,15.1783,15.1769,15.1985,15.2576,15.2932,15.3433,15.3926,15.4265,15.4307,15.413,15.4748,15.5714,15.5532,15.5282,15.5105,15.5069,15.6966,15.7055,15.6735,15.6554,15.6577,15.6933,15.702,15.6776,15.6275,15.6234,15.7097,15.8269,15.8726,15.8544,15.8805,15.9313,15.9317,15.8827,15.8466,15.9085,15.8727,15.8554,15.8443,15.9048,15.9231,16,16.0234,16.0349,16.1445,16.1724,16.1829,16.2727,16.2825,16.2865,16.2458,16.2111,16.2044,16.2692,16.2678,16.25,16.2378,16.3118,16.4011,16.4362,16.4233,16.3947,16.4031,16.3854,16.4041,16.3505,16.3282,16.301,16.335,16.3182,16.2613
15.26,15.1881,15.1569,15.0388,15.0192,14.9429,14.9245,14.8598,14.7315,14.6606,14.6636,14.7477,14.7679,14.7345,14.7807,14.7739,14.7414,14.7094,14.7034,14.6723,14.65,14.6281,14.6148,14.5854,14.6048,14.624,14.6746,14.7402,14.7734,14.814,14.8615,14.8321,14.8333,14.9173,15.0299,15.0296,15.0074,15.0146,15.0652,15.1583,15.2143,15.1844,15.2042,15.1469,15.1389,15.2552,15.2466,15.2313,15.1959,15.2013,15.2,15.1457,15.1513,15.1176,15.1104,15.1097,15.1987,15.1656,15.1519,15.1195,15.0813,15.0559,15.0494,15.0859,15.1098,15.0727,15.0904,15.0599,15.0417,15.0296,15.0882,15.1345,15.0756,15.0867,15.092,15.1257,15.1193,15.113,15.1854,15.2235,15.2333,15.2376,15.2418,15.2404,15.2283,15.2216,15.2097,15.2193,15.266,15.3175,15.3368,15.288,15.2969,15.285,15.3196,15.3026,15.3316,15.3604,15.404,15.3769
15.25,15.1881,15.1373,15.1165,14.9904,14.9619,14.9811,15.1402,15.0741,15.0092,14.9818,15.0541,15.0714,15.0265,15.114,15.1304,15.0776,15.0256,15.0254,15.1261,15.1167,15.1653,15.1393,15.1138,15.0887,15.112,15.1667,15.2362,15.25,15.2636,15.2615,15.2137,15.1742,15.1955,15.2164,15.2519,15.2868,15.3285,15.4203,15.3885,15.4071,15.3546,15.3028,15.3287,15.3542,15.3379,15.2945,15.2993,15.3311,15.2819,15.3133,15.2848,15.3553,15.3529,15.3831,15.4452,15.4359,15.4968,15.4873,15.5535,15.55,15.6708,15.7099,15.7239,15.6768,15.6788,15.7289,15.7844,15.8155,15.8402,15.8294,15.9123,15.8721,15.8382,15.8966,15.92,15.9318,15.9153,15.8764,15.8827,15.8722,15.8564,15.9286,15.9126,15.9348,15.9027,15.9839,15.9947,16.0266,16.0423,16.0842,16.0628,16.0469,16.0363,16.0979,16.0769,16.0765,16.0355,16.1061,16.1357
15.19,15.1287,15.1275,15.1748,15.0769,14.9905,14.8868,14.8037,14.7222,14.6422,14.5818,14.6847,14.7321,14.6903,14.7281,14.6696,14.6724,14.7436,14.678,14.6555,14.6083,14.7025,14.7377,14.8293,14.8387,14.944,14.9524,15.0551,15.0312,15,15.0692,15.0992,15.1515,15.203,15.2612,15.2815,15.4191,15.4307,15.4638,15.5396,15.6,15.6383,15.662,15.6364,15.6944,15.8069,15.9315,15.8571,15.9054,15.9262,15.9333,15.8675,15.7829,15.7059,15.7532,15.8516,15.9231,15.9427,15.9873,15.9874,15.975,16.0124,16.1543,16.1534,16.1585,16.097,16.0542,16.0539,16.0298,16.0237,16.0824,16.1111,16.0581,16.0694,15.9943,16.04,16.0682,16.0508,16.0281,16.0838,16.0611,16.0994,16.0714,16.1967,16.2228,16.2919,16.3333,16.3155,16.3564,16.4233,16.5211,16.4503,16.401,16.4301,16.4124,16.4103,16.4337,16.4721,16.4444,16.4322
15.23,15.1386,15.0686,15.0388,14.9808,14.9333,14.8396,14.7477,14.6574,14.6055,14.6091,14.5405,14.4821,14.469,14.5,14.5739,14.5776,14.6581,14.7203,14.7731,14.7833,14.7355,14.7049,14.6829,14.6532,14.624,14.627,14.6299,14.7578,14.7752,14.8769,14.8626,14.8864,14.9023,14.8731,14.963,15.0074,15.0949,15.0652,15.0432,15.0929,15.0426,15.0563,15.028,15.0139,14.9724,14.9315,14.9252,14.973,14.9463,14.9867,15.1589,15.2368,15.366,15.3636,15.3548,15.3077,15.3631,15.3418,15.3333,15.2875,15.3043,15.2963,15.2699,15.2988,15.3273,15.3373,15.3772,15.369,15.3373,15.3706,15.4795,15.4593,15.4509,15.5,15.5714,15.5966,15.6158,15.6067,15.6034,15.55,15.5249,15.522,15.5902,15.5707,15.627,15.6452,15.6203,15.5851,15.582,15.5105,15.4555,15.3958,15.3627,15.3505,15.3487,15.449,15.4518,15.4949,15.4422
15.21,15.1485,15.1961,15.165,15.1731,15.1619,15.2075,15.1121,14.9907,14.8899,14.8727,14.8468,14.8214,14.7611,14.7018,14.6609,14.6552,14.7692,14.8305,14.958,14.9167,14.8843,14.877,14.8862,14.9032,14.936,14.9524,14.8976,14.9062,14.8992,14.9846,14.9771,14.9848,14.9699,14.9776,14.9259,14.9044,14.8832,14.9348,14.9928,14.9786,15.1915,15.2324,15.2098,15.2153,15.3034,15.3973,15.5646,15.5405,15.5906,15.5733,15.5762,15.6776,15.6797,15.6494,15.6839,15.7308,15.7134,15.6646,15.6352,15.6625,15.6894,15.7284,15.6933,15.6951,15.697,15.7169,15.7126,15.6607,15.6627,15.6588,15.6959,15.686,15.7168,15.7184,15.7029,15.7159,15.774,15.8315,15.8045,15.8056,15.8287,15.8736,15.8197,15.8152,15.8432,15.7849,15.7968,15.8032,15.8201,15.8368,15.8534,15.849,15.9067,15.9124,15.8872,15.8673,15.8883,15.9293,15.9347
15.25,15.2178,15.1275,15.0583,14.9327,14.8286,14.7642,14.785,14.8056,14.7706,14.8273,14.7748,14.6875,14.6018,14.5877,14.6,14.6121,14.6154,14.6695,14.605,14.65,14.6694,14.7049,14.7561,14.7661,14.904,14.9365,14.9449,15.0234,15,14.9923,15.0534,15.0455,15.1729,15.1567,15.2074,15.2426,15.3066,15.3043,15.2806,15.25,15.2482,15.2676,15.2867,15.2778,15.2897,15.3151,15.4558,15.4459,15.4966,15.5067,15.4901,15.5526,15.5359,15.5195,15.5032,15.4808,15.4459,15.5127,15.4843,15.5375,15.5714,15.5,15.5092,15.4939,15.5697,15.5361,15.5389,15.6131,15.6982,15.7882,15.7602,15.814,15.8439,15.8506,15.84,15.8807,15.9322,16.0787,16.1006,16.1111,16.0994,16.1044,16.2131,16.1957,16.1514,16.172,16.1658,16.1968,16.1905,16.1474,16.1571,16.1719,16.171,16.134,16.1128,16.1224,16.132,16.1212,16.1307
15.22,15.1386,15.0588,15.0291,15.0385,14.9619,14.8774,14.9159,14.9074,14.8716,14.8455,14.8378,14.7857,14.7522,14.7719,14.7739,14.7672,14.7521,14.7203,14.6555,14.6667,14.6694,14.7377,14.6829,14.7016,14.704,14.8175,14.811,14.8281,14.8682,14.9462,14.9389,15.0152,14.9323,14.8881,14.8889,14.8603,14.9051,14.8841,14.8993,15.0429,15.1064,15.0915,15.2098,15.3194,15.4,15.4452,15.4966,15.5068,15.5235,15.5467,15.5894,15.7697,15.7386,15.7078,15.6581,15.6538,15.7261,15.8797,15.8553,15.875,15.8634,15.8457,15.7975,15.7927,15.8303,15.8253,15.8024,15.8214,15.8343,15.8118,15.9006,15.907,15.9075,15.9138,15.8571,15.8636,15.8305,15.8034,15.8156,15.7944,15.7624,15.8352,15.8033,15.7935,15.7838,15.9032,16.0053,16.0957,16.1323,16.1263,16.1257,16.1562,16.1658,16.1598,16.159,16.1378,16.0964,16.1667,16.1759
15.18,15.0891,15.0196,14.9417,14.8558,14.7524,14.6415,14.5234,14.4537,14.3486,14.3909,14.4054,14.4107,14.4425,14.4737,14.5565,14.5345,14.5556,14.5169,14.521,14.675,14.686,14.7213,14.7236,14.7419,14.952,14.9603,14.9606,14.9844,14.938,14.9308,15.0382,15.0379,15.0752,15.1194,15.163,15.3162,15.3066,15.3406,15.3597,15.4714,15.5319,15.5775,15.6294,15.6389,15.731,15.7192,15.7551,15.7095,15.7651,15.7267,15.7086,15.6842,15.7451,15.7273,15.7226,15.7244,15.7834,15.7658,15.8239,15.925,15.9565,15.9938,16.0552,16.0305,16.0848,16.0723,16.0719,16.1131,16.0947,16.1176,16.1696,16.1802,16.2197,16.3391,16.3314,16.2841,16.2542,16.2921,16.2626,16.2333,16.3812,16.3736,16.4317,16.413,16.4649,16.5376,16.5187,16.5053,16.5661,16.6526,16.6021,16.5885,16.5803,16.6598,16.6769,16.6684,16.7259,16.6869,16.6935
15.26,15.1881,15.1961,15.165,15.1635,15.0857,15.0189,15.0093,14.963,14.9266,14.8818,14.8559,14.8393,14.8761,14.8772,14.8348,14.7931,14.7692,14.7458,14.8235,14.8417,14.8264,14.9262,14.9106,15.0242,15.048,15.0238,15,15.1016,15.1705,15.2077,15.1374,15.0833,15.0752,15.1119,15.1037,15.1618,15.2263,15.2609,15.1942,15.1929,15.2128,15.1831,15.3007,15.3958,15.331,15.3836,15.3401,15.3243,15.2886,15.32,15.3444,15.4342,15.3987,15.4091,15.3871,15.3846,15.4586,15.5,15.4906,15.5,15.472,15.4198,15.4233,15.3902,15.4121,15.4398,15.3952,15.3929,15.3905,15.4,15.4327,15.4593,15.4393,15.408,15.4229,15.4148,15.4915,15.5056,15.5531,15.6056,15.6188,15.6154,15.6284,15.6196,15.5946,15.5699,15.5294,15.5957,15.6243,15.6105,15.5759,15.6198,15.5803,15.5567,15.6256,15.6429,15.6345,15.6667,15.6633
15.19,15.0693,14.9902,14.9903,14.9327,14.8762,14.8774,14.8879,14.8333,14.7523,14.7273,14.6577,14.7143,14.7257,14.6754,14.6957,14.7241,14.735,14.7966,14.8319,14.8917,14.9339,14.9098,15.0163,15.1452,15.296,15.3016,15.2992,15.3906,15.3798,15.4,15.4427,15.3636,15.2782,15.2239,15.2,15.2206,15.2117,15.2391,15.3022,15.3571,15.4823,15.4296,15.3986,15.3889,15.4414,15.4178,15.5442,15.6149,15.6644,15.6733,15.6887,15.6645,15.7908,15.7532,15.7226,15.7372,15.8471,15.8228,15.8616,15.8313,15.8199,15.8704,15.8589,15.8232,15.8182,15.8313,15.8084,15.8095,15.858,15.8706,15.8655,15.8605,15.8497,15.9023,15.9314,15.9886,15.9718,15.9719,15.9441,15.9278,15.9337,15.8956,15.8962,15.9239,15.9568,15.9462,15.9251,15.9149,15.9048,15.8789,15.8377,15.8906,15.8808,15.8711,16.0103,16.0306,16.0406,16.0455,16.0854
15.29,15.2277,15.1667,15.2233,15.2404,15.1524,15.1132,15.0935,15.0648,14.9817,14.9909,14.955,14.9821,14.9381,14.9474,14.9739,15,14.9658,14.9322,14.8992,14.8667,14.8264,14.7951,14.8537,14.9032,14.944,14.881,15.0079,15.0547,15.1473,15.2154,15.3206,15.3561,15.3759,15.3582,15.3407,15.3088,15.3431,15.3116,15.2806,15.25,15.234,15.2324,15.2168,15.2708,15.2207,15.2123,15.1633,15.2027,15.2819,15.3133,15.3179,15.4276,15.3922,15.5195,15.5097,15.5513,15.5541,15.519,15.4528,15.4875,15.5404,15.5741,15.5644,15.5854,15.5758,15.6145,15.6467,15.6488,15.6272,15.6529,15.6082,15.5756,15.6185,15.6437,15.6857,15.733,15.7797,15.8427,15.8045,15.7889,15.7514,15.7363,15.6831,15.6902,15.6865,15.6559,15.6096,15.6489,15.6825,15.6947,15.6806,15.7135,15.829,15.8763,15.8308,15.8061,15.8579,15.904,15.9698
15.26,15.2079,15.1275,15.1068,15.0288,14.981,14.8868,14.8131,14.8704,14.8716,14.8545,14.8108,14.9196,14.9381,14.8596,14.8,14.7759,14.8205,14.7542,14.7143,14.7333,14.7934,14.7623,14.7561,14.7419,14.88,14.9286,14.9213,14.9375,14.9612,15.0615,15.1145,15.1742,15.1579,15.1791,15.163,15.1912,15.2482,15.2609,15.3237,15.3429,15.3759,15.4296,15.3846,15.4792,15.4552,15.5205,15.5306,15.5473,15.5839,15.5733,15.596,15.5789,15.6144,15.7013,15.6839,15.7564,15.7707,15.7215,15.7673,15.7937,15.8075,15.8704,15.9632,15.9817,15.9818,15.988,15.9701,15.9881,16.0118,15.9882,15.9357,15.9128,15.896,15.8621,15.8914,15.8807,15.9322,15.9157,15.933,15.9222,15.9116,15.9945,16.0492,16.0815,16.1081,16.086,16.0695,16.0851,16.0899,16.0895,16.1361,16.1979,16.2228,16.1907,16.1846,16.2347,16.2284,16.2222,16.2312
15.21,15.1584,15.1275,15.0485,14.9519,14.9143,14.934,14.9346,14.8519,14.8073,14.7364,14.6847,14.6339,14.7434,14.7105,14.7304,14.7586,14.7265,14.7966,14.7899,14.725,14.6942,14.7623,14.7642,14.8468,14.824,14.9206,14.937,14.9609,15.0078,14.9846,14.9618,15.0152,15.0827,15.1343,15.2741,15.25,15.2847,15.3116,15.2734,15.3143,15.2979,15.3099,15.2797,15.2569,15.2621,15.3288,15.2517,15.2027,15.2752,15.2533,15.2583,15.4276,15.4902,15.5519,15.6258,15.6538,15.6242,15.6013,15.5723,15.5938,15.6335,15.642,15.6748,15.6646,15.6545,15.6446,15.6347,15.6607,15.6686,15.6647,15.6199,15.6337,15.6416,15.6724,15.64,15.6136,15.5876,15.5337,15.5419,15.5389,15.5691,15.522,15.5301,15.5109,15.4919,15.6022,15.6043,15.633,15.6138,15.6316,15.6963,15.7552,15.7358,15.7629,15.7538,15.7755,15.7665,15.7727,15.7889
15.24,15.1683,15.1078,15.0388,15.0192,15.0095,14.9906,14.972,14.8796,14.7982,14.7909,14.8288,14.8393,14.8584,14.807,14.7652,14.8879,14.8974,14.9322,14.9076,14.8667,14.8926,14.9262,15.0081,14.9677,14.928,15.0476,15.0157,15.0938,15.0698,15.0769,15.0382,15.0076,15.0677,15.0672,15.0815,15.0588,15.0292,15.0145,14.9928,15,15,15.007,15.1119,15.0625,15.131,15.0685,15.0612,15.0473,15.0604,15.06,15.1656,15.1513,15.1765,15.2013,15.2323,15.2692,15.2739,15.2342,15.2704,15.3438,15.4161,15.5062,15.4724,15.5854,15.6121,15.741,15.7665,15.7738,15.7692,15.7471,15.7719,15.7791,15.7688,15.8046,15.7771,15.7614,15.791,15.7978,15.8771,15.8722,15.9337,15.9945,16.0383,16.0543,16.0486,16.0699,16.0642,16.1543,16.1164,16.0895,16.0995,16.0677,16.0415,16.0773,16.0718,16.1122,16.1269,16.1313,16.1759
15.2,15.1683,15.1765,15.0485,15.0288,15.1905,15.1698,15.0654,14.963,14.8716,14.8,14.7748,14.75,14.6814,14.6754,14.6087,14.5862,14.5812,14.5339,14.5378,14.5417,14.6446,14.6967,14.7236,14.7016,14.752,14.746,14.7559,14.7578,14.7752,14.7692,14.8015,14.7955,14.8346,14.9179,14.9556,15.0441,15.1533,15.1159,15.1655,15.2429,15.234,15.331,15.3357,15.3403,15.3241,15.3151,15.3197,15.3243,15.3356,15.32,15.3642,15.4013,15.4379,15.487,15.5355,15.5577,15.5478,15.557,15.5912,15.6438,15.6894,15.7346,15.7914,15.7622,15.8182,15.8373,15.9222,15.9405,15.9704,16.0529,16.0877,16.0349,16.0058,16.1149,16.1543,16.1307,16.1186,16.2135,16.257,16.3222,16.3094,16.3022,16.2842,16.337,16.3676,16.3817,16.3476,16.3989,16.3968,16.3684,16.3403,16.3177,16.342,16.3351,16.3128,16.2857,16.3096,16.2677,16.2714
15.23,15.1683,15.1373,15.0291,15,14.9619,14.9057,14.8598,14.9167,14.8624,14.9091,14.8829,14.7857,14.7434,14.7895,14.8435,14.8793,14.9402,14.8644,14.8992,14.9083,14.8678,14.877,14.9187,14.9516,15.024,15.0317,15.0551,15.1328,15.2016,15.2308,15.1603,15.0833,15.1203,15.1567,15.1926,15.1691,15.2044,15.2971,15.295,15.3,15.2837,15.331,15.4685,15.5972,15.5931,15.5548,15.585,15.5946,15.6174,15.66,15.6556,15.6645,15.7386,15.7013,15.7161,15.7051,15.7962,15.7658,15.8868,15.9125,16.0373,16.0309,16.0613,16.0183,16.0424,16.0482,16.0539,16.0893,16.1065,16.1529,16.193,16.1628,16.2254,16.2874,16.3029,16.2898,16.2768,16.2865,16.257,16.25,16.2762,16.2582,16.2951,16.3261,16.4054,16.4247,16.4225,16.4574,16.4921,16.4947,16.5759,16.625,16.6218,16.6134,16.5795,16.5765,16.5736,16.5404,16.5477
15.16,15.0594,15.0392,14.9903,14.9904,14.9524,14.9151,14.8972,14.8796,14.8257,14.8727,14.8739,14.8571,14.8319,14.8333,14.8783,14.8534,14.9231,15.2542,15.5378,15.475,15.5124,15.5574,15.5203,15.5484,15.544,15.4683,15.4567,15.4609,15.4574,15.4769,15.4504,15.3485,15.4135,15.4403,15.437,15.4412,15.5401,15.5362,15.5324,15.5214,15.5177,15.4648,15.5245,15.4722,15.4828,15.4589,15.4354,15.5135,15.4966,15.5733,15.5894,15.5658,15.5686,15.5195,15.4645,15.4936,15.4395,15.3734,15.3522,15.2937,15.2857,15.3519,15.2883,15.2927,15.3758,15.4096,15.4311,15.4107,15.432,15.4176,15.3977,15.4128,15.4277,15.4425,15.4686,15.4943,15.4859,15.4607,15.514,15.5278,15.5525,15.5714,15.5956,15.6467,15.627,15.6559,15.6738,15.6755,15.6508,15.7053,15.712,15.7396,15.7565,15.7629,15.7897,15.8724,15.9391,15.9394,15.9146
15.27,15.198,15.1569,15.0874,15.0096,15,15.0094,14.8785,14.7685,14.6606,14.7182,14.7207,14.7321,14.7257,14.7105,14.6783,14.6983,14.7521,14.822,14.7983,14.8417,14.8926,14.918,14.9431,15.0726,15.088,15.1111,15.1181,15.1172,15.062,15.1308,15.0763,15.1288,15.1278,15.097,15.0444,15.1471,15.2847,15.2826,15.2734,15.4429,15.4681,15.4718,15.4755,15.4792,15.5034,15.5959,15.5918,15.6824,15.6644,15.7467,15.7351,15.7039,15.7124,15.6948,15.7935,15.7821,15.7516,15.7658,15.7484,15.7,15.6708,15.6173,15.6564,15.7256,15.7697,15.8434,15.8503,15.8988,15.8994,15.8588,15.8187,15.7674,15.8497,15.8391,15.84,15.9205,15.8701,15.8315,15.8212,15.8667,15.895,15.8901,15.8962,15.9293,15.9027,15.9409,16.0321,16.0638,16.0794,16.0789,16.1257,16.2031,16.1969,16.2113,16.2615,16.2857,16.3046,16.303,16.3518
15.29,15.2079,15.1471,15.0777,14.9712,14.8667,14.8113,14.8318,14.8519,14.7706,14.7636,14.7117,14.7054,14.7257,14.7719,14.7391,14.6724,14.7009,14.8644,14.8487,14.9167,14.8512,14.8607,14.813,14.7823,14.896,14.9365,15.0315,15.0781,15.1473,15.1538,15.1908,15.1515,15.0977,15.097,15.1333,15.1471,15.1387,15.2754,15.2446,15.2286,15.2908,15.3099,15.3427,15.3542,15.3241,15.4041,15.4014,15.4122,15.4295,15.4533,15.4834,15.4803,15.5163,15.5519,15.6452,15.7308,15.6752,15.6203,15.5912,15.5563,15.5466,15.5062,15.589,15.5854,15.5636,15.6446,15.6108,15.5655,15.6391,15.6647,15.5965,15.6163,15.6301,15.6092,15.6343,15.6307,15.661,15.6461,15.6425,15.6167,15.6077,15.5824,15.5464,15.5163,15.5946,15.5699,15.5989,15.6117,15.6032,15.6,15.7173,15.7292,15.7409,15.7784,15.7641,15.7857,15.7716,15.7677,15.7839
15.23,15.1584,15.1176,15.0485,14.9904,14.8762,14.8491,14.8505,14.7963,14.789,14.7636,14.8829,14.8304,14.8053,14.8333,14.8348,14.9052,14.8803,14.8644,14.8067,14.8333,14.7851,14.7951,14.8537,14.9355,14.912,15.0159,15.0236,15.0234,15.0698,15.1308,15.2366,15.3182,15.3233,15.3284,15.3852,15.4779,15.562,15.587,15.6043,15.5571,15.5957,15.5845,15.6503,15.7153,15.6966,15.6918,15.6803,15.6757,15.6779,15.6733,15.6623,15.6316,15.6013,15.6688,15.6516,15.7628,15.8471,15.7785,15.7736,15.7875,15.8012,15.8025,15.8712,15.872,15.9152,15.9578,15.9102,15.9524,16.0059,16.0294,16.0877,16.0814,16.052,16.0862,16.1429,16.1307,16.0904,16.0449,16.0838,16.0722,16.1768,16.2418,16.2623,16.3315,16.3243,16.4301,16.4278,16.4734,16.4974,16.5,16.4555,16.4844,16.5078,16.5052,16.5077,16.5816,16.6701,16.6465,16.6482
15.27,15.198,15.1569,15.0874,15.0096,14.9238,14.8585,14.785,14.6944,14.7064,14.7545,14.7928,14.7232,14.646,14.693,14.6783,14.75,14.7521,14.7797,14.7815,14.775,14.8512,14.8197,14.7805,14.8226,14.888,15.0476,15.1024,15.2031,15.155,15.2769,15.2977,15.2576,15.2707,15.2239,15.2,15.2574,15.2701,15.3623,15.4245,15.5,15.6099,15.6268,15.6434,15.6181,15.7724,15.8288,15.8299,15.8581,15.8322,15.8067,15.7351,15.7763,15.7778,15.8247,15.7806,15.8205,15.758,15.7342,15.8365,15.8187,15.7888,15.716,15.7423,15.7073,15.7576,15.7711,15.7665,15.756,15.7278,15.7529,15.8246,15.8721,15.9884,16.0805,16.08,16.0795,16.1469,16.1292,16.1006,16.1778,16.1713,16.2033,16.2022,16.2609,16.2324,16.3387,16.4439,16.4734,16.6032,16.6105,16.623,16.5938,16.6632,16.6392,16.6974,16.6786,16.6751,16.6667,16.6633
15.21,15.1287,15.1176,15.2718,15.3173,15.3238,15.3019,15.3738,15.4074,15.4587,15.5,15.4775,15.4821,15.4779,15.4298,15.4696,15.5086,15.4615,15.4492,15.3866,15.375,15.3306,15.3443,15.561,15.5323,15.632,15.6508,15.6378,15.5781,15.6589,15.6462,15.6947,15.7348,15.7744,15.9403,16.0074,16.0662,16.0657,16.1377,16.1942,16.35,16.461,16.4789,16.4545,16.4236,16.4138,16.411,16.449,16.6149,16.5906,16.52,16.4768,16.5592,16.634,16.6623,16.6903,16.7436,16.6752,16.6582,16.6289,16.6125,16.6211,16.642,16.638,16.5854,16.5515,16.5361,16.5689,16.5179,16.5089,16.4765,16.5848,16.657,16.6358,16.7011,16.7314,16.6875,16.6554,16.6236,16.5922,16.5444,16.4862,16.4396,16.3825,16.4457,16.4541,16.4516,16.492,16.5691,16.6508,16.6895,16.6806,16.6771,16.772,16.8144,16.8308,16.8827,16.8883,16.9091,16.9447
15.28,15.2178,15.1961,15.1456,15.1346,15.181,15.0849,15.1308,15.0741,15.0367,15.1091,15.0991,15.0893,15.115,15.1667,15.1391,15.1983,15.1966,15.2373,15.2689,15.2417,15.1983,15.2459,15.2846,15.2581,15.304,15.4206,15.3622,15.3125,15.3023,15.3538,15.3435,15.3258,15.3008,15.2985,15.2889,15.3309,15.4307,15.4493,15.4676,15.5143,15.5319,15.5704,15.5594,15.5556,15.6207,15.589,15.5578,15.5405,15.5235,15.6,15.5497,15.5855,15.6209,15.5974,15.5613,15.5833,15.5796,15.538,15.5157,15.5375,15.528,15.5062,15.5583,15.5488,15.5152,15.5904,15.5749,15.619,15.645,15.6647,15.6608,15.6628,15.6358,15.6782,15.6743,15.7955,15.8362,15.9101,15.9553,15.9444,15.9282,15.8901,15.9235,15.9348,15.9676,15.9624,15.9251,15.9043,15.9101,15.8895,15.9267,15.9375,15.9637,15.9433,15.9897,15.9898,15.9645,16.0303,15.9849
15.24,15.1881,15.1176,15.0291,14.9712,14.9048,14.8491,14.7757,14.6574,14.5688,14.5364,14.4865,14.4821,14.5398,14.4912,14.5304,14.5431,14.5385,14.5763,14.605,14.5833,14.5702,14.5492,14.5854,14.6855,14.656,14.6746,14.7323,14.7422,14.7597,14.8769,14.9924,14.9848,14.9624,14.9627,14.9481,14.9412,15,15.0797,15.1367,15.2071,15.2128,15.2746,15.2378,15.2778,15.2345,15.363,15.517,15.5405,15.5235,15.5467,15.6291,15.6513,15.6405,15.6364,15.6903,15.8526,15.879,15.8481,15.8176,15.8313,15.8447,15.8086,15.773,15.8415,15.8727,15.8253,15.8263,15.8155,15.7929,15.8588,15.8889,15.9767,16.052,16.1552,16.1257,16.108,16.113,16.1573,16.1453,16.1056,16.0552,16,15.9399,15.9239,15.8973,15.8763,15.8824,15.9468,16.0159,16.1211,16.1152,16.099,16.1606,16.1907,16.1538,16.2092,16.2284,16.298,16.2563
15.33,15.3069,15.2451,15.2427,15.2019,15.219,15.1887,15.2056,15.1574,15.1101,15.1182,15.2072,15.2321,15.2832,15.2719,15.2087,15.1724,15.1453,15.1525,15.1092,15.05,15.0496,15.0574,15.0244,15.0242,15.136,15.1111,15.1024,15.0938,15.093,15.1538,15.2977,15.3182,15.3835,15.4776,15.5185,15.625,15.5912,15.6159,15.5971,15.5857,15.5816,15.5352,15.4965,15.4792,15.5517,15.5753,15.5986,15.5473,15.557,15.5267,15.596,15.6974,15.6993,15.7273,15.7935,15.7628,15.7325,15.7848,15.7736,15.7562,15.7329,15.7778,15.773,15.7683,15.8121,15.8675,15.8323,15.8036,15.8343,15.8647,15.8538,15.9651,15.9364,15.9023,15.8857,15.8864,15.9322,15.9888,15.9777,15.9722,16.0608,16.0989,16.1038,16.0707,16.0757,16.1129,16.123,16.2128,16.1958,16.1474,16.2094,16.2396,16.2176,16.1907,16.241,16.2194,16.2183,16.2273,16.2764
15.24,15.1881,15.1569,15.1165,15.0577,15.0381,15,14.9533,14.8981,14.8532,14.8636,14.964,14.9643,15.0177,14.9737,14.9478,14.9138,14.9231,14.9831,14.9244,14.8667,14.8926,14.8525,14.9187,14.8629,14.8,14.7857,14.748,14.7891,14.9225,14.9923,14.9771,14.9545,14.9699,15.0821,15.0815,15.0662,15.0365,15.087,15.0504,14.9857,14.9716,15.0775,15.1189,15.1667,15.1862,15.2466,15.2449,15.1959,15.2081,15.1867,15.2715,15.3158,15.4183,15.3831,15.3935,15.4551,15.5032,15.5823,15.5409,15.5125,15.559,15.5988,15.6012,15.5732,15.5394,15.512,15.5509,15.631,15.7396,15.7588,15.7485,15.7849,15.815,15.8448,15.8057,15.8011,15.7853,15.7921,15.7542,15.7056,15.674,15.6868,15.7322,15.7772,15.8,15.8118,15.8128,15.766,15.7407,15.7105,15.7016,15.7604,15.8083,15.799,15.7846,15.8214,15.8376,15.8788,15.8844
15.23,15.1584,15.0686,15.0291,14.9904,14.8762,14.783,14.7009,14.6019,14.5229,14.4636,14.5405,14.5536,14.6195,14.614,14.6696,14.6638,14.5983,14.6441,14.6555,14.6917,14.7273,14.7541,14.6992,14.7016,14.816,14.8095,14.8661,14.9531,14.9457,15.0077,15.0305,15.0152,15.0677,15.097,15.1185,15.1103,15.1314,15.1739,15.2158,15.1429,15.1773,15.162,15.2378,15.2361,15.2276,15.2534,15.2177,15.2635,15.3423,15.34,15.3113,15.3224,15.3072,15.3052,15.2839,15.359,15.4713,15.5,15.6038,15.5625,15.646,15.7099,15.6871,15.6829,15.7152,15.7349,15.7246,15.7381,15.8462,15.8882,15.8772,15.9186,15.9075,15.8851,15.8686,15.8466,15.7966,15.7472,15.743,15.7611,15.7072,15.6978,15.7213,15.7337,15.7189,15.7312,15.6952,15.7128,15.7354,15.7789,15.7382,15.7656,15.7979,15.7423,15.7077,15.6582,15.6548,15.6919,15.6834
15.2,15.1287,15.0588,15.1165,14.9904,14.8952,14.8113,14.8505,14.8426,14.7431,14.7091,14.7568,14.7857,14.7434,14.7895,14.7478,14.75,14.6838,14.7373,14.7395,14.7167,14.7273,14.6967,14.813,14.7581,14.768,14.7619,14.8583,14.875,14.8682,14.9692,14.9542,14.9848,14.985,15.1343,15.1852,15.2059,15.1825,15.1884,15.1871,15.2071,15.1986,15.2958,15.2867,15.2639,15.2414,15.2055,15.2381,15.1892,15.1611,15.26,15.2583,15.2632,15.2288,15.3571,15.3742,15.4679,15.5414,15.538,15.5472,15.6188,15.6211,15.5926,15.5706,15.6159,15.6424,15.7229,15.6946,15.7202,15.6923,15.6882,15.7427,15.7151,15.7457,15.7011,15.8057,15.7898,15.8192,15.8258,15.8324,15.8611,15.8895,15.8791,15.9235,15.9185,15.8865,15.9194,15.9626,15.9362,15.963,15.9684,16,15.9948,16.0518,16.0515,16.0615,16.1582,16.1421,16.2273,16.2312
15.25,15.1782,15.1078,15.068,15,15,14.9906,14.972,14.8796,14.7798,14.7818,14.8378,14.8571,14.8319,14.8509,14.9043,14.9397,14.9744,14.9492,14.9244,14.975,14.9091,14.9672,14.935,14.9758,15.016,15.1429,15.2756,15.3594,15.3643,15.4,15.458,15.4318,15.4361,15.4104,15.437,15.5074,15.4672,15.4493,15.5108,15.4714,15.4539,15.4296,15.5245,15.5417,15.6138,15.7397,15.7075,15.7162,15.6711,15.6667,15.649,15.7105,15.7451,15.7468,15.7613,15.7115,15.6688,15.6835,15.6792,15.6937,15.7081,15.6914,15.6933,15.6829,15.6606,15.6325,15.7006,15.6607,15.6568,15.6882,15.6901,15.7442,15.7399,15.7414,15.72,15.7216,15.7797,15.736,15.8603,15.8389,15.8343,15.8132,15.8197,15.7935,15.8216,15.7742,15.7273,15.7819,15.8148,15.8947,15.9738,15.9323,15.9275,16.0052,16.0103,16.0867,16.1624,16.197,16.2261
15.22,15.1683,15.098,15.0097,14.9519,14.8571,14.7358,14.5981,14.5278,14.5596,14.5636,14.5586,14.5446,14.6637,14.6579,14.6348,14.6466,14.7009,14.7373,14.9328,14.925,14.9504,14.959,14.9187,14.9919,15.024,15.0794,15.063,15.0391,15.1318,15.1538,15.1221,15.0833,15.0827,15.1716,15.2,15.1838,15.2117,15.1884,15.1439,15.15,15.2057,15.2324,15.2378,15.2292,15.2552,15.226,15.2925,15.2973,15.2953,15.44,15.5033,15.5066,15.4967,15.5325,15.5355,15.5962,15.6879,15.6962,15.673,15.6813,15.764,15.716,15.6748,15.6341,15.5939,15.5723,15.6168,15.5714,15.5917,15.6059,15.6257,15.6512,15.6532,15.7011,15.6686,15.6761,15.661,15.6966,15.7709,15.7611,15.8122,15.8187,15.8579,15.8913,15.8811,15.9247,15.9198,15.9202,15.8889,15.8895,15.8691,15.8438,15.8394,15.8866,15.9231,15.9745,16.0711,16.0354,16.0352
15.19,15.1584,15.1373,15.0874,15.0577,14.9714,14.8868,14.8411,14.7593,14.6881,14.7182,14.6216,14.5893,14.6018,14.5351,14.513,14.5517,14.5214,14.6186,14.6218,14.65,14.6612,14.7131,14.748,14.8629,14.848,14.8333,14.8031,14.8906,14.8915,15.0077,14.9924,15.0303,14.9925,15.0075,15.0148,14.9706,15.0146,15.1667,15.1799,15.3,15.3262,15.2817,15.2797,15.2639,15.4345,15.4589,15.4014,15.4662,15.5235,15.6267,15.649,15.6118,15.5817,15.6169,15.6194,15.6154,15.6561,15.7025,15.6855,15.7312,15.7764,15.8827,15.908,15.9207,15.8848,15.8976,15.8862,15.881,15.9172,15.9059,15.9123,15.9128,15.948,15.9138,15.8914,15.9545,15.9548,15.9382,15.9218,16.0111,16.0552,16.033,15.9836,15.9783,15.9676,16.1022,16.0749,16.0532,16.0529,16.1368,16.1414,16.2031,16.2746,16.2732,16.2564,16.2653,16.2335,16.202,16.2211
15.19,15.0693,15.0294,15,15.0192,15.0381,15.0189,14.9065,14.7963,14.6881,14.6091,14.6036,14.6161,14.5841,14.6754,14.6957,14.6379,14.6154,14.6441,14.6471,14.6833,14.719,14.6803,14.6992,14.6613,14.592,14.6111,14.6378,14.6719,14.7209,14.7615,14.8015,14.9167,15.0827,15.0896,15.1407,15.1691,15.1314,15.1957,15.2086,15.2214,15.2199,15.1761,15.2238,15.2361,15.2897,15.3151,15.3469,15.4189,15.5235,15.5333,15.543,15.5724,15.634,15.6364,15.5677,15.6282,15.7197,15.7595,15.8302,15.85,15.8137,15.8025,15.7607,15.7927,15.8,15.8193,15.8084,15.7798,15.8639,15.9059,15.8772,15.8837,15.8786,15.9425,15.9657,15.9943,16.0621,16.0506,16.0838,16.0667,16.105,16.1099,16.1421,16.1196,16.0757,16.0968,16.0535,16.0426,16.0899,16.0579,16.0262,16,15.9741,15.9639,15.959,16.0102,15.9898,16.0303,16.1206
15.18,15.0693,15.0294,15.0874,15.25,15.2762,15.2736,15.1963,15.1019,15.0917,15.0818,15.0811,15.1161,15.1681,15.2105,15.1043,15.0431,14.9658,15.1102,15.2185,15.275,15.281,15.3033,15.2927,15.2742,15.416,15.4048,15.5748,15.5469,15.6124,15.7231,15.6412,15.7576,15.6842,15.7164,15.6593,15.6838,15.6423,15.7029,15.705,15.6929,15.7092,15.6901,15.6923,15.8194,15.7793,15.7945,15.7619,15.7095,15.7181,15.72,15.755,15.7303,15.6928,15.7792,15.8129,15.8333,15.8854,15.8228,15.9182,15.9,15.8758,15.9383,15.9509,16.0183,16.0485,16.0723,16.0778,16.0476,16.0592,16.0647,16.0585,16.0814,16.0173,16.0172,16.04,15.9943,16.0339,15.9719,15.9832,15.9833,16.011,16.0165,16.0546,16.0815,16.1081,16.1075,16.1176,16.1011,16.0952,16.1158,16.1309,16.1198,16.1347,16.1495,16.159,16.199,16.1523,16.1869,16.2362
15.26,15.2475,15.1471,15.0971,15.0673,15.0667,15.0566,15.0935,15.0463,15.0459,14.9636,14.9279,14.9196,14.9381,14.9825,14.9565,14.8793,14.906,14.9407,15.2605,15.2583,15.2479,15.2541,15.2033,15.2177,15.168,15.1111,15.0945,15.1094,15.1318,15.1231,15.0763,15.0303,14.9925,15.0448,15.0593,15.0735,15.0876,15.1087,15.1007,15.1571,15.1489,15.2606,15.6853,15.6875,15.6966,15.7192,15.8095,15.8514,15.8993,15.96,15.9669,16.0789,16.0588,16.0844,16.1484,16.2051,16.2675,16.2278,16.2579,16.225,16.2174,16.1667,16.2086,16.2012,16.2242,16.2108,16.2635,16.3155,16.3432,16.3059,16.3158,16.2849,16.3584,16.3046,16.2857,16.2784,16.2712,16.264,16.2514,16.2111,16.2265,16.1813,16.1803,16.1902,16.2162,16.3118,16.2727,16.266,16.3069,16.4,16.5079,16.5052,16.4974,16.5103,16.5744,16.5459,16.5228,16.5152,16.5025
15.19,15.1386,15.0588,14.9709,14.8558,14.7524,14.6887,14.6262,14.5278,14.5229,14.4636,14.4414,14.4821,14.5044,14.4737,14.4348,14.4569,14.4786,14.4831,14.5042,14.5417,14.6612,14.7459,14.878,14.9274,14.96,14.9444,14.9764,15.0547,15.031,15.0308,15.084,15.1515,15.1654,15.2612,15.2889,15.375,15.4599,15.4203,15.3885,15.3571,15.3404,15.3521,15.3357,15.2986,15.2897,15.274,15.2653,15.2297,15.2215,15.16,15.1589,15.1711,15.183,15.2662,15.2581,15.2436,15.2102,15.2278,15.1887,15.2125,15.2174,15.1667,15.2086,15.1646,15.2,15.241,15.2575,15.2679,15.284,15.3,15.3801,15.4128,15.4162,15.4368,15.4629,15.5398,15.5085,15.5899,15.5698,15.55,15.5083,15.4725,15.4481,15.4022,15.3622,15.4194,15.4064,15.4149,15.4074,15.3789,15.4293,15.4479,15.4145,15.3918,15.4718,15.4694,15.4975,15.5051,15.5729
15.17,15.0495,15.049,14.932,14.8558,14.8667,14.7642,14.6449,14.5463,14.4404,14.4182,14.3514,14.3661,14.4071,14.3509,14.4435,14.3793,14.4017,14.4322,14.4286,14.475,14.5455,14.5656,14.6098,14.5887,14.584,14.5317,14.6142,14.625,14.5969,14.6077,14.6489,14.6591,14.6241,14.6791,14.6519,14.6324,14.7153,14.7826,14.8201,14.8357,14.8369,14.8662,14.9441,14.9236,14.931,14.9384,15,15.0473,15.0805,15.0467,15.0596,15.1447,15.1895,15.2403,15.2452,15.2372,15.2675,15.2911,15.3396,15.3438,15.3789,15.4012,15.3865,15.5122,15.6061,15.6325,15.6407,15.7083,15.716,15.6941,15.8304,15.8488,15.9075,15.9138,16.0057,16.0625,16.1525,16.191,16.2682,16.2889,16.326,16.4286,16.3989,16.3696,16.3892,16.3602,16.369,16.3511,16.3862,16.3895,16.4503,16.4531,16.487,16.5361,16.5538,16.5255,16.5635,16.6465,16.6432
15.25,15.2079,15.1961,15.1456,15.0577,14.9524,14.8491,14.7944,14.8704,14.7523,14.7182,14.7297,14.6875,14.6814,14.7018,14.713,14.75,14.7778,14.7881,14.8151,14.8833,14.9504,15.041,15.0488,15,14.976,14.881,14.937,15.0312,15.0465,15.0692,15.1756,15.1515,15.2105,15.2687,15.237,15.2279,15.2409,15.2826,15.4029,15.3786,15.383,15.4225,15.3776,15.3333,15.4966,15.5137,15.4898,15.4392,15.4564,15.4333,15.404,15.4408,15.4248,15.474,15.5161,15.5641,15.6306,15.5886,15.6101,15.6,15.6832,15.6605,15.6196,15.6402,15.5818,15.5964,15.5689,15.6726,15.6864,15.6353,15.6784,15.657,15.659,15.6782,15.7543,15.8466,15.8757,15.8989,15.9106,15.9278,15.9227,15.9066,15.9781,15.9783,16.0324,16.0161,16.0053,16.0213,16.0741,16.1579,16.1937,16.2031,16.3264,16.4124,16.4256,16.4388,16.4315,16.4192,16.3869
15.27,15.198,15.098,15.0485,15.0288,15.0476,15.0377,14.972,14.9167,14.8532,14.8727,14.9099,14.9554,14.9912,14.9912,14.9391,14.931,14.9145,14.8305,14.7563,14.75,14.8347,14.8197,14.8943,14.9032,14.96,15.0238,15.126,15.2656,15.3023,15.2692,15.3282,15.3106,15.3308,15.3731,15.4074,15.5147,15.635,15.6232,15.6978,15.7071,15.7092,15.7535,15.7483,15.75,15.7448,15.7397,15.7279,15.8108,15.7919,15.7333,15.6755,15.7105,15.8235,15.8701,15.9161,15.9359,15.9936,15.981,16.0629,16.0562,16.0311,16,16.0245,16.0427,16.0242,16.0181,16.0659,16.1488,16.1124,16.1235,16.1754,16.2209,16.1908,16.2759,16.3029,16.3182,16.3164,16.3371,16.3128,16.3,16.2541,16.2802,16.2568,16.2446,16.2162,16.2043,16.2086,16.2553,16.2222,16.2158,16.2147,16.2656,16.285,16.2732,16.3333,16.352,16.3503,16.404,16.3467
15.22,15.1881,15.0784,15,14.9904,14.9714,14.9057,14.8785,14.7963,14.7248,14.7,14.6486,14.6607,14.6549,14.7456,14.6522,14.6638,14.6496,14.6949,14.7227,14.75,14.7603,14.7295,14.7967,14.8145,14.88,14.8889,14.9291,14.9688,14.9922,15.0077,14.9924,15.0076,15.0226,15.1493,15.2,15.1912,15.2482,15.2754,15.2878,15.2714,15.2908,15.3099,15.3077,15.3472,15.4414,15.5137,15.5442,15.5473,15.5302,15.5467,15.5232,15.5,15.5033,15.4935,15.4903,15.5064,15.5796,15.5759,15.5912,15.6125,15.6273,15.5926,15.6074,15.6585,15.6667,15.6325,15.6946,15.7143,15.7574,15.7588,15.8772,15.8547,15.8671,15.8391,15.8457,15.9432,15.9322,15.9213,15.9832,15.9889,15.9779,16.044,16.0219,16.0978,16.1135,16.1559,16.1444,16.1596,16.1323,16.1316,16.1361,16.1615,16.1606,16.1237,16.1641,16.1684,16.1777,16.1566,16.201
15.25,15.198,15.1176,15.0097,14.8846,14.7619,14.6415,14.5421,14.5093,14.4771,14.5091,14.4775,14.5089,14.5664,14.5526,14.5739,14.5776,14.5897,14.6017,14.5714,14.5667,14.6281,14.6721,14.7724,14.7742,14.808,14.8175,14.8425,14.7969,14.8605,14.9538,14.9924,14.9773,15.0301,15.0522,15.0667,15.2279,15.2701,15.3986,15.4245,15.5357,15.5816,15.5986,15.5874,15.5069,15.4621,15.5,15.4966,15.5135,15.5705,15.6667,15.702,15.8421,15.7778,15.7273,15.7226,15.7244,15.7261,15.7595,15.761,15.8063,15.7826,15.7654,15.9018,15.939,15.9576,15.9096,15.8862,16.0595,16.0947,16.1706,16.152,16.1337,16.1156,16.1207,16.1429,16.1591,16.2316,16.2921,16.3799,16.4056,16.3923,16.4341,16.4317,16.462,16.4811,16.6022,16.5722,16.6064,16.6138,16.5579,16.5445,16.599,16.6269,16.6289,16.6154,16.6786,16.6853,16.6919,16.7236
15.33,15.4455,15.402,15.3398,15.25,15.219,15.1509,15.1682,15.0648,15.0826,15.0182,14.973,15.0268,15.0088,14.9649,15.0696,15.0603,15.1026,15.0763,15.1176,15.1167,15.1074,15.1393,15.1138,15.0968,15.2,15.2222,15.1811,15.1641,15.1705,15.2,15.1908,15.1818,15.2256,15.2313,15.2148,15.2279,15.2044,15.2029,15.3094,15.3143,15.305,15.3803,15.3706,15.3264,15.3241,15.2534,15.3129,15.3514,15.3691,15.4467,15.5232,15.5066,15.5163,15.5649,15.6,15.6346,15.758,15.7089,15.6792,15.7063,15.7391,15.7407,15.8037,15.8415,15.8667,15.8675,15.9102,15.9762,15.9763,15.9412,15.9883,15.9651,15.9653,15.9713,15.9829,15.9716,16.0452,16.0449,16.0223,15.9778,16.0166,16.011,16,16.0054,16.1243,16.0968,16.0856,16.1649,16.164,16.1842,16.1309,16.1406,16.1192,16.1598,16.2256,16.3163,16.3858,16.404,16.392
15.18,15.0891,15.0392,15.0194,14.9712,14.8286,14.7264,14.6916,14.7037,14.7156,14.6636,14.6036,14.625,14.646,14.7018,14.687,14.819,14.8291,14.9068,14.8824,14.9083,14.8926,15.0574,15.0244,15.0565,15.184,15.2222,15.2126,15.1875,15.3023,15.2846,15.4198,15.6288,15.6767,15.6567,15.6074,15.5662,15.635,15.5797,15.6835,15.7357,15.7589,15.7746,15.7552,15.9306,15.9172,15.911,15.932,15.9797,15.9732,15.9267,15.9205,15.9539,15.9346,16.0714,16.1677,16.1218,16.0637,16.057,16.044,15.9938,15.9814,15.9506,15.9325,15.9512,15.9576,15.9277,16,15.9583,15.9941,15.9412,16.0702,16.0349,16.0578,16.1264,16.1429,16.1477,16.1638,16.2303,16.1844,16.1556,16.1326,16.2088,16.1967,16.2826,16.3514,16.3495,16.3904,16.3936,16.4868,16.4579,16.4293,16.3906,16.3679,16.4124,16.4564,16.5306,16.5076,16.4646,16.3869
15.2,15.1287,15.1569,15.1262,15.1731,15.1619,15.1981,15.2056,15.0833,15.055,15.0273,15,15,15.0531,15.0088,14.9652,14.8793,14.8632,14.8983,14.8403,14.8667,14.8595,14.9016,14.8862,15.0323,15.136,15.0794,15.1024,15.1641,15.2016,15.2,15.1679,15.1667,15.1504,15.1642,15.2296,15.3309,15.2774,15.4348,15.5252,15.4714,15.4184,15.5211,15.5245,15.5208,15.5655,15.589,15.6735,15.6689,15.6644,15.66,15.6821,15.6908,15.6209,15.5909,15.729,15.7564,15.7261,15.7468,15.8553,15.9125,15.9379,15.9321,16,16.0671,16.1152,16.1145,16.1018,16.0774,16.0592,16.1824,16.1813,16.1802,16.2659,16.2644,16.2914,16.2955,16.3333,16.3315,16.4469,16.4111,16.3591,16.3846,16.3497,16.3859,16.3568,16.328,16.3529,16.3245,16.2963,16.2579,16.2042,16.1979,16.171,16.1546,16.1487,16.1378,16.1218,16.101,16.0704
15.16,15.0495,14.9608,15.0583,15.1058,15.0286,15.1132,15.1495,15.1944,15.1743,15.1455,15.1351,15.0982,15.115,15.1404,15.1043,15.1552,15.1795,15.2627,15.2437,15.175,15.1488,15.2377,15.2927,15.2581,15.232,15.1984,15.1575,15.1328,15.062,15,15.0305,15.0227,15.0301,15.0522,15.1407,15.1176,15.1022,15.1087,15.0935,15.1143,15.1348,15.1408,15.1538,15.2778,15.3379,15.3219,15.3265,15.2635,15.302,15.3467,15.3709,15.4211,15.4052,15.4026,15.4,15.4487,15.465,15.5,15.5031,15.5563,15.6398,15.6049,15.6074,15.5976,15.6242,15.747,15.8443,15.8095,15.8639,15.9059,15.8772,15.8953,15.9249,15.9598,15.9543,15.9091,15.9492,16.0225,16,16,16.0055,16.0495,16.1093,16.0924,16.1405,16.2097,16.2246,16.2021,16.1693,16.1737,16.1675,16.2448,16.2642,16.2371,16.1949,16.2347,16.3046,16.2525,16.2764
15.31,15.2475,15.2157,15.1553,15.0769,15.0286,15.0094,14.9533,14.9167,14.844,14.8909,14.9459,14.8929,14.8673,14.7895,14.9043,14.8879,14.8803,14.8305,14.8739,14.9167,15.1405,15.2131,15.2439,15.2742,15.296,15.4127,15.3622,15.3594,15.4419,15.5615,15.5344,15.553,15.6692,15.6866,15.6519,15.6471,15.6642,15.6014,15.5108,15.5429,15.5957,15.6056,15.6294,15.6389,15.6276,15.5685,15.5714,15.5338,15.5436,15.4533,15.4636,15.4013,15.4248,15.4351,15.4065,15.4744,15.465,15.4937,15.4969,15.4437,15.4037,15.3642,15.3006,15.378,15.4,15.3675,15.4132,15.3869,15.4142,15.5235,15.5205,15.4826,15.5202,15.5,15.5029,15.5284,15.5028,15.4888,15.5475,15.5722,15.7072,15.7363,15.7978,15.8207,15.8486,15.8871,15.893,15.9096,15.8995,15.9158,15.8743,15.9323,15.9171,15.9175,15.8923,15.9286,15.9137,15.9646,15.9799
15.22,15.1584,15.1176,15.165,15.1442,15.1714,15.1887,15.1869,15.1204,14.9908,14.9455,14.8739,14.8929,14.885,14.8684,14.8957,14.9138,14.8718,14.8644,14.8403,14.8167,14.7851,14.8197,14.8211,15.0161,15.048,15.0238,15.0157,15.0547,15.0155,14.9769,15.1069,15.1894,15.2932,15.3134,15.3926,15.4779,15.4672,15.4638,15.4029,15.3857,15.4043,15.4085,15.5035,15.4583,15.4828,15.5685,15.6259,15.5878,15.5705,15.62,15.6556,15.6974,15.8366,15.8571,15.9097,15.9038,15.9045,15.8734,15.8742,15.825,15.8075,15.8395,15.8405,15.8171,15.8242,15.8795,15.8563,15.8155,15.8698,15.9235,15.9649,15.907,15.9769,15.931,16.0343,16,16.0734,16.0393,16.0056,15.9556,15.9227,15.9396,15.9071,15.9674,16,16.0645,16.0428,16.0691,16.0899,16.0684,16.0471,16.0104,15.9896,15.9536,15.9333,15.9592,16.0355,16.0404,16.0603
15.24,15.2079,15.1569,15.068,15.0673,14.9905,14.9811,14.9252,14.8704,14.8624,14.8818,14.8649,14.9107,14.9027,14.886,14.9043,14.8966,14.8462,14.9068,14.9748,14.9917,14.9669,14.9918,14.9431,15.0242,15.04,15.0635,15.0157,15.1016,15.1163,15.1077,15.0916,15.0985,15.1203,15.097,15.1259,15.1471,15.1898,15.2826,15.3022,15.4571,15.5461,15.5352,15.4895,15.4167,15.3931,15.4384,15.4286,15.527,15.5302,15.5467,15.5497,15.6382,15.7059,15.7013,15.7097,15.7115,15.7134,15.6772,15.7296,15.725,15.7081,15.7037,15.7362,15.7683,15.7697,15.7349,15.7186,15.7143,15.7041,15.7353,15.807,15.8023,15.8613,15.8678,15.8686,15.8239,15.8475,15.8596,15.8827,15.9111,15.895,15.9121,15.9071,15.9185,15.9189,15.9946,15.984,16.016,16,15.9947,16,16.1458,16.2021,16.201,16.1897,16.1633,16.1777,16.2475,16.2714
15.23,15.2574,15.1765,15.1359,15.0673,15.0857,15.0472,15,14.9259,14.8257,14.7909,14.8288,14.7946,14.8673,14.8509,14.8435,14.7931,14.8205,14.7712,14.8319,14.825,14.9256,14.9262,14.9593,14.9355,14.992,15.0397,15.0945,15.1328,15.186,15.2538,15.2824,15.4015,15.4737,15.5,15.5111,15.5,15.5109,15.4638,15.5036,15.4643,15.4681,15.4507,15.5524,15.5069,15.5241,15.5068,15.4898,15.5203,15.5973,15.6133,15.596,15.5461,15.5752,15.6753,15.6645,15.6859,15.6369,15.6962,15.7107,15.7375,15.7329,15.8025,15.773,15.7744,15.8242,15.8735,15.9102,15.9702,15.9586,15.9176,15.9006,15.9244,15.9191,15.9253,15.9314,15.9091,15.9718,16.0169,16.0279,16.0778,16.0718,16.0604,16.0929,16.1793,16.2054,16.2312,16.1872,16.2074,16.2646,16.2684,16.3455,16.3594,16.4611,16.4278,16.4,16.3929,16.467,16.4545,16.4121
15.21,15.1188,15.0392,14.9709,14.9231,14.9143,14.9245,14.9252,14.9167,14.945,14.8909,14.8919,14.8482,14.9204,14.9912,15,15.1034,15.0855,15.0593,15.1176,15.1167,15.2893,15.2869,15.2846,15.2823,15.4,15.3889,15.5748,15.5156,15.4961,15.4538,15.4427,15.5,15.4887,15.5,15.4444,15.5,15.4745,15.5507,15.5899,15.6857,15.7021,15.7465,15.7622,15.7778,15.7655,15.7123,15.7755,15.7568,15.7651,15.7733,15.8212,15.8882,15.9281,15.9026,15.9032,15.9808,16.0255,16.0316,16.0126,16.0188,16.087,16.142,16.135,16.1402,16.1576,16.2289,16.2216,16.2083,16.1834,16.1412,16.152,16.1453,16.1272,16.1322,16.1086,16.1705,16.1921,16.2135,16.2123,16.3167,16.2707,16.2473,16.2568,16.3152,16.373,16.371,16.3797,16.3723,16.381,16.4526,16.5236,16.4792,16.4301,16.3814,16.3744,16.4082,16.4619,16.4343,16.4121
15.21,15.1287,15.0686,15.0291,15.0865,14.9905,15,15.0187,14.9907,14.9633,14.9455,14.8919,14.9286,14.9027,14.8509,14.8174,14.8017,14.7949,14.7288,14.7983,14.8333,14.9504,14.9016,14.8862,14.9758,14.928,14.9127,15.0079,15.0312,15.062,15.1538,15.2443,15.3485,15.406,15.403,15.437,15.4191,15.3942,15.3333,15.3309,15.3429,15.4681,15.4366,15.5315,15.4931,15.4552,15.4932,15.551,15.5203,15.5168,15.5867,15.6291,15.625,15.5948,15.5844,15.5871,15.5641,15.4841,15.4937,15.4591,15.4875,15.4907,15.5988,15.5337,15.5793,15.5394,15.5422,15.5629,15.6369,15.5917,15.6059,15.6608,15.6628,15.6358,15.6724,15.7029,15.7159,15.6949,15.7191,15.7207,15.7167,15.7017,15.8077,15.7705,15.7446,15.7946,15.7581,15.8128,15.7766,15.7407,15.9053,15.9424,15.9271,16.0415,16.0619,16.0821,16.1122,16.0761,16.1768,16.1608
15.19,15.0891,15.0196,15,15,14.9714,14.9623,15.0654,15.0278,14.945,14.9545,14.9009,14.9286,14.9204,14.9386,14.9304,14.9655,14.9487,14.9576,15.0084,15.0417,15.0083,15.0574,15.1463,15.129,15.168,15.2302,15.2362,15.1953,15.2403,15.2,15.1985,15.303,15.2632,15.2612,15.2593,15.2868,15.3431,15.3116,15.4101,15.3857,15.3546,15.4225,15.3986,15.3819,15.4552,15.5959,15.5918,15.5811,15.6376,15.62,15.6026,15.6316,15.5817,15.5779,15.5419,15.5769,15.6051,15.557,15.5535,15.5188,15.5155,15.4815,15.5644,15.622,15.5818,15.5602,15.5269,15.5714,15.6095,15.5765,15.5673,15.6744,15.7168,15.6782,15.6457,15.7102,15.7514,15.7865,15.8101,15.8056,15.9227,15.9615,15.918,16.038,16.1135,16.1183,16.1337,16.1117,16.1429,16.1316,16.1623,16.1458,16.1088,16.1753,16.2051,16.2041,16.2132,16.2929,16.2864
15.21,15.1089,15.0882,15.1068,15.0865,15.0286,15.0189,14.9065,14.8981,14.8073,14.7909,14.7838,14.7679,14.7257,14.7018,14.6435,14.6121,14.5641,14.6864,14.7143,14.675,14.6777,14.7377,14.7398,14.7419,14.752,14.8413,14.811,14.7891,14.7829,14.7846,14.8473,14.8712,15.015,15.0672,15.0889,15.0809,15.1387,15.1594,15.0935,15.0929,15.0638,15.1197,15.1259,15.1736,15.1862,15.2808,15.2585,15.2905,15.2953,15.2467,15.3113,15.3289,15.5033,15.5519,15.5484,15.5385,15.4904,15.4494,15.4843,15.475,15.441,15.4568,15.4663,15.4878,15.4545,15.4639,15.5269,15.5357,15.6154,15.6,15.5906,15.6279,15.6821,15.7184,15.7371,15.6932,15.7345,15.7528,15.7654,15.7667,15.8564,15.8462,15.9126,15.9293,15.973,15.9516,15.9305,15.9468,15.9683,15.9474,15.9581,15.9375,16.0052,16.0103,16.0564,16.1122,16.1777,16.2071,16.201
15.28,15.2475,15.1471,15.0388,15,15.0476,14.9811,14.8879,14.787,14.6881,14.6364,14.6757,14.6696,14.6018,14.6316,14.6696,14.6638,14.6923,14.678,14.6807,14.65,14.6942,14.7951,14.7398,14.7661,14.8,14.7937,14.8898,14.8438,14.8217,14.8308,14.7786,14.9242,14.9699,15.0149,15.037,15.0368,15.0292,15.029,15.0863,15.0857,15.0638,15.1056,15.1538,15.0833,15.1655,15.1918,15.2041,15.2162,15.2148,15.2,15.2384,15.2368,15.2549,15.2597,15.3806,15.3782,15.4076,15.4367,15.4151,15.425,15.4161,15.4074,15.4785,15.4817,15.5394,15.494,15.5269,15.6131,15.6036,15.6824,15.6667,15.6337,15.6763,15.6379,15.6743,15.6705,15.6441,15.6124,15.6536,15.6389,15.6243,15.5769,15.6011,15.663,15.6432,15.5914,15.6364,15.7287,15.7249,15.7105,15.6649,15.7083,15.6736,15.6701,15.6718,15.6786,15.7107,15.7677,15.7437
15.2,15.198,15.1667,15.068,15.0288,15.0476,14.9717,14.8692,14.9074,14.8349,14.8091,14.8018,14.7679,14.7345,14.7368,14.6783,14.681,14.6752,14.7034,14.6723,14.7167,14.6942,14.8525,14.8455,14.9274,15,15.0556,15.0551,15.0703,15,15.1,15.2061,15.2121,15.3083,15.3806,15.3556,15.375,15.4015,15.471,15.4748,15.4929,15.5106,15.5211,15.5385,15.5625,15.5448,15.5342,15.619,15.5743,15.5302,15.54,15.5232,15.5658,15.6144,15.5974,15.5484,15.5513,15.5541,15.5633,15.5849,15.6125,15.6708,15.7284,15.7975,15.7988,15.8061,15.8313,15.8743,15.9048,15.8698,15.8118,15.7953,15.7849,15.815,15.7874,15.7829,15.7273,15.7119,15.691,15.6983,15.6667,15.6464,15.6264,15.7104,15.7554,15.7568,15.7742,15.7594,15.8032,15.7989,15.8263,15.7906,15.7969,15.7979,15.7732,15.7282,15.699,15.7208,15.7374,15.7387
15.29,15.3366,15.3922,15.4175,15.3846,15.3048,15.1981,15.1495,15.0833,15.0275,14.9455,14.8649,14.8214,14.7522,14.7281,14.8435,14.8276,14.7778,14.7458,14.7983,14.8167,14.7934,14.7787,14.8618,14.9274,14.936,14.9286,14.9291,14.9688,15,15.0308,15.0611,15.1136,15.0827,15.0746,15.0519,14.9926,15.1095,15.1522,15.1727,15.1286,15.1915,15.1901,15.1958,15.1736,15.1655,15.089,15.0884,15.0743,15.1611,15.22,15.1788,15.2039,15.1242,15.0844,15.0581,15.0962,15.1338,15.1456,15.1572,15.1312,15.205,15.1914,15.2025,15.2866,15.2909,15.3012,15.3413,15.3988,15.3314,15.4353,15.5497,15.593,15.6763,15.7471,15.7314,15.7102,15.6949,15.6742,15.6592,15.6222,15.6796,15.6538,15.6175,15.5815,15.5081,15.4785,15.492,15.5638,15.5714,15.6316,15.6963,15.6719,15.7098,15.6959,15.7026,15.7398,15.7208,15.7222,15.6734
15.25,15.1881,15.0882,15.0194,14.9135,14.8,14.7358,14.6262,14.5741,14.5872,14.6545,14.6216,14.6696,14.7522,14.8684,14.8957,14.8621,14.7692,14.7119,14.6555,14.65,14.6694,14.8279,14.813,14.8548,14.84,14.9206,14.9921,15.0938,15.062,15.2538,15.2977,15.303,15.2857,15.3134,15.3259,15.25,15.3212,15.4493,15.5396,15.5571,15.5603,15.5845,15.5734,15.5903,15.5586,15.5959,15.5782,15.5676,15.6107,15.5667,15.543,15.6382,15.6797,15.7727,15.7677,15.7949,15.8471,15.9051,15.9245,15.9062,15.8944,16.0185,16.0736,16.061,16.0485,16.0904,16.0419,16.0536,16,16.0118,16.0058,16.0523,16.0058,16.069,16.1029,16.0625,16.0904,16.1067,16.095,16.1389,16.2155,16.1978,16.306,16.3913,16.3676,16.3656,16.3369,16.3138,16.2593,16.3105,16.2356,16.1979,16.1917,16.1546,16.1231,16.1429,16.1574,16.1667,16.1357
15.17,15.0396,14.9412,14.8738,14.8558,14.7714,14.7075,14.729,14.7222,14.7064,14.7636,14.6757,14.6071,14.6637,14.6579,14.7391,14.8534,14.8547,14.839,14.8571,14.925,14.9504,15.0328,15.065,15.1371,15.136,15.1825,15.1969,15.2344,15.2558,15.3308,15.458,15.4545,15.4361,15.5448,15.4815,15.4485,15.4672,15.587,15.6043,15.6714,15.773,15.7817,15.8252,15.9306,15.9034,15.8836,15.8707,15.8716,15.9262,15.88,15.8411,15.8487,15.8366,15.8766,15.8581,15.8846,15.879,15.9494,16.0818,16.1,16.087,16.0494,16.0061,16.0061,16.0606,16.0542,16.1078,16.125,16.1716,16.2059,16.2865,16.3314,16.3121,16.3103,16.3143,16.2898,16.2599,16.2978,16.2793,16.25,16.221,16.2857,16.306,16.288,16.2919,16.3011,16.3316,16.3777,16.3545,16.3263,16.4084,16.4375,16.4404,16.4639,16.4769,16.4847,16.4772,16.5758,16.608
15.25,15.2376,15.2157,15.1942,15.1346,15.0571,14.9623,14.8785,14.8148,14.7982,14.7455,14.7658,14.7857,14.8938,14.8333,14.8087,14.8879,14.8889,14.8305,14.7899,14.7833,14.8017,14.8033,14.8699,14.871,14.928,15,15,15.0234,15.0775,15.1615,15.1756,15.1515,15.1429,15.1493,15.1704,15.2132,15.2482,15.3406,15.3741,15.4214,15.4468,15.5423,15.6084,15.5556,15.5034,15.4658,15.5578,15.5878,15.5906,15.6,15.5298,15.4934,15.4902,15.5455,15.5097,15.5128,15.5541,15.538,15.6038,15.7063,15.7329,15.7778,15.7669,15.7744,15.7455,15.8012,15.7904,15.7798,15.7337,15.7176,15.7544,15.7558,15.7399,15.7586,15.8114,15.8352,15.7966,15.7528,15.7765,15.7389,15.7238,15.7253,15.6831,15.6739,15.6595,15.6667,15.6417,15.5904,15.5926,15.6474,15.6963,15.6823,15.7047,15.6804,15.6513,15.6735,15.665,15.6566,15.6985
15.27,15.1782,15.049,15.0971,15.0096,14.9619,14.9906,14.9065,14.8519,14.7615,14.7182,14.6486,14.6161,14.5929,14.6228,14.5826,14.7241,14.7607,14.7373,14.7647,14.7417,14.7521,14.7377,14.7398,14.7419,14.752,14.7778,14.8189,14.8125,14.8915,14.9769,15.0153,15,15.0376,15.0522,14.9852,15.1103,15.2117,15.2029,15.3165,15.3857,15.4681,15.4155,15.4965,15.4444,15.469,15.4521,15.449,15.4189,15.4228,15.5,15.4834,15.5526,15.6405,15.6688,15.6839,15.6026,15.5924,15.538,15.6101,15.5563,15.6025,15.6543,15.6871,15.7012,15.6667,15.6325,15.7365,15.8512,15.9112,15.9647,15.9825,16,16.052,16.046,16.0457,16.0568,16.0904,16.0787,16.0559,16.1056,16.0994,16.0659,16.0546,16.0815,16.0973,16.2204,16.1925,16.2606,16.2963,16.3368,16.2775,16.2396,16.2124,16.1856,16.2256,16.3265,16.2995,16.4141,16.5025
15.21,15.1089,15.1275,15.0874,14.9904,14.981,15.0283,14.9252,14.8241,14.7339,14.7636,14.7387,14.7321,14.6372,14.5965,14.5391,14.5776,14.6838,15.0169,15.0084,15.0583,15.0248,15.0574,15.0325,14.9677,15.128,15.1905,15.1969,15.125,15.2171,15.2846,15.3359,15.3182,15.4662,15.4328,15.3852,15.375,15.4307,15.4928,15.4964,15.4714,15.5177,15.507,15.4476,15.5278,15.4966,15.5205,15.4558,15.4797,15.5235,15.5067,15.5099,15.5921,15.6732,15.6234,15.6452,15.6731,15.6561,15.7342,15.7736,15.7438,15.7205,15.7469,15.7239,15.7988,15.8061,15.8855,15.9281,15.9405,15.9586,15.9353,15.9766,15.9651,15.9422,15.908,15.9257,15.9375,15.9435,15.9551,15.9274,15.9,15.8729,15.8956,15.9617,16,16.027,15.9839,15.9733,15.9362,15.9418,15.9105,15.9319,15.9062,15.9482,15.9948,16.0359,15.9796,15.9848,15.9444,15.9196
15.25,15.1287,15.0392,14.9612,14.8846,14.819,14.7547,14.6636,14.6019,14.5229,14.5,14.4865,14.4375,14.4602,14.5263,14.6,14.5776,14.5214,14.5593,14.5462,14.575,14.6033,14.5984,14.5691,14.621,14.68,14.7381,14.8976,14.8594,14.8217,14.7846,14.8015,14.8864,14.8947,15.0299,15.0741,15.0368,15.0073,15,14.9568,15.0214,15.0496,15.0493,15.049,15.0556,15.0897,15.1233,15.1497,15.1824,15.1342,15.18,15.1722,15.2105,15.1895,15.1623,15.2129,15.2372,15.3248,15.3038,15.3836,15.4563,15.4286,15.537,15.6135,15.6037,15.5636,15.5783,15.5749,15.5952,15.6331,15.6471,15.6491,15.6337,15.659,15.7126,15.7486,15.7386,15.8192,15.9045,15.905,15.9,15.9392,15.9121,15.9071,15.9674,15.9405,16.0376,16.0107,16.0053,16.0317,16.0526,16.1675,16.1667,16.1658,16.2371,16.2821,16.3418,16.3198,16.3838,16.392
15.21,15.1485,15.0588,14.9903,14.9327,14.819,14.717,14.6168,14.5926,14.5229,14.5091,14.6577,14.6875,14.6372,14.5526,14.5391,14.5603,14.4872,14.5254,14.5378,14.5583,14.595,14.5902,14.6098,14.6774,14.728,14.7222,14.9134,14.9609,14.9845,15.0154,15.0458,15.0985,15.1278,15.1791,15.163,15.1765,15.1825,15.1304,15.2014,15.1929,15.2695,15.4085,15.3636,15.2917,15.2897,15.2945,15.3878,15.3716,15.349,15.3667,15.3775,15.4079,15.451,15.4026,15.4,15.3333,15.3312,15.3861,15.4465,15.575,15.5776,15.5741,15.5951,15.5976,15.5697,15.5843,15.6168,15.625,15.6568,15.6412,15.6199,15.6221,15.6763,15.6897,15.6971,15.6761,15.6723,15.6573,15.6872,15.7222,15.7017,15.6703,15.7049,15.8533,15.8324,15.8065,15.8182,15.8404,15.836,15.8368,15.822,15.8438,15.9585,16.0361,16.0718,16.0714,16.1269,16.1919,16.2513
15.2,15.1683,15.0882,14.9709,14.8846,14.9905,14.9811,14.9533,14.9907,14.9358,14.8909,14.8559,14.8304,14.7876,14.7807,14.7652,14.7328,14.7265,14.7203,14.7815,14.775,14.7603,14.8033,14.8211,14.8629,14.944,14.9683,14.937,14.8906,14.9922,15.0077,14.9695,14.9697,14.985,15.0672,15.1185,15.1765,15.2555,15.2826,15.4029,15.4,15.3617,15.4507,15.6014,15.6389,15.6483,15.7603,15.8231,15.8041,15.8456,15.9,16.053,16.0329,16.098,16.0779,16.0323,16.0897,16.1083,16.1203,16.0755,16.0125,15.9752,15.9877,16.0368,16.0122,16.097,16.0422,16.012,16.0238,16.0059,15.9706,15.9415,15.9535,16.0116,15.9943,16.0057,16.017,16.0169,16.0281,16.0726,16.0611,16.0829,16.0824,16.1202,16.1739,16.227,16.1667,16.1283,16.2181,16.2487,16.2316,16.2356,16.3073,16.3627,16.3247,16.3949,16.3571,16.3503,16.3737,16.4221
15.2,15.1485,15.0686,14.9903,14.9038,14.8095,14.7453,14.7664,14.7037,14.633,14.6545,14.6396,14.6964,14.6637,14.7193,14.7478,14.7759,14.9487,14.9492,14.9748,14.975,14.9669,14.9344,14.8862,14.8629,14.832,14.8968,15.0157,14.9766,15,15,15.0687,15.1061,15.1053,15.1567,15.2148,15.25,15.2336,15.413,15.482,15.5214,15.5603,15.5634,15.5594,15.5833,15.5379,15.5342,15.517,15.473,15.5772,15.56,15.649,15.6908,15.7386,15.7338,15.7355,15.7179,15.7834,15.7468,15.7547,15.75,15.7267,15.7469,15.7485,15.7439,15.7879,15.8253,15.8743,15.881,15.8935,15.8882,15.8772,15.907,15.9364,15.9138,15.9543,15.9489,15.9096,15.9157,15.9218,15.9222,15.884,15.8791,15.8525,15.875,15.8703,15.9194,15.9251,15.8883,15.8519,15.8,15.7906,15.75,15.7927,15.732,15.7077,15.6582,15.6599,15.6616,15.6734
15.18,15.1287,15.0294,14.932,14.8462,14.7619,14.783,14.8224,14.8889,14.9908,15.0091,14.973,14.8839,14.8053,14.8509,14.8261,14.819,15.0256,15.0424,15,14.9917,14.9917,14.959,15.1138,15.0726,15.032,14.9921,15.1181,15.125,15.093,15.1231,15.084,15.0833,15.1504,15.2239,15.2444,15.2941,15.2774,15.2319,15.295,15.3143,15.4326,15.5704,15.5315,15.5972,15.6276,15.5822,15.6259,15.5811,15.5369,15.5533,15.596,15.6316,15.6471,15.6494,15.6065,15.6218,15.7006,15.7975,15.8679,15.8688,15.8571,15.963,16.0123,16.122,16.097,16.0904,16.0838,16.1369,16.1361,16.1176,16.0994,16.0407,16.0578,16.1034,16.1429,16.1705,16.2429,16.2921,16.324,16.2667,16.2928,16.3297,16.306,16.3098,16.3892,16.4032,16.4118,16.4043,16.4021,16.4158,16.4241,16.4219,16.4404,16.4845,16.4872,16.5051,16.4822,16.5606,16.6583
15.22,15.1287,15.0294,14.9515,14.8558,14.8095,14.7358,14.7009,14.6481,14.5596,14.5,14.4595,14.5,14.4867,14.5526,14.5478,14.6034,14.5983,14.6102,14.6471,14.6167,14.6033,14.7951,14.7561,14.7984,14.784,14.8413,14.7953,14.8359,14.8837,14.8,14.8397,14.8409,14.8271,14.8881,14.8519,14.8676,14.854,14.9275,14.9137,15.0071,14.9574,14.9718,15.035,15.0208,14.9724,14.9452,15.0544,15.0338,15.0671,15.08,15.0662,15.0987,15.1111,15.1169,15.1484,15.1218,15.1083,15.1076,15.0943,15.0875,15.0745,15.0247,15.0245,15.0244,15.097,15.1145,15.1018,15.1369,15.1302,15.2471,15.2047,15.1628,15.1965,15.1609,15.1771,15.233,15.3051,15.309,15.2849,15.2722,15.2873,15.2637,15.2568,15.2772,15.2919,15.2903,15.2513,15.2394,15.2381,15.2263,15.2304,15.2344,15.2124,15.201,15.2256,15.2653,15.2995,15.3434,15.3417
15.22,15.1287,15.1569,15.1068,15.1154,15.0762,15.0377,15,14.9815,15,14.9455,14.9279,14.9107,14.8673,14.7895,14.7826,14.7759,14.812,14.8051,14.7815,14.8583,14.7851,14.8852,14.9593,14.9435,14.904,14.9206,14.8819,14.9297,14.9147,14.8846,14.8855,14.8712,14.8346,14.8284,14.9111,14.9706,14.9489,14.9493,14.964,15,15.0426,15.1127,15.0629,15.1528,15.2138,15.2466,15.3537,15.3378,15.3221,15.38,15.3642,15.3618,15.4183,15.3961,15.471,15.5449,15.5605,15.5949,15.673,15.7063,15.7019,15.6481,15.6012,15.5854,15.5576,15.494,15.4491,15.5,15.5148,15.5647,15.5906,15.6279,15.6474,15.6437,15.6343,15.5852,15.5819,15.6292,15.6536,15.7056,15.768,15.8736,15.8525,15.913,15.8757,15.8333,15.7968,15.8457,15.8095,15.8316,15.801,15.7656,15.8031,15.8557,15.8564,15.9388,16.0254,16.0808,16.0854
